source,current_name,module,kind,parameters
python,ability_standard_error,fast_mlsirm._cat_administration_resource_safety,function,"bank, factor_id, theta, administered=None, model='MLS2PLM'"
python,fit,fast_mlsirm._fit_public,function,"responses, factor_id, config=None, mask=None, group_id=None, cluster_id=None, anchors=None, covariate=None"
python,AssembledForm,fast_mlsirm.ata,class,"items, achieved_info, target_info, shortfall, content_counts"
python,assemble_to_target,fast_mlsirm.ata,function,"bank, factor_id, target_thetas, target_info, length, model='MLS2PLM', content=None, min_per_content=None, max_per_content=None, exclude=None, exposure_counts=None, exposure_max=None, seed=0"
python,item_information_matrix,fast_mlsirm.ata,function,"bank, factor_id, target_thetas, model='MLS2PLM'"
python,load_rust_core,fast_mlsirm.backend,function,
python,normalize_backend,fast_mlsirm.backend,function,name
python,normalize_device,fast_mlsirm.backend,function,name
python,normalize_production_backend,fast_mlsirm.backend,function,name
python,resolve_backend,fast_mlsirm.backend,function,name
python,resolve_reference_backend,fast_mlsirm.backend,function,name='numpy'
python,BifactorBootstrapResult,fast_mlsirm.bifactor_bootstrap,class,"n_requested, n_replicates, n_converged, converged, stopped_early, ci_level, n_groups, replicate_a_general, replicate_a_specific, replicate_threshold, replicate_general_mean, replicate_general_sd, replicate_specific_sd, replicate_loglik, se_a_general, se_a_specific, se_threshold, se_general_mean, se_general_sd, se_specific_sd, ci_lower_a_general, ci_upper_a_general, ci_lower_a_specific, ci_upper_a_specific, ci_lower_threshold, ci_upper_threshold, wall_clock_seconds, throughput_replicates_per_second, device='cpu'"
python,run_bifactor_bootstrap,fast_mlsirm.bifactor_bootstrap,function,"responses, specific_map, n_cat, n_specific, n_replicates, batch_size, mc_stopping_ratio, compute_budget_seconds, q_general, q_specific, group_ids=None, n_groups=1, anchor_mask=None, n_jobs=-1, base_seed=42, device='cpu', ci_level=0.95, max_iter=500, tol=1e-06, n_starts=1, estimate_specific_vars=False"
python,BifactorGrmFipcFit,fast_mlsirm.bifactor_grm,class,"a_general, a_specific, threshold, general_mean, general_sd, specific_sd, theta_g_eap, theta_g_sd, category_counts, n_cat, n_specific, loglik_trace, n_iter, converged, termination_reason, final_loglik_change, n_parameters"
python,BifactorGrmFit,fast_mlsirm.bifactor_grm,class,"a_general, a_specific, threshold, theta_g_eap, theta_g_sd, category_counts, n_cat, n_specific, loglik_trace, n_iter, converged, termination_reason, final_loglik_change, best_start, n_parameters"
python,fit_bifactor_grm,fast_mlsirm.bifactor_grm,function,"responses, specific_map, n_cat, n_specific, q_general, q_specific, max_iter=500, tol=1e-06, n_starts=1, seed=11400714819323198485, device='cpu'"
python,fit_bifactor_grm_fipc,fast_mlsirm.bifactor_grm,function,"responses, specific_map, n_cat, n_specific, anchor, fixed_a_general, fixed_a_specific, fixed_threshold, q_general=21, q_specific=11, max_iter=500, tol=1e-06, newton_iter=10, ridge=1e-08, estimate_specific_vars=False"
python,BifactorMultigroupFit,fast_mlsirm.bifactor_multigroup,class,"a_general, a_specific, threshold, general_mean, general_sd, specific_sd, theta_g_eap, theta_g_sd, group_category_counts, n_cat, n_specific, n_groups, loglik_trace, n_iter, converged, termination_reason, final_loglik_change, best_start, n_parameters"
python,fit_bifactor_grm_multigroup,fast_mlsirm.bifactor_multigroup,function,"responses, group, specific_map, n_cat, n_specific, anchor_mask=None, q_general, q_specific, max_iter=500, tol=1e-06, n_starts=1, seed=11400714819323198485, estimate_specific_vars=False, device='cpu'"
python,bifactor_lord_wingersky,fast_mlsirm.bifactor_recursion,function,"a_general, a_specific, thresholds, item_domains, n_cat, n_domains, theta_general, theta_specific, weights_specific"
python,direct_enumeration_bifactor,fast_mlsirm.bifactor_recursion,function,"a_general, a_specific, thresholds, item_domains, n_cat, n_domains, theta_general, theta_specific, weights_specific"
python,BifactorScoreabilityResult,fast_mlsirm.bifactor_scoreability,class,"factor_item_counts, is_strict_bifactor, puc, ecv_ss, ecv_sg, ecv_gs, item_ecv, omega_total, omega_hierarchical, construct_replicability"
python,bifactor_scoreability,fast_mlsirm.bifactor_scoreability,function,"loadings, uniquenesses, general_factor=0, zero_tolerance=0.0"
python,bifactor_scoreability_from_logit_slopes,fast_mlsirm.bifactor_scoreability,function,"logit_slopes, general_factor=0, zero_tolerance=0.0"
python,AbilityEstimate,fast_mlsirm.cat,class,"theta, se, method, finite"
python,AdaptiveTestResult,fast_mlsirm.cat,class,"administered, responses, theta, se, theta_trace=<factory>, se_trace=<factory>, n_items=0, stop_reason='', method='eap'"
python,administer_adaptive_test,fast_mlsirm.cat,function,"bank, factor_id, respond, model='MLS2PLM', ability_method='eap', prior_mean=0.0, prior_sd=1.0, max_items=None, se_threshold=None, min_items=1, n_quad=41, quad_range=6.0"
python,estimate_ability_eap,fast_mlsirm.cat,function,"bank, factor_id, administered, responses, model='MLS2PLM', prior_mean=0.0, prior_sd=1.0, n_quad=41, quad_range=6.0"
python,estimate_ability_mle,fast_mlsirm.cat,function,"bank, factor_id, administered, responses, model='MLS2PLM', start=None, max_iter=50, tol=1e-06, bound=6.0"
python,select_max_information_item,fast_mlsirm.cat,function,"bank, factor_id, theta, administered=None, model='MLS2PLM'"
python,simulate_adaptive_test,fast_mlsirm.cat,function,"bank, factor_id, true_theta, model='MLS2PLM', seed=0, ability_method='eap', prior_mean=0.0, prior_sd=1.0, max_items=None, se_threshold=None, min_items=1, n_quad=41, quad_range=6.0"
python,CdmFit,fast_mlsirm.cdm,class,"model, slip, guess, profile_prob, map_profile, attr_prob, loglik_trace, n_iter, converged, n_parameters"
python,GdinaFit,fast_mlsirm.cdm,class,"item_off, item_prob, item_delta, k_required, profile_prob, map_profile, attr_prob, loglik_trace, n_iter, converged, n_parameters"
python,HoCdmFit,fast_mlsirm.cdm,class,"model, slip, guess, attr_slope, attr_intercept, profile_prob, theta, map_profile, attr_prob, loglik_trace, n_iter, converged, max_iter, termination_reason, final_loglik_change, stopping_tolerance, n_parameters"
python,HoGdinaFit,fast_mlsirm.cdm,class,"item_off, item_prob, item_delta, k_required, attr_slope, attr_intercept, profile_prob, theta, map_profile, attr_prob, loglik_trace, n_iter, converged, termination_reason, final_loglik_change, final_relative_loglik_change, stopping_tolerance, n_parameters"
python,QMatrixValidation,fast_mlsirm.cdm,class,"suggested_q, suggested_pvaf, provisional_pvaf, flagged, epsilon, calibration_n_iter, calibration_max_iter, calibration_termination_reason, calibration_final_loglik_change, calibration_tol"
python,SeqGdinaFit,fast_mlsirm.cdm,class,"s_off, step_prob, cat_off, cat_prob, max_cat, k_required, profile_prob, map_profile, attr_prob, loglik_trace, n_iter, converged, termination_reason, final_loglik_change, final_relative_loglik_change, stopping_tolerance, n_parameters"
python,SeqGdinaQrFit,fast_mlsirm.cdm,class,"step_off, spo, step_prob, step_kq, cat_off, cat_prob, max_cat, union_k, profile_prob, map_profile, attr_prob, loglik_trace, n_iter, converged, termination_reason, final_loglik_change, final_relative_loglik_change, stopping_tolerance, n_parameters"
python,WaldModelSelection,fast_mlsirm.cdm,class,"models, wald_stat, wald_df, p_value, selected, alpha"
python,fit_cdm,fast_mlsirm.cdm,function,"responses, q_matrix, model='dina', max_iter=500, tol=1e-06"
python,fit_gdina,fast_mlsirm.cdm,function,"responses, q_matrix, max_iter=500, tol=1e-06"
python,fit_ho_cdm,fast_mlsirm.cdm,function,"responses, q_matrix, model='dina', max_iter=500, tol=1e-06"
python,fit_ho_gdina,fast_mlsirm.cdm,function,"responses, q_matrix, max_iter=500, tol=1e-06"
python,fit_seq_gdina,fast_mlsirm.cdm,function,"responses, q_matrix, max_iter=500, tol=1e-06"
python,fit_seq_gdina_qr,fast_mlsirm.cdm,function,"responses, step_q, n_steps, max_iter=500, tol=1e-06"
python,gdina_wald_selection,fast_mlsirm.cdm,function,"responses, q_matrix, alpha=0.05, max_iter=500, tol=1e-06"
python,validate_q_matrix,fast_mlsirm.cdm,function,"responses, provisional_q, epsilon=0.95, max_iter=500, tol=1e-06"
python,ClassificationResult,fast_mlsirm.classification,class,"per_cut_accuracy, per_cut_consistency, simultaneous_accuracy, simultaneous_consistency, conditional_accuracy, conditional_consistency, conditional_simultaneous_accuracy, conditional_simultaneous_consistency"
python,HansonBrennanResult,fast_mlsirm.classification,class,"lords_k, true_score_moments, lower, upper, alpha, beta, used_two_parameter, p_tp, p_fp, p_tf, p_ff, accuracy, sensitivity, specificity, p_ii, p_ij, p_ji, p_jj, consistency, chance_consistency, kappa"
python,LivingstonLewisResult,fast_mlsirm.classification,class,"effective_test_length, etl_rounded, lower, upper, alpha, beta, used_two_parameter, p_tp, p_fp, p_tf, p_ff, accuracy, sensitivity, specificity, p_ii, p_ij, p_ji, p_jj, consistency, chance_consistency, kappa"
python,LivingstonResult,fast_mlsirm.classification,class,"mean, var, msd, k2"
python,SubkoviakResult,fast_mlsirm.classification,class,"alpha, p_hat, per_person, agreement, chance_agreement, kappa"
python,WoodruffSawyerResult,fast_mlsirm.classification,class,"pass_rate, phi_half, theta_half, phi, theta, pi00, pi01, pi11"
python,hanson_brennan,fast_mlsirm.classification,function,"scores, n_items, reliability, cut, two_parameter=False"
python,hanson_brennan_from_params,fast_mlsirm.classification,function,"n_items, lords_k, lower, upper, alpha, beta, cut"
python,lee_classification,fast_mlsirm.classification,function,"probs, cutscores, weights=None"
python,livingston_correlation,fast_mlsirm.classification,function,"x, y, cut_x, cut_y"
python,livingston_k2,fast_mlsirm.classification,function,"scores, cut, reliability, n_lengths=(1.0,)"
python,livingston_lewis,fast_mlsirm.classification,function,"scores, reliability, min_score, max_score, cut"
python,rudner_classification,fast_mlsirm.classification,function,"theta, sem, cutscores, weights=None"
python,subkoviak_agreement,fast_mlsirm.classification,function,"scores, n_items, cuts, alpha=None"
python,woodruff_sawyer_normal,fast_mlsirm.classification,function,"mean, sd, cut, r_half"
python,woodruff_sawyer_sb,fast_mlsirm.classification,function,counts
python,main,fast_mlsirm.cli,function,argv=None
python,FitConfig,fast_mlsirm.config,class,"model='MLS2PLM', latent_dim=2, optimizer='adam_lbfgs', estimator='jmle', max_iter=1000, n_restarts=5, learning_rate=0.01, seed=1, eps_distance=1e-08, init_gamma=1.0, tolerance=1e-06, gradient_clip=100.0, lbfgs_history=10, verbose=0, backend='auto', rust_device='auto', penalty=PenaltyConfig(lambda_theta=0.01, lambda_xi=0.01, lambda_zeta=0.01, lambda_b=0.001, lambda_alpha=0.001, lambda_tau=0.001, mu_alpha=0.0, mu_tau=0.0), q_theta=21, q_xi=11, q_u=15, m_steps=4, xi_rule='gh', xi_points=256, xi_seed=0, zero_inflation=False"
python,MLS2PLMConfig,fast_mlsirm.config,class,"n_persons=500, n_dims=2, items_per_dim=8, latent_dim=2, phi=0.3, gamma=1.5, seed=1, dtype='float64'"
python,PenaltyConfig,fast_mlsirm.config,class,"lambda_theta=0.01, lambda_xi=0.01, lambda_zeta=0.01, lambda_b=0.001, lambda_alpha=0.001, lambda_tau=0.001, mu_alpha=0.0, mu_tau=0.0"
python,CrmFit,fast_mlsirm.crm,class,"slope, intercept, resid_sd, discrimination, difficulty, theta, loglik_trace, n_iter, converged, n_parameters, termination_reason='unknown', final_delta=nan, stopping_tolerance=nan"
python,fit_crm,fast_mlsirm.crm,function,"responses, q_theta=41, max_iter=500, tol=1e-06"
python,ComparisonEngine,fast_mlsirm.cross_engine_conformance,class,"engine_id, engine_version, source_reference, license_classification"
python,ConformanceCapability,fast_mlsirm.cross_engine_conformance,class,"capability_id, public_entrypoint, estimand, likelihood_family, parameterization, identification, comparison_scope, coverage_status, evidence, schema_version='1.0'"
python,ConformanceCoverageStatus,fast_mlsirm.cross_engine_conformance,class,*values
python,ConformanceEnvironmentKind,fast_mlsirm.cross_engine_conformance,class,*values
python,ConformanceEvidence,fast_mlsirm.cross_engine_conformance,class,"evidence_id, engine, layer, execution_status, parameter_mapping_version, parameter_mapping_sha256, fixture_sha256, environment_sha256, artifact_sha256=None, limitation=None"
python,ConformanceExecutionStatus,fast_mlsirm.cross_engine_conformance,class,*values
python,ConformanceInventory,fast_mlsirm.cross_engine_conformance,class,"package_version, source_commit, capabilities, schema_version='1.0', run_provenance=None"
python,ConformanceLayer,fast_mlsirm.cross_engine_conformance,class,*values
python,ConformanceRedistributionStatus,fast_mlsirm.cross_engine_conformance,class,*values
python,ConformanceRunProvenance,fast_mlsirm.cross_engine_conformance,class,"harness_commit, environment_sha256, environment_kind, operating_system, architecture, rng_algorithm, rng_seeds, mapping_schema_version, mapping_sha256, model_configuration_sha256, convergence_controls_sha256, tolerance_sha256, tolerance_rationale, raw_output_sha256, normalized_output_sha256, license_classification, redistribution_status"
python,render_conformance_long_form_json,fast_mlsirm.cross_engine_report,function,manifest_json
python,render_conformance_report,fast_mlsirm.cross_engine_report,function,manifest_json
python,DeltaPlotResult,fast_mlsirm.deltaplot,class,"props, adj_props, deltas, dist, axis_par, thresholds, dif_items, n_iter, converged"
python,delta_plot,fast_mlsirm.deltaplot,function,"responses, group, threshold='norm', alpha=0.05, fixed_threshold=1.5, extreme='constraint', const_range=(0.001, 0.999), nr_add=1, purify=None, max_iter=10"
python,DetectResult,fast_mlsirm.detect,class,"detect, assi, ratio, madcov100, mcov100, n_pairs, pair_i, pair_j, ccov"
python,DimtestResult,fast_mlsirm.detect,class,"t, t_l, t_b, p_value, groups_used, n_discarded, retained_pt_scores"
python,detect_analysis,fast_mlsirm.detect,function,"responses, cluster"
python,dimtest,fast_mlsirm.detect,function,"responses, at1, at2"
python,align_latent_space,fast_mlsirm.diagnostics,function,"true_xi, true_zeta, est_xi, est_zeta, method='procrustes'"
python,dimensionality_diagnostics,fast_mlsirm.diagnostics,function,"responses, factor_id, latent_dims, config=None, mask=None, model='MLS2PLM', k_folds=5, seed=1, eps=1e-12, require_experiment_readiness=False"
python,fit_diagnostics,fast_mlsirm.diagnostics,function,"responses, params, factor_id, mask=None, model='MLS2PLM', parameter_count=None, eps=1e-12, group_id=None, cluster_id=None, include_m2=False, m2_q_theta=21, m2_q_u=11, m2_q_xi=11, estimator=None, population=None, convergence_status=None"
python,fixed_item_calibration_diagnostics,fast_mlsirm.diagnostics,function,"responses, candidate_probabilities, fixed_items=None, mask=None, item_type='polytomous', response_process='cumulative', itemfit_penalty_weight=1.0, eps=1e-12"
python,predict_proba,fast_mlsirm.diagnostics,function,"params, factor_id, persons=None, items=None, model='MLS2PLM'"
python,recovery_report,fast_mlsirm.diagnostics,function,"truth, estimate, align=True"
python,response_process_dimensionality_diagnostics,fast_mlsirm.diagnostics,function,"responses, candidate_probabilities, mask=None, item_type='polytomous', response_process='cumulative', eps=1e-12"
python,response_process_fit_diagnostics,fast_mlsirm.diagnostics,function,"responses, probabilities, mask=None, item_type='polytomous', response_process='cumulative', eps=1e-12, group_id=None, cluster_id=None"
python,breslow_day_dif,fast_mlsirm.dif,function,"responses, group, exclude_studied_item=False, fdr_q=0.05"
python,gmh_dif,fast_mlsirm.dif,function,"responses, group"
python,logistic_dif,fast_mlsirm.dif,function,"responses, group, exclude_studied_item=False, fdr_q=0.05, max_iter=50"
python,logistic_dif_purified,fast_mlsirm.dif,function,"responses, group, exclude_studied_item=False, fdr_q=0.05, max_iter=50, max_rounds=3, min_anchor_items=4"
python,mantel_haenszel_dif,fast_mlsirm.dif,function,"responses, group, exclude_studied_item=False, fdr_q=0.05"
python,mantel_haenszel_dif_purified,fast_mlsirm.dif,function,"responses, group, exclude_studied_item=False, fdr_q=0.05, max_rounds=3, min_anchor_items=4"
python,mantel_smd_dif,fast_mlsirm.dif,function,"responses, group"
python,raju_area,fast_mlsirm.dif,function,"a_ref, b_ref, se_a_ref, se_b_ref, cov_ab_ref, a_foc, b_foc, se_a_foc, se_b_foc, cov_ab_foc, guess=None, signed=False, alpha=0.05"
python,sibtest,fast_mlsirm.dif,function,"responses, group, fdr_q=0.05, j_min=5"
python,EbDifResult,fast_mlsirm.ebdif,class,"mu, tau2, tau2_raw, weight, post_mean, post_var, cat_probs"
python,eb_mh_dif,fast_mlsirm.ebdif,function,"mh, se"
python,CircleArcResult,fast_mlsirm.equating,class,"equated, xc, yc, r2, collinear, middle, method"
python,EquateResult,fast_mlsirm.equating,class,"x_scores, y_equivalents, method, design, moments, slope, intercept, n_x, n_y, h_x=nan, h_y=nan"
python,circle_arc_equate,fast_mlsirm.equating,function,"scores, low, middle, high, method='arc2'"
python,circle_arc_middle_anchor,fast_mlsirm.equating,function,"m_xa, m_va, m_yb, s_yb, m_vb, s_vb"
python,composite_linking,fast_mlsirm.equating,function,"tables, weights, slopes=None, p=1.0"
python,equate_neat,fast_mlsirm.equating,function,"x_total, x_anchor, y_total, y_anchor, method='chained', k_x=None, k_y=None, k_v=None, w1=0.5"
python,equate_neat_linear,fast_mlsirm.equating,function,"x_total, x_anchor, y_total, y_anchor, method='tucker', anchor_kind='internal', k_x=None, k_y=None, w1=0.5"
python,equate_observed_scores,fast_mlsirm.equating,function,"x_scores, y_scores, method='equipercentile', k_x=None, k_y=None"
python,equate_observed_scores_kernel,fast_mlsirm.equating,function,"x_scores, y_scores, continuization='gaussian', k_x=None, k_y=None, smooth_x=None, smooth_y=None, bandwidth_x=None, bandwidth_y=None"
python,equating_standard_errors,fast_mlsirm.equating,function,"x_scores, y_scores, method='equipercentile', route='bootstrap', k_x=None, k_y=None, n_boot=1000, ci_level=0.95, seed=0"
python,loglinear_smooth,fast_mlsirm.equating,function,"counts, degree=6"
python,nominal_weights_mean_equate,fast_mlsirm.equating,function,"x_total, x_anchor, y_total, y_anchor, k_x, k_y, k_v, w1=0.5"
python,category_logprobs,fast_mlsirm.estimators.marginal,function,"base, scores, intercepts"
python,fit_gpcm_numpy,fast_mlsirm.estimators.marginal,function,"y, n_cat, q_theta=21, max_iter=80, tol=1e-06"
python,fit_marginal_numpy,fast_mlsirm.estimators.marginal,function,"y, observed, factor_id, model='MLS2PLM', n_dims=None, latent_dim=2, pop=None, q_theta=21, q_xi=11, q_u=15, max_iter=200, tol=1e-05, m_steps=4, init_zeta_radius=0.5, init_sigma_u=0.3, eps_distance=1e-08, penalty=None, xi_rule='gh', xi_points=256, xi_seed=0, anchors=None, zero_inflation=False, covariate=None"
python,gpcm_node_gradient,fast_mlsirm.estimators.marginal,function,"base, scores, intercepts, counts"
python,grm_category_logprobs,fast_mlsirm.estimators.marginal,function,"base, thresholds"
python,score_eap,fast_mlsirm.estimators.marginal,function,"y, observed, factor_id, alpha, b, zeta, tau, model='MLS2PLM', n_dims=None, q_theta=21, q_xi=11, eps_distance=1e-08"
python,fit_mmle_2pl,fast_mlsirm.estimators.mmle,function,"y, observed, n_nodes=41, max_iter=500, tol=1e-06, ridge_a=0.001, ridge_b=0.001, seed=1"
python,gauss_hermite_nodes,fast_mlsirm.estimators.mmle,function,n_nodes
python,AStratifiedResult,fast_mlsirm.exposure,class,"exposure, max_exposure, stratum, stage_lengths, theta_rmse, theta_bias"
python,SympsonHetterResult,fast_mlsirm.exposure,class,"k, exposure, selection, max_exposure, n_iter, converged, history_max_exposure"
python,a_stratified,fast_mlsirm.exposure,function,"a, b, c=None, n_strata=4, test_length=20, n_simulees=1000, seed=20250724, q_theta=41"
python,ccat_select,fast_mlsirm.exposure,function,"a, b, c=None, groups, targets, administered, theta0"
python,ci_classify,fast_mlsirm.exposure,function,"a, b, c=None, responses, theta_cut, z_crit"
python,epv_select,fast_mlsirm.exposure,function,"a, b, c=None, administered, mu, sig2"
python,flexilevel_administer,fast_mlsirm.exposure,function,"responses, n_persons, n_items"
python,flexilevel_score_distribution,fast_mlsirm.exposure,function,p
python,kl_information,fast_mlsirm.exposure,function,"a, b, c=None, theta0, delta"
python,kl_select,fast_mlsirm.exposure,function,"a, b, c=None, administered, theta0, n_administered, r=3.0"
python,owen_cat,fast_mlsirm.exposure,function,"a, b, c=None, responses, mu0=0.0, sig2_0=1.0, test_length, sig2_stop=None"
python,owen_update,fast_mlsirm.exposure,function,"a, b, c=0.0, correct, mu, sig2"
python,pyramidal_administer,fast_mlsirm.exposure,function,"b, n_stages, u, b_next=None"
python,sprt_classify,fast_mlsirm.exposure,function,"a, b, c=None, responses, theta_cut, delta, alpha=0.05, beta=0.05"
python,stradaptive_administer,fast_mlsirm.exposure,function,"stratum, difficulty, responses, entry_stratum, chance, min_items=5, max_items=40"
python,sympson_hetter,fast_mlsirm.exposure,function,"a, b, c=None, r_max=0.25, test_length=20, n_simulees=1000, max_iter=20, tol=0.02, seed=20250724, q_theta=41"
python,two_stage_route,fast_mlsirm.exposure,function,"x1, m1, a1, b1, b_meas, c"
python,two_stage_score,fast_mlsirm.exposure,function,"x1, m1, a1, b1, x2, m2, administered, a_meas, b_meas, c"
python,EvidenceClass,fast_mlsirm.external_validation,class,*values
python,EvidenceStatus,fast_mlsirm.external_validation,class,*values
python,ExternalValidationProfile,fast_mlsirm.external_validation,class,"validation_profile_id, construct, score_interpretation, population, setting, decision_use, assessment_fingerprint, rubric_fingerprint, item_bank_fingerprint, model_fingerprint, development_dataset_ids, internal_validation_dataset_ids, external_validation_dataset_ids, sites, languages, preregistration_reference, preregistered_at, analysis_cutoff, data_license, purpose_classification, evidence, schema_version='1.0'"
python,ValidationEvidence,fast_mlsirm.external_validation,class,"evidence_id, evidence_class, status, available_time, artifact_sha256=None, limitation=None"
python,FacetsFit,fast_mlsirm.facets,class,"item_difficulty, rater_severity, thresholds, theta, loglik_trace, n_iter, converged, connected, n_parameters"
python,fit_facets,fast_mlsirm.facets,function,"responses, n_cat=None, q_theta=41, max_iter=500, tol=1e-06"
python,GlbFaResult,fast_mlsirm.factor,class,"glb, communalities, nf"
python,MinresFaResult,fast_mlsirm.factor,class,"loadings, uniquenesses, communalities, objective, kkt_violation, n_iter, converged"
python,OmegaResult,fast_mlsirm.factor,class,"omega_total, fa"
python,VelicerMapResult,fast_mlsirm.factor,class,"f2, f4, retained_f2, retained_f4"
python,glb_fa,fast_mlsirm.factor,function,corr
python,glb_fa_from_data,fast_mlsirm.factor,function,data
python,minres_fa,fast_mlsirm.factor,function,"corr, n_factors"
python,minres_fa_from_data,fast_mlsirm.factor,function,"data, n_factors"
python,omega_total_1f,fast_mlsirm.factor,function,corr
python,omega_total_1f_from_data,fast_mlsirm.factor,function,data
python,velicer_map,fast_mlsirm.factor,function,"corr, max_m=None"
python,velicer_map_from_data,fast_mlsirm.factor,function,"data, max_m=None"
python,FactorRetentionDecision,fast_mlsirm.factor_retention,class,*values
python,FactorRetentionEvidence,fast_mlsirm.factor_retention,class,"method, candidate_count"
python,FactorRetentionMethod,fast_mlsirm.factor_retention,class,*values
python,FactorRetentionResult,fast_mlsirm.factor_retention,class,"decision, retained_count, candidate_range, evidence"
python,govern_factor_retention,fast_mlsirm.factor_retention,function,evidence
python,fit,fast_mlsirm.fit,function,"responses, factor_id, config=None, mask=None, group_id=None, cluster_id=None, anchors=None, covariate=None"
python,DIFResult,fast_mlsirm.fitstats,class,"item_codes, lr_statistic, df, p_value, flagged_bh, b_by_group, a_by_group, effect_size"
python,ItemScreeningResult,fast_mlsirm.fitstats,class,"kept_items, removed_items, rounds, final_result"
python,ItemScreeningRound,fast_mlsirm.fitstats,class,"round_index, kept_items, removed_items, reasons, flags=<factory>"
python,M2Result,fast_mlsirm.fitstats,class,"m2, df, p_value, rmsea2, rmsea2_ci_lower, rmsea2_ci_upper, srmsr, null_m2, null_df, cfi, tli, n_moments, n_parameters, n_complete, estimator='mmle', inference_valid=True, inference_note='', n_groups=1, n_clusters=None"
python,PersonFitResult,fast_mlsirm.fitstats,class,"lz, lz_star, flagged"
python,SX2Result,fast_mlsirm.fitstats,class,"statistic, g2_statistic, df, p_value, g2_p_value, flagged_bh, n_score_groups, rms_residual=None"
python,adjusted_chi2_pairs,fast_mlsirm.fitstats,function,"responses, factor_id, params, model, mask=None, q_theta=21, q_xi=11, eps_distance=1e-08"
python,benjamini_hochberg,fast_mlsirm.fitstats,function,"p_values, q=0.05"
python,chi2_sf,fast_mlsirm.fitstats,function,"x, df"
python,dif_analysis,fast_mlsirm.fitstats,function,"responses, factor_id, group_id, config=None, item_codes=None, studied_items=None, mask=None, fdr_q=0.05"
python,dimensionality_residuals,fast_mlsirm.fitstats,function,"responses, factor_id, params, model, mask=None, eps_distance=1e-08, convergence_status=None"
python,empirical_reliability,fast_mlsirm.fitstats,function,"result, device='auto'"
python,infit_outfit,fast_mlsirm.fitstats,function,"responses, factor_id, params, model, mask=None, eps_distance=1e-08"
python,m2,fast_mlsirm.fitstats,function,"responses, factor_id, params, model, mask=None, q_theta=21, q_xi=11, eps_distance=1e-08, estimator='mmle', prior_mean=None, prior_sd=None, estimate_population=False, fixed_items=None, tau_fixed=False"
python,m2_cmle_rasch,fast_mlsirm.fitstats,function,"responses, item_easiness, mask=None"
python,m2_multigroup,fast_mlsirm.fitstats,function,"responses, factor_id, params, model, group_id, population_mean, population_sd, mask=None, q_theta=21, q_xi=11, eps_distance=1e-08"
python,m2_multilevel,fast_mlsirm.fitstats,function,"responses, factor_id, params, model, cluster_id, sigma_u, mask=None, q_theta=21, q_u=11, q_xi=11, eps_distance=1e-08"
python,n_dims_of,fast_mlsirm.fitstats,function,d_of_i
python,person_fit,fast_mlsirm.fitstats,function,"responses, factor_id, params, model, mask=None, eps_distance=1e-08, prior_mean=None, flag_threshold=-1.645"
python,person_fit_resampling,fast_mlsirm.fitstats,function,"responses, factor_id, params, model, mask=None, prior_mean=None, n_replicates=200, seed=1, eps_distance=1e-08"
python,residual_item_fit,fast_mlsirm.fitstats,function,"responses, factor_id, params, model, mask=None, n_bins=10, eps_distance=1e-08"
python,s_x2,fast_mlsirm.fitstats,function,"responses, factor_id, params, model, mask=None, q_theta=21, q_xi=11, eps_distance=1e-08, prior_mean=None, min_expected=1.0, fdr_q=0.05, person_weight=None, min_effect=0.0"
python,select_items,fast_mlsirm.fitstats,function,"responses, factor_id, item_codes=None, config=None, mask=None, group_id=None, cluster_id=None, min_positive=20, fdr_q=0.05, sx2_min_effect=0.02, msq_band=(0.7, 1.3), min_discrimination=0.35, isolation_z=3.0, min_items_per_dim=4, max_rounds=5, min_flags_to_remove=2, person_flag_threshold=-1.645"
python,tcc_drift,fast_mlsirm.fitstats,function,"params_old, params_new, factor_id, model, threshold=0.05, q_theta=21, q_xi=11, eps_distance=1e-08"
python,vuong_nonnested,fast_mlsirm.fitstats,function,"loglik_a, loglik_b, k_a, k_b, bic_correction=True"
python,GpcmFit,fast_mlsirm.gpcm,class,"model, slope, step, theta, n_cat, loglik_trace, n_iter, converged, termination_reason, final_loglik_change, n_parameters"
python,fit_gpcm,fast_mlsirm.gpcm,function,"responses, n_cat, model=1, q=21, max_iter=500, tol=1e-06, node_rule='gh', xi_points=4000, xi_seed=11400714819323198485"
python,GrmFit,fast_mlsirm.grm,class,"model, slope, threshold, theta, n_cat, loglik_trace, n_iter, converged, termination_reason, final_loglik_change, n_parameters"
python,fit_grm,fast_mlsirm.grm,function,"responses, n_cat, model=1, q=21, max_iter=500, tol=1e-06, node_rule='gh', xi_points=4000, xi_seed=11400714819323198485"
python,GTheoryDStudyRow,fast_mlsirm.gtheory,class,"n_i_prime, n_o_prime, rel_error_var, abs_error_var, generalizability, dependability"
python,GTheoryResult,fast_mlsirm.gtheory,class,"df, ss, ms, var_raw, var, d_study"
python,PhiLambdaResult,fast_mlsirm.gtheory,class,"grand_mean, var, var_xbar, signal, phi"
python,gtheory_pi,fast_mlsirm.gtheory,function,"data, n_i_prime=(5, 10, 15, 20)"
python,gtheory_pio,fast_mlsirm.gtheory,function,"data, n_prime=((5, 2), (10, 2), (15, 2), (20, 2))"
python,phi_lambda,fast_mlsirm.gtheory,function,"data, cut, n_i_prime=(5, 10, 15, 20)"
python,oakes_standard_errors,fast_mlsirm.inference,function,"result, responses, factor_id, config=None, mask=None, group_id=None, cluster_id=None, h=1e-05"
python,observed_information,fast_mlsirm.inference,function,"responses, factor_id, params, config=None, mask=None, backend=None, device='cpu', step=0.0001"
python,second_order_test,fast_mlsirm.inference,function,"hessian, tol=1e-08"
python,standard_errors_from_vcov,fast_mlsirm.inference,function,vcov
python,vcov_from_hessian,fast_mlsirm.inference,function,"hessian, rcond=1e-10"
python,ResidualInteractionMap,fast_mlsirm.interaction_map,class,"person_indices, item_indices, scored_person_count, scored_item_count, person_coordinates, item_coordinates, singular_values, axis_shares, residual, distance, reconstruction, unexplained, cross_share"
python,residual_interaction_map,fast_mlsirm.interaction_map,function,"observed, expected, axis_count"
python,load_factor_csv,fast_mlsirm.io,function,path
python,load_params,fast_mlsirm.io,function,path
python,save_dimensionality_diagnostics,fast_mlsirm.io,function,"diagnostics, run_dir"
python,save_fit_diagnostics,fast_mlsirm.io,function,"diagnostics, run_dir"
python,save_fit_result,fast_mlsirm.io,function,"result, run_dir"
python,save_simulation,fast_mlsirm.io,function,"data, run_dir"
python,fit_irt_experiment,fast_mlsirm.irt_contract,function,"fit_callable, responses, item_type, n_categories=None, factor_ids=None, **fit_kwargs"
python,validate_irt_experiment_readiness,fast_mlsirm.irt_contract,function,"responses, item_type, n_categories=None, min_persons=5, min_observed_per_item=3, min_item_distinct_values=2, factor_ids=None, min_items_per_factor=2"
python,validate_irt_response_matrix,fast_mlsirm.irt_contract,function,"responses, item_type, n_categories=None"
python,JudgeCalibrationCase,fast_mlsirm.judge_calibration,class,"case_id, variant, task, answer, reference_answer=None, contamination_status='unknown', gold_categories=None, metadata=<factory>, option_count=None"
python,JudgeCalibrationOutcome,fast_mlsirm.judge_calibration,class,"case, status, result=None, irt_row=None, gold_exact=None, error_type=None, error=None, evidence=None"
python,JudgeCalibrationReport,fast_mlsirm.judge_calibration,class,"category_count, criterion_ids, outcomes"
python,build_multiple_choice_calibration_cases,fast_mlsirm.judge_calibration,function,"case_id, question, options, answer, correct_option_index, replacement_distractor, reference_answer=None, contamination_status='unknown', shuffle_seed=0, gold_categories=None"
python,evaluate_paired_calibration,fast_mlsirm.judge_calibration,function,"judge, cases, criteria, category_count, category_method=None"
python,JudgeConstructPolicy,fast_mlsirm.judge_construct,class,"min_items=5, recommended_items=7, max_items=11"
python,JudgeConstructSpec,fast_mlsirm.judge_construct,class,"criterion_ids, item_type, n_categories, category_coding, meets_policy, warnings=<factory>, policy=None"
python,describe_measurement_contract,fast_mlsirm.judge_construct,function,
python,project_judge_results_to_matrix,fast_mlsirm.judge_construct,function,"results, spec"
python,validate_judge_construct,fast_mlsirm.judge_construct,function,"criterion_ids, item_type='polytomous', n_categories=None, policy=None, allow_short_form=False"
python,KsirtResult,fast_mlsirm.ksirt,class,"theta, grid, bandwidth, options, occ, expected, expected_total"
python,ksirt_analysis,fast_mlsirm.ksirt,function,"responses, kernel='gaussian', nevalpoints=51, bandwidth=None"
python,IrtLinkResult,fast_mlsirm.linking,class,"slope, intercept, criterion, n_iter, method, converged=True, termination_reason='closed_form', max_iter=0, final_objective_span=0.0, objective_tolerance=0.0, final_parameter_span=0.0, parameter_tolerance=0.0"
python,irt_link,fast_mlsirm.linking,function,"a_old, b_old, a_new, b_new, method='stocking_lord', q_theta=41"
python,link_fixed_item_parameters,fast_mlsirm.linking,function,"source, target, anchor_items, factor_id=None"
python,ContextualOrchestratorJudge,fast_mlsirm.llm_judge,class,"orchestrator, mode='auto', accept_threshold=0.7"
python,JudgeCriterion,fast_mlsirm.llm_judge,class,"criterion_id, description, weight=1.0, category_anchors=None"
python,JudgeFormatError,fast_mlsirm.llm_judge,class,"message, evidence=None"
python,LLMJudgeResult,fast_mlsirm.llm_judge,class,"score, accepted, rationale, criterion_scores, raw_output, orchestration_mode, trace_step_count, usage, criterion_categories=None, category_count=None, category_method='direct', category_anchors_provided=False"
python,LltmFit,fast_mlsirm.lltm,class,"eta, intercept, b, theta, loglik_trace, n_iter, converged, n_parameters, loglik_rasch, lr_stat, lr_df, lr_p"
python,fit_lltm,fast_mlsirm.lltm,function,"responses, q_design, fit_intercept=True, compute_lr=True, max_iter=500, tol=1e-06"
python,logit,fast_mlsirm.math,function,"p, eps=1e-06"
python,normalize_latent_positions,fast_mlsirm.math,function,params
python,sigmoid,fast_mlsirm.math,function,x
python,softplus,fast_mlsirm.math,function,x
python,standardize,fast_mlsirm.math,function,x
python,BinaryResponseCell,fast_mlsirm.measurement.binary_response,class,"state, value, observation_ref, adjudication_ref=None, _admission_token=None"
python,BinaryResponseContractError,fast_mlsirm.measurement.binary_response,class,"code, path, message"
python,BinaryResponseMatrix,fast_mlsirm.measurement.binary_response,class,"rows, _admission_token=None"
python,BinaryResponseState,fast_mlsirm.measurement.binary_response,class,*values
python,build_binary_response_cell,fast_mlsirm.measurement.binary_response,function,"state, value, observation_ref, adjudication_ref=None"
python,build_binary_response_matrix,fast_mlsirm.measurement.binary_response,function,rows
python,MhrmFit,fast_mlsirm.mhrm,class,"model, family, n_cat, loading, intercept, step, theta, corr, se_loading, se_intercept, se_step, acceptance_rate, n_cycles, converged, termination_reason, final_param_change, n_parameters"
python,fit_mhrm,fast_mlsirm.mhrm,function,"responses, model=1, family='2pl', n_cat=2, max_cycles=2000, burn_in=200, mh_steps=5, proposal_sd=1.0, target_accept=0.3, tol=0.001, seed=11400714819323198485, estimate_se=True, estimate_corr=False"
python,MixedFormatFit,fast_mlsirm.mixed,class,"items, theta_eap, theta_sd, xi_eap, loglik, loglik_trace, n_iter, converged, termination_reason, n_threads"
python,MixedItemParameters,fast_mlsirm.mixed,class,"model, n_categories, slope, intercepts, thresholds, scores, location, zeta, lower_asymptote=None, upper_asymptote=None, at_bound=()"
python,fit_mixed_items,fast_mlsirm.mixed,function,"responses, item_models, n_categories=None, mask=None, latent_dim=2, q_theta=21, q_xi=7, max_iter=100, tol=1e-05, n_threads=0, require_convergence=False"
python,MixtureFit,fast_mlsirm.mixture,class,"model, n_classes, a, b, pi, class_posterior, map_class, theta, loglik_trace, n_iter, converged, n_parameters"
python,fit_mixture,fast_mlsirm.mixture,function,"responses, n_classes=2, model='rasch', n_starts=1, max_iter=500, tol=1e-06, seed=625341585"
python,ComparisonStatus,fast_mlsirm.model_comparison,class,*values
python,ModelComparisonResult,fast_mlsirm.model_comparison,class,"model_a, model_b, relation, status, bic_correction, n_cases, k_a, k_b, raw_mean_loglik_difference, omega, variance_positive, raw_z, raw_p_two_sided, z, p_two_sided, preferred_model, warning"
python,ModelRelation,fast_mlsirm.model_comparison,class,*values
python,VuongKernelError,fast_mlsirm.model_comparison,class,<no-signature>
python,compare_nonnested_models,fast_mlsirm.model_comparison,function,"loglik_a, loglik_b, k_a, k_b, model_a='A', model_b='B', relation=<ModelRelation.UNKNOWN: 'unknown'>, bic_correction=True, alpha=0.05, omega_tol=1e-12"
python,MeasurementModelRelation,fast_mlsirm.model_relation,class,*values
python,ModelComparisonProcedure,fast_mlsirm.model_relation,class,*values
python,ModelRelationEvidence,fast_mlsirm.model_relation,class,"parameter_embedding, null_on_boundary=False, unidentified_under_null=False, nonlinear_constraints=False, parameter_spaces_overlap=None, formal_distinguishability=None"
python,ModelRelationResult,fast_mlsirm.model_relation,class,"relation, required_procedure, selection_permitted, reason_code"
python,classify_model_relation,fast_mlsirm.model_relation,function,evidence
python,GeneralizationUnit,fast_mlsirm.model_validation,class,*values
python,ModelValidationPlan,fast_mlsirm.model_validation,class,"strategy, unit"
python,ValidationStrategy,fast_mlsirm.model_validation,class,*values
python,validate_group_partition,fast_mlsirm.model_validation,function,"group_ids, fold_ids"
python,validate_temporal_forward_window,fast_mlsirm.model_validation,function,"training_periods, validation_periods"
python,ConfirmatoryModel,fast_mlsirm.models,class,loading_pattern
python,ExploratoryModel,fast_mlsirm.models,class,dimensions=1
python,confirmatory,fast_mlsirm.models,function,loading_pattern
python,exploratory,fast_mlsirm.models,function,dimensions=1
python,MokkenResult,fast_mlsirm.mokken,class,"hij, hi, h, zij, zi, z, scale"
python,mokken_analysis,fast_mlsirm.mokken,function,"responses, lower_bound=0.3, alpha=0.05"
python,ContextMembership,fast_mlsirm.multilevel.contracts,class,"observation_id, context_dimension_id, context_id, membership_weight, membership_revision_fingerprint, schema_version='1.0', _membership_token=None"
python,ContextMembershipDesign,fast_mlsirm.multilevel.contracts,class,"memberships, schema_version='1.0', _design_token=None"
python,LongitudinalDesign,fast_mlsirm.multilevel.contracts,class,"occasions, state_spec, schema_version='1.0', _design_token=None"
python,LongitudinalStateKind,fast_mlsirm.multilevel.contracts,class,*values
python,LongitudinalStateSpec,fast_mlsirm.multilevel.contracts,class,"state_kind, autoregressive_coefficient, include_lagged_response_dependence, schema_version='1.0', _state_spec_token=None"
python,TemporalOccasion,fast_mlsirm.multilevel.contracts,class,"respondent_id, occasion_id, sequence_index, time_offset_milliseconds, occasion_revision_fingerprint, schema_version='1.0', _occasion_token=None"
python,build_context_membership,fast_mlsirm.multilevel.contracts,function,"observation_id, context_dimension_id, context_id, membership_weight, membership_revision_fingerprint"
python,build_context_membership_design,fast_mlsirm.multilevel.contracts,function,memberships
python,build_longitudinal_design,fast_mlsirm.multilevel.contracts,function,"occasions, state_spec"
python,build_longitudinal_state_spec,fast_mlsirm.multilevel.contracts,function,"state_kind, autoregressive_coefficient=None, include_lagged_response_dependence=False"
python,build_temporal_occasion,fast_mlsirm.multilevel.contracts,function,"respondent_id, occasion_id, sequence_index, time_offset_milliseconds, occasion_revision_fingerprint"
python,CrossedPersonEffectResult,fast_mlsirm.multilevel.estimation,class,"context_effects, effect_vector, context_keys, loglik, n_iter, converged, used_gpu, termination_reason"
python,estimate_crossed_person_effects,fast_mlsirm.multilevel.estimation,function,"responses, design, item_intercepts, item_slopes=None, person_offsets=None, prior_scale=1.0, max_iter=50, tol=1e-08, worker_count=1, device='auto'"
python,fit_hierarchical_longitudinal_irt,fast_mlsirm.multilevel.estimation,function,"design, responses, item_ids=None, worker_count=1, max_iter=250, tolerance=1e-05, hessian_step=0.001"
python,fit_longitudinal_state,fast_mlsirm.multilevel.estimation,function,"design, values, worker_count=1"
python,simulate_hierarchical_longitudinal_irt,fast_mlsirm.multilevel.estimation,function,"design, item_intercepts, population_mean=0.0, population_sd=0.7, decay_rate=0.35, seed=1"
python,weighted_contextual_effect,fast_mlsirm.multilevel.estimation,function,"design, context_effects, worker_count=1"
python,NominalResponseFit,fast_mlsirm.nominal,class,"model, slope, intercept, theta, n_cat, loglik_trace, n_iter, converged, termination_reason, final_loglik_change, n_parameters"
python,fit_nominal,fast_mlsirm.nominal,function,"responses, n_cat, model=1, q=21, max_iter=500, tol=1e-06, node_rule='gh', xi_points=4000, xi_seed=11400714819323198485"
python,linear_predictor,fast_mlsirm.objective,function,"params, factor_id, model='MLS2PLM', eps_distance=1e-08"
python,model_flags,fast_mlsirm.objective,function,model
python,neg_loglik_and_grad,fast_mlsirm.objective,function,"responses, factor_id, params, config=None, mask=None, backend='numpy', device=None"
python,prepare_response,fast_mlsirm.objective,function,"responses, mask=None"
python,validate_factor_id,fast_mlsirm.objective,function,"factor_id, n_items, n_dims"
python,ParallelAnalysisResult,fast_mlsirm.parallel_analysis,class,"retained, eigenvalues, random_eigenvalues, bias, adjusted_eigenvalues"
python,parallel_analysis,fast_mlsirm.parallel_analysis,function,"data, n_iterations=None, centile=0, seed=1"
python,PersonFitNpResult,fast_mlsirm.personfit_np,class,"g, gnormed, nci, u3, zu3, c_sato, cstar"
python,person_fit_np,fast_mlsirm.personfit_np,function,x
python,ExpectedScoreMonotonicity,fast_mlsirm.polytomous,class,"theta, expected_total, total_decrease, decreasing_intervals, monotone"
python,NominalFit,fast_mlsirm.polytomous,class,"scores, intercepts, loglik, n_iter, converged=False, termination_reason='not_fitted', loglik_trace=<factory>, final_delta=nan, stopping_tolerance=nan"
python,PolyFipcFit,fast_mlsirm.polytomous,class,"slope, cat_params, mu, sigma, loglik, n_iter, converged=False, termination_reason='not_fitted', loglik_trace=<factory>, final_delta=nan, stopping_tolerance=nan"
python,PolyLsirmFit,fast_mlsirm.polytomous,class,"model, slope, cat_params, zeta, theta_eap, theta_sd, xi_eap, loglik, n_iter"
python,PolytomousFit,fast_mlsirm.polytomous,class,"model, slope, cat_params, loglik, n_iter, converged=False, termination_reason='not_fitted', loglik_trace=<factory>, final_delta=nan, stopping_tolerance=nan, thresholds=None"
python,bifactor_expected_total_score_monotonicity,fast_mlsirm.polytomous,function,"fit, theta, q_specific"
python,cat_simulate_polytomous,fast_mlsirm.polytomous,function,"true_theta, fit, q_theta=21, se_threshold=0.3, min_items=5, max_items=30, adaptive=True, seed=0"
python,dif_polytomous,fast_mlsirm.polytomous,function,"responses, group_id, n_cat, model, q_theta, max_iter, tol, fdr_q, studied_items=None"
python,dif_polytomous_anchor_sets,fast_mlsirm.polytomous,function,"responses, group_id, n_cat, model, q_theta, max_iter, tol, fdr_q, max_rounds, min_anchor_items, reference_group=None"
python,dif_polytomous_purified,fast_mlsirm.polytomous,function,"responses, group_id, n_cat, model, q_theta, max_iter, tol, fdr_q, max_rounds, min_anchor_items"
python,expected_total_score_monotonicity,fast_mlsirm.polytomous,function,"fit, theta"
python,fit_lsirm_polytomous,fast_mlsirm.polytomous,function,"responses, n_cat, latent_dim=2, model='grm', q_theta=11, q_xi=11, max_iter=60, tol=1e-05"
python,fit_nominal_polytomous,fast_mlsirm.polytomous,function,"responses, n_cat, q_theta=21, max_iter=200, tol=1e-06"
python,fit_poly_fipc,fast_mlsirm.polytomous,function,"responses, n_cat, anchor, anchor_slope, anchor_cat_params, q_theta=21, max_iter=200, tol=1e-06"
python,fit_polytomous,fast_mlsirm.polytomous,function,"responses, n_cat, model='grm', q_theta=21, max_iter=80, tol=1e-06"
python,focal_expected_total_score_monotonicity,fast_mlsirm.polytomous,function,"fit, dimension, theta, q_nuisance"
python,information_polytomous,fast_mlsirm.polytomous,function,"fit, theta"
python,item_fit_polytomous,fast_mlsirm.polytomous,function,"responses, fit, q_theta=21, min_expected=1.0"
python,local_dependence_polytomous,fast_mlsirm.polytomous,function,"responses, fit, q_theta=21"
python,m2_polytomous,fast_mlsirm.polytomous,function,"responses, fit, q_theta=21"
python,person_fit_polytomous,fast_mlsirm.polytomous,function,"responses, fit, q_theta=21, prior_mean=0.0, prior_sd=1.0, flag_threshold=-1.645"
python,polytomous_category_probabilities,fast_mlsirm.polytomous,function,"fit, theta"
python,polytomous_expected_response,fast_mlsirm.polytomous,function,"fit, theta"
python,polytomous_information_criteria,fast_mlsirm.polytomous,function,"fit, n_persons"
python,score_polytomous,fast_mlsirm.polytomous,function,"responses, fit, q_theta=21"
python,u3_cutoff_polytomous,fast_mlsirm.polytomous,function,"fit, n_persons, alpha=0.05, n_rep=200, seed=0"
python,u3_person_fit_polytomous,fast_mlsirm.polytomous,function,"responses, n_cat, cutoff=None"
python,irtree_expand,fast_mlsirm.preprocessing,function,"responses, mapping, node_dims=None"
python,andersen_lr_test,fast_mlsirm.rasch_cml,function,"responses, group, max_iter=100, tol=1e-08"
python,fit_rasch_cml,fast_mlsirm.rasch_cml,function,"responses, max_iter=100, tol=1e-08"
python,RatingRangeEvidence,fast_mlsirm.rating_range,class,"sample_size, automated_min, automated_max, reference_min, reference_max, automated_distinct_categories, reference_distinct_categories, automated_span, reference_span, automated_sd, reference_sd, span_ratio, distinct_category_ratio, sd_ratio, lower_endpoint_gap, upper_endpoint_gap, narrower_observed_support, central_tendency_signal"
python,paired_rating_range_evidence,fast_mlsirm.rating_range,function,"automated, reference, category_count"
python,fit_reference,fast_mlsirm.reference,function,"responses, factor_id, config=None, mask=None, group_id=None, cluster_id=None, anchors=None, covariate=None"
python,AlphaCiResult,fast_mlsirm.reliability,class,"alpha, lower, upper, r_bar, df1, df2"
python,BhapkarResult,fast_mlsirm.reliability,class,"value, df, p_value, subjects, categories"
python,FinnResult,fast_mlsirm.reliability,class,"value, statistic, df2, p_value, subjects, raters"
python,GuttmanResult,fast_mlsirm.reliability,class,"lambda1, lambda2, lambda3, lambda4, lambda5, lambda6, beta, mean_split, n_splits, exhaustive"
python,IccResult,fast_mlsirm.reliability,class,"value, subjects, raters, fvalue, df1, df2, p_value, lbound, ubound"
python,KrippResult,fast_mlsirm.reliability,class,"value, subjects, raters, levels, nmatchval"
python,MaxwellResult,fast_mlsirm.reliability,class,"value, subjects, raters"
python,MeanCorResult,fast_mlsirm.reliability,class,"value, statistic, p_value, dropped, subjects, raters"
python,MeanRhoResult,fast_mlsirm.reliability,class,"value, statistic, p_value, dropped, ties, subjects, raters"
python,NCohenKappaResult,fast_mlsirm.reliability,class,"n, q1, q0, pre_ceil"
python,RaterBiasResult,fast_mlsirm.reliability,class,"value, statistic, df, p_value, subjects"
python,RobinsonResult,fast_mlsirm.reliability,class,"value, subjects, raters"
python,SeparationReliabilityResult,fast_mlsirm.reliability,class,"sep_rel, ssd, mse, sep_index"
python,StuartMaxwellResult,fast_mlsirm.reliability,class,"value, df, p_value, dropped, subjects, categories"
python,TenBergeResult,fast_mlsirm.reliability,class,"mu0, mu1, mu2, mu3"
python,bhapkar_mh,fast_mlsirm.reliability,function,table
python,cronbach_alpha,fast_mlsirm.reliability,function,data
python,feldt_alpha_ci,fast_mlsirm.reliability,function,"alpha, n_persons, n_items, level=0.95"
python,finn_coefficient,fast_mlsirm.reliability,function,"ratings, s_levels, model='oneway'"
python,guttman_lambdas,fast_mlsirm.reliability,function,"data, n_sample_splits=15000, seed=1"
python,icc,fast_mlsirm.reliability,function,"ratings, model='oneway', type='consistency', unit='single', r0=0.0, conf_level=0.95"
python,kripp_alpha,fast_mlsirm.reliability,function,"ratings, method='nominal'"
python,maxwell_re,fast_mlsirm.reliability,function,ratings
python,mean_pairwise_cor,fast_mlsirm.reliability,function,"ratings, fisher=True"
python,mean_pairwise_rho,fast_mlsirm.reliability,function,"ratings, fisher=True"
python,n_cohen_kappa,fast_mlsirm.reliability,function,"rate1, rate2, k1, k0, alpha=0.05, power=0.8, twosided=False"
python,rater_bias,fast_mlsirm.reliability,function,table
python,robinson_a,fast_mlsirm.reliability,function,ratings
python,separation_reliability,fast_mlsirm.reliability,function,"measures, se"
python,stuart_maxwell_mh,fast_mlsirm.reliability,function,table
python,tenberge_mu,fast_mlsirm.reliability,function,data
python,render_diagnostics_report,fast_mlsirm.report,function,"diagnostics_path, output_path, title=None"
python,exact_value_csv,fast_mlsirm.report_exact_values,function,source_rows
python,exact_value_disclosure,fast_mlsirm.report_exact_values,function,"source_rows, section_label"
python,exact_value_json,fast_mlsirm.report_exact_values,function,source_rows
python,exact_value_text,fast_mlsirm.report_exact_values,function,cell_value
python,ordered_column_names,fast_mlsirm.report_exact_values,function,source_rows
python,RotationCriterionInfo,fast_mlsirm.rotation,class,"name, family, orthogonal, oblique, requires_target, description"
python,RotationSolution,fast_mlsirm.rotation,class,"pattern_matrix, structure_matrix, factor_correlation, transform_matrix, criterion, mode, criterion_value, gradient_norm, iterations, converged, termination_reason, best_start_index, n_starts, converged_starts, basin_support, distinct_minima, start_values, start_converged, max_factor_correlation, normalized, worker_count, backend"
python,available_rotation_criteria,fast_mlsirm.rotation,function,
python,rotate_factor_loadings,fast_mlsirm.rotation,function,"loadings, criterion='geomin', mode=None, normalize=False, n_starts=32, seed=1, max_iter=2000, tolerance=1e-05, function_window=10, max_line_search=20, basin_tolerance=1e-08, max_threads=0, kappa=None, gamma=None, delta=None, simplimax_zeros=None, target=None, weights=None"
python,rotation_criterion_value_gradient,fast_mlsirm.rotation,function,"loadings, criterion, kappa=None, gamma=None, delta=None, simplimax_zeros=None, target=None, weights=None"
python,RotationCandidateEvidence,fast_mlsirm.rotation_selection,class,"criterion, solution, row_complexity, factor_balance, max_factor_correlation, convergence_rate, basin_support_rate, bootstrap_congruence, bootstrap_min_congruence, target_rmse, policy_score, pareto_optimal"
python,RotationSelectionResult,fast_mlsirm.rotation_selection,class,"selected_index, selected_criterion, policy, candidates, bootstrap_replicates, evidence_grade, warning"
python,select_rotation_criterion,fast_mlsirm.rotation_selection,function,"loadings, candidates, mode='oblique', policy='fully_exploratory', bootstrap_loadings=None, theory_target=None, normalize=False, n_starts=32, seed=1, max_iter=2000, tolerance=1e-05, function_window=10, max_line_search=20, basin_tolerance=1e-08, max_threads=0, kappa=None, gamma=None, delta=None, simplimax_zeros=None, target=None, weights=None"
python,RsmFit,fast_mlsirm.rsm,class,"item_location, thresholds, theta, loglik_trace, n_iter, converged, n_parameters"
python,fit_rsm,fast_mlsirm.rsm,function,"responses, n_cat=None, q_theta=41, max_iter=500, tol=1e-06"
python,RtFit,fast_mlsirm.rt,class,"alpha, beta, mu_tau, sigma_tau, tau_eap, tau_sd, loglik, n_iter, converged, loglik_trace=<factory>, termination_reason='unknown', final_loglik_change=inf"
python,fit_response_times,fast_mlsirm.rt,function,"times, max_iter=500, tol=1e-06, var_floor=0.0001, sigma_floor=0.0001, fix_sigma_tau=None, require_convergence=False"
python,fit_speed_accuracy,fast_mlsirm.rt,function,"responses, times, a, b, alpha, beta, q=21, max_iter=500, tol=1e-06, fix_sigma_tau=None, require_convergence=False"
python,rt_person_fit,fast_mlsirm.rt,function,"times, alpha, beta, alpha_level=0.05, z_fast=1.645"
python,AuditSeverity,fast_mlsirm.rubric.audit,class,*values
python,CandidateAuditFinding,fast_mlsirm.rubric.audit,class,"finding_code, severity, path, message"
python,CandidateAuditReport,fast_mlsirm.rubric.audit,class,"audit_policy_id, audit_policy_version, candidate_fingerprint, findings, lifecycle_state, schema_version='1.0'"
python,CandidateLifecycleState,fast_mlsirm.rubric.audit,class,*values
python,PilotAdmissionError,fast_mlsirm.rubric.audit,class,"code, path, message"
python,PilotCandidateRecord,fast_mlsirm.rubric.audit,class,"pilot_study_id, query_testlet_id, generator_family_id, judge_policy_id, occasion_id, item_id, candidate_fingerprint, audit_report_fingerprint, audit_policy_id, audit_policy_version, blueprint_id, rubric_id, rubric_version, lifecycle_state=<CandidateLifecycleState.PILOT: 'pilot'>, schema_version='1.0'"
python,audit_generated_item_candidate,fast_mlsirm.rubric.audit,function,"candidate, audit_policy_id='generated_item_audit', audit_policy_version='1.0.0'"
python,build_pilot_candidate_record,fast_mlsirm.rubric.audit,function,"candidate, audit_report, pilot_study_id, query_testlet_id, generator_family_id, judge_policy_id, occasion_id"
python,audit_generated_item_candidate,fast_mlsirm.rubric.audit_policy,function,candidate
python,build_pilot_candidate_record,fast_mlsirm.rubric.audit_policy,function,"candidate, audit_report, pilot_study_id, query_testlet_id, generator_family_id, judge_policy_id, occasion_id"
python,BifactorPilotDesign,fast_mlsirm.rubric.bifactor_pilot,class,"general_factor_id, binary_design, schema_version='1.0', _design_token=None"
python,build_bifactor_pilot_design,fast_mlsirm.rubric.bifactor_pilot,function,"records, general_factor_id='general_factor'"
python,BinaryAnswerKey,fast_mlsirm.rubric.candidates,class,"value, rationale"
python,CandidateValidationError,fast_mlsirm.rubric.candidates,class,"code, path, message"
python,ConstructedAnswerKey,fast_mlsirm.rubric.candidates,class,"reference_response, accepted_variants, rationale"
python,GeneratedItemCandidate,fast_mlsirm.rubric.candidates,class,"request_id, request_fingerprint, contract_id, contract_handle, contract_fingerprint, blueprint_id, blueprint_handle, blueprint_fingerprint, rubric_id, rubric_version, rubric_fingerprint, item_id, stem, stimulus, response_format, options, answer_key, scoring_guide, rubric_alignment, source_attributions, safety_notes, schema_version='1.0'"
python,GeneratedOption,fast_mlsirm.rubric.candidates,class,"option_id, text"
python,OrdinalAnswerKey,fast_mlsirm.rubric.candidates,class,"score, rationale"
python,PairwiseAnswerKey,fast_mlsirm.rubric.candidates,class,"outcome, preferred_option_id, rationale"
python,RubricAlignmentEntry,fast_mlsirm.rubric.candidates,class,"score, observable_indicators"
python,ScoreGuideEntry,fast_mlsirm.rubric.candidates,class,"score, evidence, rationale"
python,SelectedAnswerKey,fast_mlsirm.rubric.candidates,class,"option_ids, rationale"
python,SourceAttribution,fast_mlsirm.rubric.candidates,class,"source_id, evidence_span"
python,parse_generated_item_candidate,fast_mlsirm.rubric.candidates,function,"raw_json, request"
python,compile_item_blueprints,fast_mlsirm.rubric.compiler,function,"rubric, plan=None"
python,build_generation_contract,fast_mlsirm.rubric.contracts,function,"rubric, blueprint"
python,canonical_generation_contract,fast_mlsirm.rubric.contracts,function,"rubric, blueprint"
python,render_generation_prompt,fast_mlsirm.rubric.contracts,function,"rubric, blueprint"
python,DifPilotDesign,fast_mlsirm.rubric.dif_pilot,class,"binary_design, reference_group_id, focal_group_id, respondent_group_ids, schema_version='1.0', _design_token=None"
python,build_dif_pilot_design,fast_mlsirm.rubric.dif_pilot,function,"records, respondent_groups, reference_group_id, focal_group_id"
python,GenerationExecution,fast_mlsirm.rubric.generation,class,"execution_id, request_id, contract_id, provider_id, model_id, candidate, raw_response_digest, request_fingerprint='', contract_fingerprint='', schema_version='1.0'"
python,GenerationProviderError,fast_mlsirm.rubric.generation,class,"code, message"
python,GenerationRequest,fast_mlsirm.rubric.generation,class,"request_id, contract_id, contract_json, blueprint, sources, generation_seed, schema_version='1.0'"
python,ItemGenerationProvider,fast_mlsirm.rubric.generation,class,"*args, **kwargs"
python,SourceDocument,fast_mlsirm.rubric.generation,class,"source_id, content, media_type='text/plain', locale='en', schema_version='1.0'"
python,StaticFixtureProvider,fast_mlsirm.rubric.generation,class,"provider_id, model_id, response_text"
python,build_generation_request,fast_mlsirm.rubric.generation,function,"rubric, blueprint, sources=()"
python,execute_generation,fast_mlsirm.rubric.generation,function,"provider, request"
python,GTheoryPiPilotDesign,fast_mlsirm.rubric.gtheory_pilot,class,"facets_design, rater_id, occasion_id, schema_version='1.0', _design_token=None"
python,build_gtheory_pi_pilot_design,fast_mlsirm.rubric.gtheory_pilot,function,records
python,ItemBankEvidenceKind,fast_mlsirm.rubric.item_bank,class,*values
python,ItemBankEvidenceReference,fast_mlsirm.rubric.item_bank,class,"evidence_kind, evidence_id, evidence_fingerprint"
python,ItemBankLifecycleError,fast_mlsirm.rubric.item_bank,class,"code, path, message"
python,ItemBankLifecycleRecord,fast_mlsirm.rubric.item_bank,class,"item_id, item_version, candidate_fingerprint, pilot_record_fingerprint, audit_report_fingerprint, blueprint_id, rubric_id, rubric_version, lifecycle_state, policy_criticality, approved_use_ids, evidence_references, previous_record_fingerprint, transition_reason_id, suspension_concern_kinds=(), schema_version='1.0', _creation_token=None"
python,ItemBankLifecycleState,fast_mlsirm.rubric.item_bank,class,*values
python,PolicyCriticality,fast_mlsirm.rubric.item_bank,class,*values
python,build_item_bank_pilot_record,fast_mlsirm.rubric.item_bank,function,"pilot_record, item_version, policy_criticality=<PolicyCriticality.ORDINARY: 'ordinary'>"
python,ItemBankReportError,fast_mlsirm.rubric.item_bank_report,class,<no-signature>
python,build_item_bank_report,fast_mlsirm.rubric.item_bank_report,function,"records, parameter_evidence=None"
python,render_item_bank_report_html,fast_mlsirm.rubric.item_bank_report,function,"records, title='Item bank lifecycle report', parameter_evidence=None"
python,render_item_bank_report_json,fast_mlsirm.rubric.item_bank_report,function,"records, parameter_evidence=None"
python,ItemParameterEvidence,fast_mlsirm.rubric.item_parameter_evidence,class,"item_id, item_version, response_model_id, parameter_artifact_fingerprint, status, provisional_method, provisional_basis_fingerprint, calibration_evidence_fingerprint, schema_version='1.0', _creation_token=None"
python,ItemParameterStatus,fast_mlsirm.rubric.item_parameter_evidence,class,*values
python,ProvisionalParameterMethod,fast_mlsirm.rubric.item_parameter_evidence,class,*values
python,build_item_parameter_evidence,fast_mlsirm.rubric.item_parameter_evidence,function,"item_id, item_version, response_model_id, parameter_artifact_fingerprint, status, provisional_method=None, provisional_basis_fingerprint=None, calibration_evidence_fingerprint=None, schema_version='1.0'"
python,BlueprintPlan,fast_mlsirm.rubric.models,class,"difficulty_bands=(<DifficultyBand.EASY: 'easy'>, <DifficultyBand.MEDIUM: 'medium'>, <DifficultyBand.HARD: 'hard'>), evidence_modes=(<EvidenceMode.SINGLE_SOURCE: 'single_source'>,), items_per_cell=1, seed=0"
python,DifficultyBand,fast_mlsirm.rubric.models,class,*values
python,EvidenceMode,fast_mlsirm.rubric.models,class,*values
python,ItemBlueprint,fast_mlsirm.rubric.models,class,"blueprint_id, rubric_id, rubric_fingerprint, task_family, difficulty_band, evidence_mode, replicate_index, generation_seed, response_format, scoring_levels, evidence_requirements, prohibited_patterns=(), rubric_version='1.0.0', schema_version='1.0'"
python,ResponseFormat,fast_mlsirm.rubric.models,class,*values
python,RubricLevel,fast_mlsirm.rubric.models,class,"score, label, descriptor, observable_indicators"
python,RubricSpecification,fast_mlsirm.rubric.models,class,"rubric_id, construct_id, construct_definition, response_format, levels, task_families, evidence_requirements, prohibited_patterns=(), locale='en', rubric_version='1.0.0', schema_version='1.0'"
python,FacetsPilotDesign,fast_mlsirm.rubric.pilot_observations,class,"pilot_study_id, respondent_ids, item_provenance, rater_ids, n_cat, responses, response_states, schema_version='1.0', _design_token=None"
python,MirtPilotDesign,fast_mlsirm.rubric.pilot_observations,class,"pilot_study_id, respondent_ids, item_provenance, factor_testlet_ids, item_factor_ids, responses, response_states, rater_assignments, schema_version='1.0', _design_token=None"
python,PilotItemProvenance,fast_mlsirm.rubric.pilot_observations,class,"item_id, pilot_record_fingerprint, query_testlet_id, generator_family_id, judge_policy_id, occasion_id"
python,PilotObservationError,fast_mlsirm.rubric.pilot_observations,class,"code, path, message"
python,PilotObservationRecord,fast_mlsirm.rubric.pilot_observations,class,"pilot_study_id, query_testlet_id, generator_family_id, judge_policy_id, occasion_id, respondent_id, item_id, rater_id, pilot_record_fingerprint, response_state, category=None, schema_version='1.0', _admission_token=None"
python,PilotResponseState,fast_mlsirm.rubric.pilot_observations,class,*values
python,build_facets_pilot_design,fast_mlsirm.rubric.pilot_observations,function,"records, n_cat=None"
python,build_mirt_pilot_design,fast_mlsirm.rubric.pilot_observations,function,records
python,build_pilot_observation_record,fast_mlsirm.rubric.pilot_observations,function,"pilot_record, respondent_id, rater_id, response_state, category=None"
python,CandidateScreeningResult,fast_mlsirm.rubric.semantic_screening,class,"screening_policy_id, screening_policy_version, evaluator_kind, evaluator_fingerprint, candidate_fingerprint, audit_report_fingerprint, checks, schema_version='1.0', _creation_token=None"
python,ScreeningDimension,fast_mlsirm.rubric.semantic_screening,class,*values
python,ScreeningEvaluatorKind,fast_mlsirm.rubric.semantic_screening,class,*values
python,ScreeningStatus,fast_mlsirm.rubric.semantic_screening,class,*values
python,SemanticScreeningCheck,fast_mlsirm.rubric.semantic_screening,class,"dimension, status, decision_evidence_fingerprint, limitation_decision_fingerprint=None, _creation_token=None"
python,build_candidate_screening_result,fast_mlsirm.rubric.semantic_screening,function,"candidate, audit_report, screening_policy_id, screening_policy_version, evaluator_kind, evaluator_fingerprint, checks"
python,build_semantic_screening_check,fast_mlsirm.rubric.semantic_screening,function,"dimension, status, decision_evidence_fingerprint, limitation_decision_fingerprint=None"
python,TestletPilotDesign,fast_mlsirm.rubric.testlet_pilot,class,"binary_design, schema_version='1.0', _design_token=None"
python,build_testlet_pilot_design,fast_mlsirm.rubric.testlet_pilot,function,records
python,PilotCandidateRecord,fast_mlsirm.rubric.verified_pilot,class,"pilot_study_id, query_testlet_id, generator_family_id, judge_policy_id, occasion_id, item_id, candidate_fingerprint, audit_report_fingerprint, audit_policy_id, audit_policy_version, blueprint_id, rubric_id, rubric_version, lifecycle_state=<CandidateLifecycleState.PILOT: 'pilot'>, schema_version='1.0', _admission_token=None"
python,AchievedProportion,fast_mlsirm.sampling_design,class,"schema_version, source_identity, source_sha256, algorithm_version, design_artifact_sha256, population_size, sample_size, success_count, estimated_proportion, design_variance, confidence_level, interval_method, lower_success_count, upper_success_count, lower_proportion, upper_proportion, input_sha256, output_sha256, artifact_sha256"
python,ProportionSamplingDesign,fast_mlsirm.sampling_design,class,"schema_version, source_identity, source_sha256, algorithm_version, population_size, expected_proportion, confidence_level, critical_value, margin_of_error, uncorrected_sample_size, sample_size, finite_population_correction, allocation_method, strata, stratum_sample_sizes, stratum_inclusion_probability_ratios, input_sha256, output_sha256, artifact_sha256"
python,SamplingStratum,fast_mlsirm.sampling_design,class,"population_size, expected_proportion"
python,finite_population_achieved_proportion,fast_mlsirm.sampling_design,function,"design, success_count"
python,finite_population_proportion_design,fast_mlsirm.sampling_design,function,"population_size, confidence_level, margin_of_error, strata, allocation_method"
python,BradleyTerryResult,fast_mlsirm.scaling,class,"params, weights, iterations"
python,BrattResult,fast_mlsirm.scaling,class,"alpha, alpha0, iterations, log_likelihood"
python,CircularTriadsResult,fast_mlsirm.scaling,class,"t, t_max, t_exp, zeta, chi2, df, p_value, exact"
python,EloResult,fast_mlsirm.scaling,class,"ratings, games, wins, draws, losses, lag"
python,ElomResult,fast_mlsirm.scaling,class,"ratings, games, places, lag"
python,FideResult,fast_mlsirm.scaling,class,"ratings, games, wins, draws, losses, lag, elite, opponent"
python,Glicko2Result,fast_mlsirm.scaling,class,"ratings, deviations, volatilities, games, wins, draws, losses, lag"
python,GlickoResult,fast_mlsirm.scaling,class,"ratings, deviations, games, wins, draws, losses, lag"
python,KendallUResult,fast_mlsirm.scaling,class,"sigma, u, min_u, chi2, df, p_value"
python,LsrResult,fast_mlsirm.scaling,class,"params, weights, iterations"
python,StephensonResult,fast_mlsirm.scaling,class,"ratings, deviations, games, wins, draws, losses, lag"
python,ThurstoneResult,fast_mlsirm.scaling,class,"scale, gof, model, residual"
python,bradley_terry_mm,fast_mlsirm.scaling,function,"wins, alpha=0.0, max_iter=10000, tol=1e-08"
python,bratt_mm,fast_mlsirm.scaling,function,"wins, ties, ref_index=0, ref_value=1.0, max_iter=10000, tol=1e-10"
python,circular_triads,fast_mlsirm.scaling,function,"mat, alternative='two.sided', correct=True"
python,elo_rating,fast_mlsirm.scaling,function,"games, n_players, init=2200.0, kfac=27.0, gamma=None"
python,elom_rating,fast_mlsirm.scaling,function,"periods, players, scores, n_players, base=(30.0, 10.0, -10.0, -30.0), init=1500.0, init_games=None, init_lag=None, init_places=None, kfac=('kriichi', 400.0, 0.2), placing=False"
python,fide_rating,fast_mlsirm.scaling,function,"games, n_players, init=2200.0, kv=(10.0, 15.0, 30.0), gamma=None"
python,glicko2_rating,fast_mlsirm.scaling,function,"games, n_players, init=(2200.0, 300.0, 0.15), gamma=None, tau=1.2, rdmax=350.0"
python,glicko_rating,fast_mlsirm.scaling,function,"games, n_players, init=(2200.0, 300.0), gamma=None, cval=15.0, rdmax=350.0"
python,ilsr_pairwise,fast_mlsirm.scaling,function,"wins, alpha=0.0, max_iter=100, tol=1e-08"
python,ilsr_rankings,fast_mlsirm.scaling,function,"rankings, n, alpha=0.0, max_iter=100, tol=1e-08"
python,ilsr_top1,fast_mlsirm.scaling,function,"data, n, alpha=0.0, max_iter=100, tol=1e-08"
python,kendall_u,fast_mlsirm.scaling,function,"mat, correct=True"
python,lsr_pairwise,fast_mlsirm.scaling,function,"wins, alpha=0.0"
python,lsr_rankings,fast_mlsirm.scaling,function,"rankings, n, alpha=0.0"
python,lsr_top1,fast_mlsirm.scaling,function,"data, n, alpha=0.0"
python,metrics_rating,fast_mlsirm.scaling,function,"act, pred, cap=(0.01, 0.99), scale=True"
python,predict_rating,fast_mlsirm.scaling,function,"ratings, games, white, black, deviations=None, gamma=30.0, tng=15, trat=None, thresh=None"
python,predict_rating_multi,fast_mlsirm.scaling,function,"ratings, games, players, tng=15, trat=None, placing=False"
python,rank_centrality,fast_mlsirm.scaling,function,"wins, alpha=0.0"
python,stephenson_rating,fast_mlsirm.scaling,function,"games, n_players, init=(2200.0, 300.0), gamma=None, init_games=None, init_lag=None, cval=10.0, hval=10.0, bval=0.0, lambda_=2.0, rdmax=350.0"
python,thurstone_case_v,fast_mlsirm.scaling,function,choice
python,AssessmentResponseType,fast_mlsirm.scoring.assessment,class,*values
python,AssessmentSpec,fast_mlsirm.scoring.assessment,class,"assessment_id, assessment_version, constructs, rubric_fingerprints, response_type, engine_policy, calibration_policy, validation_policy, adjudication_policy, monitoring_policy, reporting_policy, metadata, schema_version='1.0', _assessment_token=None"
python,ConstructSpec,fast_mlsirm.scoring.assessment,class,"construct_id, construct_definition, rubric_fingerprints"
python,build_assessment_spec,fast_mlsirm.scoring.assessment,function,"assessment_id, assessment_version, constructs, rubrics, response_type, engine_policy, calibration_policy, validation_policy, adjudication_policy, monitoring_policy, reporting_policy, metadata=None"
python,StaticFixtureEngine,fast_mlsirm.scoring.authorization,class,"descriptor, outcomes"
python,build_scoring_request,fast_mlsirm.scoring.authorization,function,"request_id, assessment, rubric, granularity, respondent_id, response_id, task_id, task_revision_fingerprint, task_family_id, occasion_id, criterion_ids=(), response_content_fingerprint, response_character_count, response_unit_count, metadata=None"
python,build_scoring_result,fast_mlsirm.scoring.authorization,function,"result_id, request, engine, observations, assessment=None, execution_attempt=1, diagnostics=None"
python,ScoringFacetsCalibrationBundle,fast_mlsirm.scoring.calibration,class,"assessment_fingerprint, rubric_fingerprint, construct_id, occasion_id, category_values, designs, schema_version='1.0', _bundle_token=None"
python,ScoringFacetsDesign,fast_mlsirm.scoring.calibration,class,"assessment_fingerprint, rubric_fingerprint, construct_id, occasion_id, criterion_id, category_values, respondent_ids, task_revision_fingerprints, task_ids, task_family_ids, response_ids, response_respondent_ids, response_task_revision_fingerprints, response_task_ids, response_content_fingerprints, rater_engine_ids, rater_engine_family_ids, rater_engine_fingerprints, rating_records, respondent_task_connected, task_rater_connected, connected, schema_version='1.0', _design_token=None"
python,ScoringFacetsRatingRecord,fast_mlsirm.scoring.calibration,class,"assessment_fingerprint, rubric_fingerprint, construct_id, request_fingerprint, result_fingerprint, observation_fingerprint, respondent_id, response_id, response_content_fingerprint, task_id, task_revision_fingerprint, task_family_id, occasion_id, criterion_id, engine_id, engine_family_id, engine_fingerprint, status, score_category, allowed_scores, schema_version='1.0', _rating_token=None"
python,build_enterprise_issue_facets_calibration_bundle,fast_mlsirm.scoring.enterprise_issue.calibration,function,"executions, require_connected=True"
python,build_enterprise_issue_facets_rating_records,fast_mlsirm.scoring.enterprise_issue.calibration,function,"issue, request, result, engine"
python,AtomicIssueRecord,fast_mlsirm.scoring.enterprise_issue.contracts,class,"issue_id, issue_family_id, issue_content_fingerprint, source_record_fingerprints, evidence_spans, counterevidence_records, metadata, schema_version='1.0'"
python,CandidateIntervention,fast_mlsirm.scoring.enterprise_issue.contracts,class,"intervention_id, intervention_family_id, issue_content_fingerprint, intervention_content_fingerprint, stakeholder_ids, metadata, schema_version='1.0'"
python,CounterevidenceRecord,fast_mlsirm.scoring.enterprise_issue.contracts,class,"counterevidence_id, issue_content_fingerprint, evidence_span, metadata, schema_version='1.0'"
python,EnterpriseAssertionKind,fast_mlsirm.scoring.enterprise_issue.contracts,class,*values
python,EnterpriseSourceRecord,fast_mlsirm.scoring.enterprise_issue.contracts,class,"source_id, source_family_id, source_content_fingerprint, source_character_count, metadata, schema_version='1.0'"
python,EvidenceSpanRecord,fast_mlsirm.scoring.enterprise_issue.contracts,class,"source_id, source_record_fingerprint, span_id, span_content_fingerprint, assertion_kind, start_offset, end_offset, metadata, schema_version='1.0'"
python,StakeholderPerspective,fast_mlsirm.scoring.enterprise_issue.contracts,class,"perspective_id, stakeholder_id, issue_content_fingerprint, value_judgment_span, metadata, schema_version='1.0'"
python,DeterministicExplicitValueParser,fast_mlsirm.scoring.enterprise_issue.explicit_values,class,"currency_codes=('EUR', 'JPY', 'KRW', 'USD'), maximum_records=128"
python,EnterpriseExplicitValueParser,fast_mlsirm.scoring.enterprise_issue.explicit_values,class,"*args, **kwargs"
python,ExplicitValueKind,fast_mlsirm.scoring.enterprise_issue.explicit_values,class,*values
python,ExplicitValueRecord,fast_mlsirm.scoring.enterprise_issue.explicit_values,class,"source_id, source_record_fingerprint, span_content_fingerprint, start_offset, end_offset, value_kind, normalized_payload, parser_revision_fingerprint, metadata=<factory>, schema_version='1.0'"
python,parse_enterprise_explicit_values,fast_mlsirm.scoring.enterprise_issue.explicit_values,function,"source_record, source_text, parser=None"
python,build_enterprise_issue_score_observation,fast_mlsirm.scoring.enterprise_issue.observation,function,"observation_id, request, engine, criterion_id, status, score_category=None, reason_code=None, evidence_references=(), confidence_metadata=None"
python,fit_enterprise_issue_facets_calibration_reports,fast_mlsirm.scoring.enterprise_issue.reporting,function,"executions, report_id_prefix, q_theta=41, max_iter=500, tol=1e-06, require_connected=True, additional_review_trigger_ids=(), metadata=None"
python,build_enterprise_issue_scoring_request,fast_mlsirm.scoring.enterprise_issue.request,function,"request_id, assessment, rubric, issue, response_id, task_id, task_revision_fingerprint, task_family_id, occasion_id, criterion_ids, response_character_count, response_unit_count, stakeholder_perspectives=(), candidate_interventions=(), metadata=None"
python,enterprise_issue_evidence_references,fast_mlsirm.scoring.enterprise_issue.request,function,"issue, stakeholder_perspectives=()"
python,EnterpriseAtomicIssueExtractor,fast_mlsirm.scoring.enterprise_issue.semantic,class,"*args, **kwargs"
python,StaticEnterpriseIssueExtractor,fast_mlsirm.scoring.enterprise_issue.semantic,class,issues
python,extract_enterprise_atomic_issues,fast_mlsirm.scoring.enterprise_issue.semantic,function,"source_records, source_text_by_id, extractor"
python,render_essay_facets_calibration_report_html,fast_mlsirm.scoring.essay.calibration_report_html,function,"report, output_path, output_root=None, title=None"
python,EssayFacetsCalibrationReport,fast_mlsirm.scoring.essay.calibration_reporting,class,"report_id, source_design_fingerprint, assessment_fingerprint, rubric_fingerprint, construct_id, occasion_id, criterion_id, respondent_ids, task_revision_fingerprints, task_ids, task_family_ids, rater_engine_ids, rater_engine_family_ids, rater_engine_fingerprints, category_values, item_difficulty, rater_severity, thresholds, respondent_theta, loglik_trace, n_iter, converged, design_connected, fit_connected, n_parameters, review_trigger_ids, metadata, schema_version='1.0', _report_token=None"
python,build_essay_facets_calibration_report,fast_mlsirm.scoring.essay.calibration_reporting,function,"report_id, design, fit, source_design_fingerprint, additional_review_trigger_ids=(), metadata=None"
python,fit_essay_facets_calibration_report,fast_mlsirm.scoring.essay.calibration_reporting,function,"report_id, design, q_theta=41, max_iter=500, tol=1e-06, additional_review_trigger_ids=(), metadata=None"
python,EssayEvidenceKind,fast_mlsirm.scoring.essay.contracts,class,*values
python,EssayPrompt,fast_mlsirm.scoring.essay.contracts,class,"prompt_id, task_family_id, prompt_content_fingerprint, language_id, genre_id, maximum_response_characters, maximum_response_units, metadata, schema_version='1.0', _prompt_token=None"
python,EssayResponseEvidence,fast_mlsirm.scoring.essay.contracts,class,"evidence_reference, prompt_fingerprint, submission_fingerprint, evidence_kind, start_offset, end_offset, metadata, schema_version='1.0', _evidence_token=None"
python,EssayReviewFlag,fast_mlsirm.scoring.essay.contracts,class,*values
python,EssayScoringRequest,fast_mlsirm.scoring.essay.contracts,class,"scoring_request, prompt_fingerprint, submission_fingerprint, essay_evidence, schema_version='1.0', _request_token=None"
python,EssaySubmission,fast_mlsirm.scoring.essay.contracts,class,"submission_id, respondent_id, response_id, prompt_fingerprint, response_content_fingerprint, response_character_count, response_unit_count, review_flags, metadata, schema_version='1.0', _submission_token=None"
python,build_essay_prompt,fast_mlsirm.scoring.essay.contracts,function,"prompt_id, task_family_id, prompt_content_fingerprint, language_id, genre_id, maximum_response_characters, maximum_response_units, metadata=None"
python,build_essay_response_evidence,fast_mlsirm.scoring.essay.contracts,function,"prompt, submission, evidence_reference, evidence_kind, start_offset, end_offset, metadata=None"
python,build_essay_scoring_request,fast_mlsirm.scoring.essay.contracts,function,"request_id, assessment, rubric, prompt, submission, occasion_id, criterion_ids, essay_evidence=(), metadata=None"
python,build_essay_submission,fast_mlsirm.scoring.essay.contracts,function,"submission_id, prompt, respondent_id, response_id, response_content_fingerprint, response_character_count, response_unit_count, review_flags=(), metadata=None"
python,score_essay_request,fast_mlsirm.scoring.essay.contracts,function,"engine, request"
python,render_essay_score_report_html,fast_mlsirm.scoring.essay.report_html,function,"report, output_path, title=None"
python,EssayScoreReport,fast_mlsirm.scoring.essay.reporting,class,"report_id, essay_request, engine_descriptor, scoring_result, review_trigger_ids, metadata, schema_version='1.0', _report_token=None"
python,build_essay_score_report,fast_mlsirm.scoring.essay.reporting,function,"report_id, request, result, engine, additional_review_trigger_ids=(), metadata=None"
python,render_essay_validation_evidence_report_html,fast_mlsirm.scoring.essay.validation_report_html,function,"report, output_path, title=None"
python,EssayValidationEvidenceReport,fast_mlsirm.scoring.essay.validation_reporting,class,"report_id, assessment_spec, construct_id, rubric_fingerprint, criterion_id, automated_engine, reference_engine, validation_dataset_fingerprint, category_count, paired_observation_count, metrics, review_trigger_ids, metadata, schema_version='1.0', _report_token=None"
python,EssayValidationMetric,fast_mlsirm.scoring.essay.validation_reporting,class,"metric_id, value, interpretation_id, _metric_token=None"
python,build_essay_validation_evidence_report,fast_mlsirm.scoring.essay.validation_reporting,function,"report_id, assessment, construct_id, rubric_fingerprint, criterion_id, automated_engine, reference_engine, validation_dataset_fingerprint, automated_labels, reference_labels, category_count, human_human_labels=None, subgroup_labels=None, additional_review_trigger_ids=(), metadata=None"
python,EngineDescriptor,fast_mlsirm.scoring.execution,class,"engine_id, engine_family_id, provider_id, engine_version, engine_kind, model_id, prompt_driven, prompt_template_fingerprint, metadata, schema_version='1.0', _engine_token=None"
python,EngineKind,fast_mlsirm.scoring.execution,class,*values
python,EvidenceReference,fast_mlsirm.scoring.execution,class,"source_id, span_id, content_fingerprint, evidence_role=<EvidenceRole.SUPPORTING: 'supporting_evidence'>, schema_version='1.0'"
python,EvidenceRole,fast_mlsirm.scoring.execution,class,*values
python,FixtureOutcome,fast_mlsirm.scoring.execution,class,"criterion_id, status, score_category=None, reason_code=None, evidence_references=(), confidence_metadata=None"
python,ObservationGranularity,fast_mlsirm.scoring.execution,class,*values
python,ObservationStatus,fast_mlsirm.scoring.execution,class,*values
python,ScoreObservation,fast_mlsirm.scoring.execution,class,"observation_id, request_fingerprint, engine_fingerprint, assessment_fingerprint, rubric_fingerprint, construct_id, granularity, criterion_id, status, score_category, reason_code, evidence_references, confidence_metadata, schema_version='1.0', _observation_token=None"
python,ScoringEngine,fast_mlsirm.scoring.execution,class,"*args, **kwargs"
python,ScoringRequest,fast_mlsirm.scoring.execution,class,"request_id, assessment_fingerprint, rubric_id, rubric_fingerprint, construct_id, response_format, granularity, respondent_id, response_id, task_id, task_revision_fingerprint, task_family_id, occasion_id, criterion_ids, allowed_scores, response_content_fingerprint, response_character_count, response_unit_count, metadata, schema_version='1.1', _request_token=None"
python,ScoringResult,fast_mlsirm.scoring.execution,class,"result_id, request_fingerprint, engine_fingerprint, granularity, requested_criterion_ids, observations, execution_attempt, diagnostics, schema_version='1.0', _result_token=None"
python,StaticFixtureEngine,fast_mlsirm.scoring.execution,class,"descriptor, outcomes"
python,build_engine_descriptor,fast_mlsirm.scoring.execution,function,"engine_id, engine_family_id, provider_id, engine_version, engine_kind, model_id=None, prompt_driven=False, prompt_template_fingerprint=None, metadata=None"
python,build_score_observation,fast_mlsirm.scoring.execution,function,"observation_id, request, engine, criterion_id, status, score_category=None, reason_code=None, evidence_references=(), confidence_metadata=None"
python,build_scoring_request,fast_mlsirm.scoring.execution,function,"request_id, assessment, rubric, granularity, respondent_id, response_id, task_id, task_revision_fingerprint, task_family_id, occasion_id, criterion_ids=(), response_content_fingerprint, response_character_count, response_unit_count, metadata=None"
python,build_scoring_result,fast_mlsirm.scoring.execution,function,"result_id, request, engine, observations, execution_attempt=1, diagnostics=None"
python,ItemBankEntry,fast_mlsirm.scoring.item_bank,class,"entry_id, item_id, item_version, rubric_fingerprint, blueprint_fingerprint, generation_contract_fingerprint, item_content_fingerprint, lifecycle_state, audit_evidence_fingerprints, screening_result_fingerprints, pilot_assignment_fingerprints, calibration_evidence_fingerprints, approval_decision_fingerprint, retirement_decision_fingerprint, predecessor_entry_fingerprint, metadata, _token=None"
python,ItemBankRelease,fast_mlsirm.scoring.item_bank,class,"release_id, release_version, entry_fingerprints, predecessor_release_fingerprint, cross_version_comparable, linking_evidence_fingerprints, metadata, _token=None"
python,ItemLifecycleState,fast_mlsirm.scoring.item_bank,class,*values
python,build_item_bank_entry,fast_mlsirm.scoring.item_bank,function,**values
python,build_item_bank_release,fast_mlsirm.scoring.item_bank,function,**values
python,migrate_scoring_request_v1,fast_mlsirm.scoring.migrations,function,"artifact, assessment, rubric, task_revision_fingerprint"
python,AdjudicationPolicy,fast_mlsirm.scoring.policies,class,"policy_id, trigger_ids, construct_ids"
python,CalibrationPolicy,fast_mlsirm.scoring.policies,class,"policy_id, model_id, construct_ids"
python,EnginePolicy,fast_mlsirm.scoring.policies,class,"policy_id, engine_ids=(), allow_human_raters=True, allow_automated_raters=False, minimum_raters_per_response=1"
python,MonitoringPolicy,fast_mlsirm.scoring.policies,class,"policy_id, metric_ids, construct_ids"
python,ReportingPolicy,fast_mlsirm.scoring.policies,class,"policy_id, format_ids, construct_ids, include_exact_values=True"
python,ValidationPolicy,fast_mlsirm.scoring.policies,class,"policy_id, metric_ids, construct_ids"
python,RAGCandidateVisibility,fast_mlsirm.scoring.rag,class,*values
python,RAGEvidenceRegime,fast_mlsirm.scoring.rag,class,*values
python,RAGPerturbationAnchor,fast_mlsirm.scoring.rag,class,"anchor_id, baseline_request_fingerprint, perturbed_request_fingerprint, perturbation_specification_fingerprint, perturbation_run_fingerprint, perturbation_kind, _anchor_token=None"
python,RAGPerturbationConstructBasis,fast_mlsirm.scoring.rag,class,*values
python,RAGPerturbationDirection,fast_mlsirm.scoring.rag,class,*values
python,RAGPerturbationKind,fast_mlsirm.scoring.rag,class,*values
python,build_rag_perturbation_anchor,fast_mlsirm.scoring.rag,function,"anchor_id, baseline_request, perturbed_request, perturbation_specification_fingerprint, perturbation_run_fingerprint, perturbation_kind"
python,build_rag_scoring_request,fast_mlsirm.scoring.rag,function,"request_id, assessment, rubric, query_id, query_revision_fingerprint, query_testlet_id, evidence_regime, candidate_visibility, system_configuration_id, system_configuration_fingerprint, system_run_id, response_id, retrieval_run_fingerprint, response_content_fingerprint, occasion_id, criterion_ids=(), response_character_count, response_unit_count, metadata=None"
python,build_rag_facets_calibration_bundle,fast_mlsirm.scoring.rag_calibration,function,"executions, require_connected=True"
python,build_rag_facets_rating_records,fast_mlsirm.scoring.rag_calibration,function,"request, result, engine"
python,RAGEvidenceRegimeLimitations,fast_mlsirm.scoring.rag_evidence,class,"regime, limitation_codes, _limitations_token=None"
python,rag_evidence_regime_limitations,fast_mlsirm.scoring.rag_evidence,function,regime
python,GbtResult,fast_mlsirm.security,class,"observed_matches, match_dist, p_value"
python,KIndexResult,fast_mlsirm.security,class,"wc, ws, m, subgroup, emp_agg, p, k_index"
python,KVariantsResult,fast_mlsirm.security,class,"wc, ws, m, mm, pr, pj, p1, p2, s1, s2, k1, k2, s1_index, s2_index"
python,WollackOmegaResult,fast_mlsirm.security,class,"observed_matches, expected_matches, variance, omega, p_value"
python,gbt,fast_mlsirm.security,function,"matches, match_probs"
python,k_index,fast_mlsirm.security,function,"responses, copier, source"
python,k_variants,fast_mlsirm.security,function,"responses, copier, source"
python,wollack_omega,fast_mlsirm.security,function,"copier, source, probs, n_options"
python,bank_information,fast_mlsirm.serving,function,"bundle, theta, xi=None, device='auto'"
python,cat_next_item,fast_mlsirm.serving,function,"bundle, responses_so_far, prior=None, device='auto'"
python,export_serving_bundle,fast_mlsirm.serving,function,"result, item_codes, factor_id, path=None, q_theta=21, q_xi=11, eps_distance=1e-08, screening_audit=None, dim_names=None"
python,load_serving_bundle,fast_mlsirm.serving,function,path
python,plausible_values,fast_mlsirm.serving,function,"bundle, responses, n_draws=5, seed=1, prior=None, device='auto'"
python,score_respondents,fast_mlsirm.serving,function,"bundle, responses, mask=None, method='eap', prior=None, device='auto'"
python,serving_prior,fast_mlsirm.serving,function,bundle
python,simulate,fast_mlsirm.simulation,function,config=None
python,HofsteeResult,fast_mlsirm.standard_setting,class,"cut_score, fail_rate, failed, cum_freq_percent"
python,hofstee,fast_mlsirm.standard_setting,function,"scores, min_cut, max_cut, min_fail, max_fail"
python,StructuralComparisonOutcome,fast_mlsirm.structural_selection,class,*values
python,StructuralSelectionDecision,fast_mlsirm.structural_selection,class,*values
python,StructuralSelectionEvidence,fast_mlsirm.structural_selection,class,"simpler_candidate_id, more_complex_candidate_id, relation_evidence, comparison_outcome, simpler_score_interpretation_supported, more_complex_score_interpretation_supported, recovery_evidence_sufficient"
python,StructuralSelectionResult,fast_mlsirm.structural_selection,class,"decision, selected_candidate_id, required_procedure, reason_code"
python,govern_structural_selection,fast_mlsirm.structural_selection,function,evidence
python,SubscoreResult,fast_mlsirm.subscores,class,"alpha, alpha_total, corr, disattenuated_corr, prmse_s, prmse_x, prmse_sx, tau, beta, gamma, added_value_s, added_value_sx, observed, total, subscore_s, subscore_x, subscore_sx"
python,subscore_analysis,fast_mlsirm.subscores,function,"responses, groups"
python,assemble_test_form,fast_mlsirm.test_design,function,"information, length, content=None, min_per_content=None, max_per_content=None, exclude=None"
python,item_information,fast_mlsirm.test_design,function,"params, factor_id, theta=None, person_index=None, model='MLS2PLM'"
python,select_cat_item,fast_mlsirm.test_design,function,"params, factor_id, theta=None, person_index=None, administered=None, model='MLS2PLM'"
python,TestletFit,fast_mlsirm.testlet,class,"model, a, b, beta, sigma2, theta, loglik_trace, n_iter, converged, n_parameters, termination_reason='unknown', final_loglik_change=nan"
python,fit_testlet,fast_mlsirm.testlet,function,"responses, testlet_id, model='rasch', max_iter=500, tol=1e-06, q_gamma=21, estimate_sigma=True, init_sigma2=0.5, require_convergence=False"
python,TwoTierGrmFit,fast_mlsirm.two_tier_grm,class,"a_primary, a_specific, threshold, phi, theta_p_eap, theta_p_sd, category_counts, n_cat, n_primary, n_specific, loglik_trace, n_iter, converged, termination_reason, final_loglik_change, best_start, n_parameters"
python,fit_two_tier_grm,fast_mlsirm.two_tier_grm,function,"responses, primary_map, specific_map, n_cat, n_primary, n_specific, q_primary, q_specific, max_iter=500, tol=1e-06, n_starts=1, seed=11400714819323198485"
python,TwoPlFit,fast_mlsirm.twopl,class,"model, loading, intercept, theta, corr, loglik_trace, n_iter, converged, n_parameters, termination_reason='unknown', final_loglik_change=nan"
python,fit_2pl,fast_mlsirm.twopl,function,"responses, model=1, q=21, estimate_corr=False, max_iter=500, tol=1e-06, node_rule='gh', xi_points=4000, xi_seed=11400714819323198485"
python,DimensionalityDiagnostics,fast_mlsirm.types,class,"candidates, best"
python,FitDiagnostics,fast_mlsirm.types,class,"itemfit, personfit, model_fit, factorfit=None, categoryfit=None, groupfit=None, clusterfit=None, group_itemfit=None, cluster_itemfit=None"
python,FitResult,fast_mlsirm.types,class,"params, model, optimizer, backend, rust_device, objective, loglik_trace, objective_trace, convergence_status, n_iter, population=None, ic=None"
python,MLSIRMParams,fast_mlsirm.types,class,"theta, alpha, b, xi, zeta, tau"
python,RecoveryReport,fast_mlsirm.types,class,"summary, metrics"
python,SimulationData,fast_mlsirm.types,class,"Y, factor_id, truth, Phi, probabilities, config"
python,SelectionUtilityResult,fast_mlsirm.utility,class,"xc, ux, pux, utility_gain"
python,TaylorRussellResult,fast_mlsirm.utility,class,"success_ratio, base_rate, q_joint"
python,selection_utility,fast_mlsirm.utility,function,"n, sdy, rxy, sr, cost_total=0.0, period=1.0"
python,taylor_russell,fast_mlsirm.utility,function,"rxy, sr, br"
python,FleissKappaResult,fast_mlsirm.validation,class,"kappa, subjects_used, z, p_value, category_kappa, category_z, category_p"
python,LightKappaResult,fast_mlsirm.validation,class,"value, subjects_used, raters, kappas, z, p_value"
python,ValidationPolicy,fast_mlsirm.validation,class,"policy_id='williamson_high_stakes', policy_version='1.0', qwk_min=0.7, pearson_r_min=0.7, degradation_max=0.1, overall_smd_max=0.15, subgroup_smd_max=0.1, min_subgroup_n=2"
python,ValidationVerdict,fast_mlsirm.validation,class,"gates, exact_agreement, adjacent_agreement, passed, failed_gates=<factory>, policy_id='williamson_high_stakes', policy_version='1.0'"
python,fleiss_kappa,fast_mlsirm.validation,function,"ratings, k=None, exact=False"
python,light_kappa,fast_mlsirm.validation,function,ratings
python,validate_judge,fast_mlsirm.validation,function,"judge, human, k=2, human_human=None, subgroup=None, policy=None"
python,ValidationEvidenceClass,fast_mlsirm.validation_profile,class,*values
python,ValidationEvidenceReference,fast_mlsirm.validation_profile,class,"evidence_id, artifact_fingerprint, evidence_class, status, available_time, limitation_ids=()"
python,ValidationEvidenceStatus,fast_mlsirm.validation_profile,class,*values
python,ValidationProfile,fast_mlsirm.validation_profile,class,"validation_profile_id, protocol_fingerprint, assessment_fingerprint, rubric_fingerprint, item_bank_fingerprint, model_fingerprint, intended_construct, score_interpretation, population, setting, decision_use, analysis_cutoff, evidence_references"
python,score_wle,fast_mlsirm.wle,function,"a, b, responses, observed=None, c=None, d=None, theta_bound=20.0, tol=1e-08"
python,score_wle_poly,fast_mlsirm.wle,function,"responses, slope, cat_params, n_cat, model='grm', observed=None, theta_bound=20.0, tol=1e-08"
pyo3,py_bifactor_indices,fast_mlsirm._bifactor_core,function,"py, loadings, uniquenesses, general_factor, zero_tolerance"
pyo3,py_bifactor_indices_from_logit_slopes,fast_mlsirm._bifactor_core,function,"py, logit_slopes, general_factor, zero_tolerance"
pyo3,py_bifactor_lord_wingersky,fast_mlsirm._bifactor_core,function,"py, a_general, a_specific, thresholds, item_domains, n_cat, n_domains, theta_general, theta_specific, weights_specific"
pyo3,py_direct_enumeration_bifactor,fast_mlsirm._bifactor_core,function,"py, a_general, a_specific, thresholds, item_domains, n_cat, n_domains, theta_general, theta_specific, weights_specific"
pyo3,adjusted_chi2_pairs,fast_mlsirm._core,function,"y, observed, n_persons, alpha, b, zeta, tau, factor_id, model, n_dims, latent_dim, eps_distance, prior_mean, prior_sd, q_theta = 21, xi_rule = ""gh"", q_xi = 11, xi_points = 256, xi_seed = 0"
pyo3,analytic_see,fast_mlsirm._core,function,"x_scores, y_scores, k_x, k_y, method = ""linear"", ci_level = 0.95"
pyo3,andersen_lr_test,fast_mlsirm._core,function,"y, group, n_groups, n_persons, n_items, max_iter = 100, tol = 1e-8"
pyo3,assemble_test_form_greedy,fast_mlsirm._core,function,"information, length, content = None, min_per_content = None, max_per_content = None, exclude = None"
pyo3,bank_information,fast_mlsirm._core,function,"theta, xi, n_points, alpha, b, zeta, tau, factor_id, model, n_dims, latent_dim, eps_distance, device = ""auto"""
pyo3,benjamini_hochberg,fast_mlsirm._core,function,"p_values, q"
pyo3,bhapkar_mh,fast_mlsirm._core,function,"py, table, c"
pyo3,bootstrap_see,fast_mlsirm._core,function,"x_scores, y_scores, k_x, k_y, method = ""equipercentile"", n_boot = 1000, ci_level = 0.95, seed = 0"
pyo3,bradley_terry_mm,fast_mlsirm._core,function,"wins, n, alpha=0.0, max_iter=10000, tol=1e-8"
pyo3,bratt_mm,fast_mlsirm._core,function,"wins, ties, n, ref_index=0, ref_value=1.0, max_iter=10000, tol=1e-10"
pyo3,cat_ability_eap,fast_mlsirm._core,function,"xi_mean, administered, responses, alpha, b, zeta, tau, factor_id, model, n_dims, latent_dim, eps_distance, prior_mean, prior_sd, n_quad = 41, quad_range = 6.0, device = ""auto"""
pyo3,cat_ability_mle,fast_mlsirm._core,function,"xi_mean, administered, responses, alpha, b, zeta, tau, factor_id, model, n_dims, latent_dim, eps_distance, start = None, max_iter = 50, tol = 1e-6, bound = 6.0, device = ""auto"""
pyo3,cat_ability_standard_error,fast_mlsirm._core,function,"xi_mean, theta, administered, alpha, b, zeta, tau, factor_id, model, n_dims, latent_dim, eps_distance, device = ""auto"""
pyo3,cat_item_information,fast_mlsirm._core,function,"theta, xi_mean, alpha, b, zeta, tau, factor_id, model, n_dims, latent_dim, eps_distance, device = ""auto"""
pyo3,cat_next_item,fast_mlsirm._core,function,"y, administered, alpha, b, zeta, tau, factor_id, model, n_dims, latent_dim, eps_distance, prior_mean, prior_sd, q_theta = 21, xi_rule = ""gh"", q_xi = 11, xi_points = 256, xi_seed = 0, device = ""auto"""
pyo3,cat_select_item,fast_mlsirm._core,function,"theta, xi_mean, administered, alpha, b, zeta, tau, factor_id, model, n_dims, latent_dim, eps_distance, device = ""auto"""
pyo3,chi2_sf,fast_mlsirm._core,function,"x, df"
pyo3,circle_arc_equate,fast_mlsirm._core,function,"scores, low, middle, high, method"
pyo3,circle_arc_middle_anchor,fast_mlsirm._core,function,"m_xa, m_va, m_yb, s_yb, m_vb, s_vb"
pyo3,circular_triads,fast_mlsirm._core,function,"mat, n, alternative=""two.sided"", correct=true"
pyo3,cluster_moment_covariance_stat,fast_mlsirm._core,function,"z_rows, model_moments, cluster_id, n_rows, n_moments, n_clusters"
pyo3,composite_linking,fast_mlsirm._core,function,"tables, weights, slopes = None, p = 1.0"
pyo3,cronbach_alpha,fast_mlsirm._core,function,"data, n_persons, n_items"
pyo3,detect_analysis,fast_mlsirm._core,function,"py, x, n_persons, n_items, cluster"
pyo3,dimensionality_residuals,fast_mlsirm._core,function,"py, resid, n_persons, n_items"
pyo3,eapsum_tables,fast_mlsirm._core,function,"alpha, b, zeta, tau, factor_id, model, n_dims, latent_dim, eps_distance, prior_mean, prior_sd, q_theta = 21, xi_rule = ""gh"", q_xi = 11, xi_points = 256, xi_seed = 0, device = ""auto"""
pyo3,elo_rating,fast_mlsirm._core,function,"periods, white, black, score, gamma, n, init, kfac"
pyo3,elom_rating,fast_mlsirm._core,function,"periods, players, scores, base, init_ratings, init_games, init_lag, init_places, kfac_mode, kfac_k, kfac_gv, kfac_kv, placing"
pyo3,empirical_reliability,fast_mlsirm._core,function,"theta_eap, theta_sd, n_persons, n_dims, device"
pyo3,equate_neat,fast_mlsirm._core,function,"x_total, x_anchor, y_total, y_anchor, k_x, k_y, k_v, method = ""chained"", w1 = 0.5"
pyo3,equate_neat_linear,fast_mlsirm._core,function,"x_total, x_anchor, y_total, y_anchor, k_x, k_y, method = ""tucker"", anchor_kind = ""internal"", w1 = 0.5"
pyo3,equate_observed_scores,fast_mlsirm._core,function,"x_scores, y_scores, k_x, k_y, method = ""equipercentile"""
pyo3,equate_observed_scores_ext,fast_mlsirm._core,function,"x_scores, y_scores, k_x, k_y, continuization = ""uniform"", smooth_degree_x = None, smooth_degree_y = None, bandwidth_x = None, bandwidth_y = None"
pyo3,factorized_multilevel_moments_stat,fast_mlsirm._core,function,"probs, cluster_weights, trait_weights, space_weights, q_u, q_theta, factor_id, item_values, item_offsets"
pyo3,factorized_trait_moments_stat,fast_mlsirm._core,function,"probs, trait_weights, space_weights, q_theta, factor_id, item_values, item_offsets"
pyo3,feldt_alpha_ci,fast_mlsirm._core,function,"py, alpha, n_persons, n_items, level"
pyo3,fide_rating,fast_mlsirm._core,function,"periods, white, black, score, gamma, n, init, kv0, kv1, kv2"
pyo3,finite_population_achieved_proportion,fast_mlsirm._core,function,"py, design_artifact_sha256, population_size, sample_size, success_count, confidence_level"
pyo3,finite_population_proportion_design,fast_mlsirm._core,function,"py, population_size, confidence_level, margin_of_error, stratum_population_sizes, stratum_expected_proportions, allocation_method"
pyo3,finn_coefficient,fast_mlsirm._core,function,"py, ratings, ns, nr, s_levels, model"
pyo3,fit_2pl,fast_mlsirm._core,function,"y, observed, loading_pattern, n_persons, n_items, n_dims, q = 21, estimate_corr = false, max_iter = 500, tol = 1e-6, node_rule = ""gh"", xi_points = 4000, xi_seed = 0x9E37_79B9_7F4A_7C15"
pyo3,fit_bifactor_grm,fast_mlsirm._core,function,"y, observed, specific_map, n_persons, n_items, n_specific, n_cat, q_general = 21, q_specific = 11, max_iter = 500, tol = 1e-6, n_starts = 1, seed = 0x9E37_79B9_7F4A_7C15, device = ""cpu"""
pyo3,fit_bifactor_grm_fipc,fast_mlsirm._core,function,"y, observed, specific_map, n_persons, n_items, n_specific, n_cat, anchor, fixed_a_general, fixed_a_specific, fixed_threshold, q_general = 21, q_specific = 11, max_iter = 500, tol = 1e-6, newton_iter = 10, ridge = 1e-8, estimate_specific_vars = false"
pyo3,fit_bifactor_grm_multigroup,fast_mlsirm._core,function,"y, observed, group_id, n_groups, specific_map, n_persons, n_items, n_specific, n_cat, anchor = None, q_general = 21, q_specific = 11, max_iter = 500, tol = 1e-6, n_starts = 1, seed = 0x9E37_79B9_7F4A_7C15, estimate_specific_vars = false, device = ""cpu"""
pyo3,fit_cdm,fast_mlsirm._core,function,"y, observed, q_matrix, n_persons, n_items, n_attributes, model = ""dina"", max_iter = 500, tol = 1e-6"
pyo3,fit_crm,fast_mlsirm._core,function,"responses, observed, n_persons, n_items, q_theta = 41, max_iter = 500, tol = 1e-6"
pyo3,fit_facets,fast_mlsirm._core,function,"y, observed, n_persons, n_items, n_raters, n_cat, q_theta = 41, max_iter = 500, tol = 1e-6"
pyo3,fit_gdina,fast_mlsirm._core,function,"y, observed, q_matrix, n_persons, n_items, n_attributes, max_iter = 500, tol = 1e-6"
pyo3,fit_gpcm,fast_mlsirm._core,function,"y, observed, loading_pattern, n_persons, n_items, n_dims, n_cat, q = 21, max_iter = 500, tol = 1e-6, node_rule = ""gh"", xi_points = 4000, xi_seed = 0x9E37_79B9_7F4A_7C15"
pyo3,fit_grm,fast_mlsirm._core,function,"y, observed, loading_pattern, n_persons, n_items, n_dims, n_cat, q = 21, max_iter = 500, tol = 1e-6, node_rule = ""gh"", xi_points = 4000, xi_seed = 0x9E37_79B9_7F4A_7C15"
pyo3,fit_ho_cdm,fast_mlsirm._core,function,"y, observed, q_matrix, n_persons, n_items, n_attributes, model = ""dina"", max_iter = 500, tol = 1e-6"
pyo3,fit_ho_gdina,fast_mlsirm._core,function,"y, observed, q_matrix, n_persons, n_items, n_attributes, max_iter = 500, tol = 1e-6"
pyo3,fit_lltm,fast_mlsirm._core,function,"y, observed, q_design, n_persons, n_items, n_basic, fit_intercept = true, compute_lr = true, max_iter = 500, tol = 1e-6"
pyo3,fit_marginal,fast_mlsirm._core,function,"y, observed, factor_id, n_persons, n_items, n_dims, latent_dim, model, eps_distance, pop_kind = ""single"", pop_id = None, n_pop = 0, q_theta = 21, q_xi = 11, q_u = 15, max_iter = 200, tol = 1e-5, m_steps = 4, lambda_b = 0.25, lambda_alpha = 1.0, mu_alpha = 0.5, lambda_zeta = 1.0, lambda_tau = 1.0, mu_tau = 0.5, device = ""cpu"", xi_rule = ""gh"", xi_points = 256, xi_seed = 0, anchor_fixed = None, anchor_alpha = None, anchor_b = None, anchor_zeta = None, anchor_tau = None, zero_inflation = false, covariate_w = None, covariate_init_delta = 0.0"
pyo3,fit_mhrm,fast_mlsirm._core,function,"y, observed, loading_pattern, n_persons, n_items, n_dims, max_cycles = 2000, burn_in = 200, mh_steps = 5, proposal_sd = 1.0, target_accept = 0.30, tol = 1e-3, seed = 0x9E37_79B9_7F4A_7C15, estimate_se = true, estimate_corr = false, model = ""2pl"", n_cat = 2"
pyo3,fit_mixed_items,fast_mlsirm._core,function,"y, n_persons, n_items, item_models, n_categories, observed = None, latent_dim = 2, q_theta = 21, q_xi = 7, max_iter = 100, tol = 1e-5, n_threads = 0"
pyo3,fit_mixture,fast_mlsirm._core,function,"y, observed, n_persons, n_items, n_classes, model = ""rasch"", n_starts = 1, max_iter = 500, tol = 1e-6, seed = 0x2545F491"
pyo3,fit_mmle_2pl,fast_mlsirm._core,function,"y, observed, n_persons, n_items, max_iter, tol"
pyo3,fit_nominal,fast_mlsirm._core,function,"y, n_persons, n_items, n_cat, observed = None, q_theta = 21, max_iter = 200, tol = 1e-6"
pyo3,fit_nominal_model,fast_mlsirm._core,function,"y, observed, loading_pattern, n_persons, n_items, n_dims, n_cat, q = 21, max_iter = 500, tol = 1e-6, node_rule = ""gh"", xi_points = 4000, xi_seed = 0x9E37_79B9_7F4A_7C15"
pyo3,fit_poly_fipc,fast_mlsirm._core,function,"y, n_persons, n_items, n_cat, anchor, anchor_slope, anchor_cat_params, observed = None, q_theta = 21, max_iter = 200, tol = 1e-6"
pyo3,fit_poly_lsirm,fast_mlsirm._core,function,"y, n_persons, n_items, n_cat, latent_dim, observed = None, model = ""grm"", q_theta = 11, q_xi = 11, max_iter = 60, tol = 1e-5"
pyo3,fit_poly_unidim,fast_mlsirm._core,function,"y, n_persons, n_items, n_cat, observed = None, model = ""grm"", q_theta = 21, max_iter = 80, tol = 1e-6"
pyo3,fit_rasch_cml,fast_mlsirm._core,function,"y, n_persons, n_items, max_iter = 100, tol = 1e-8"
pyo3,fit_rsm,fast_mlsirm._core,function,"y, observed, n_persons, n_items, n_cat, q_theta = 41, max_iter = 500, tol = 1e-6"
pyo3,fit_rt_lognormal,fast_mlsirm._core,function,"times, observed, n_persons, n_items, max_iter = 500, tol = 1e-6, var_floor = 1e-4, sigma_floor = 1e-4, fix_sigma_tau = None"
pyo3,fit_seq_gdina,fast_mlsirm._core,function,"y, observed, q_matrix, n_persons, n_items, n_attributes, max_iter = 500, tol = 1e-6"
pyo3,fit_seq_gdina_qr,fast_mlsirm._core,function,"y, observed, step_q, n_steps, n_persons, n_items, n_attributes, max_iter = 500, tol = 1e-6"
pyo3,fit_speed_accuracy_covariance,fast_mlsirm._core,function,"responses, times, observed, a, b, alpha, beta, n_persons, n_items, q = 21, max_iter = 500, tol = 1e-6, fix_sigma_tau = None"
pyo3,fit_testlet,fast_mlsirm._core,function,"y, observed, testlet_id, n_persons, n_items, n_testlets, model = ""rasch"", max_iter = 500, tol = 1e-6, q_gamma = 21, estimate_sigma = true, init_sigma2 = 0.5"
pyo3,fit_two_tier_grm,fast_mlsirm._core,function,"y, observed, primary_map, specific_map, n_persons, n_items, n_primary, n_specific, n_cat, q_primary = 15, q_specific = 11, max_iter = 500, tol = 1e-6, n_starts = 1, seed = 0x9E37_79B9_7F4A_7C15"
pyo3,fleiss_kappa,fast_mlsirm._core,function,"ratings, ns, nr, k, exact=false"
pyo3,gdina_wald_selection,fast_mlsirm._core,function,"y, observed, q_matrix, n_persons, n_items, n_attributes, alpha = 0.05, max_iter = 500, tol = 1e-6"
pyo3,glb_fa,fast_mlsirm._core,function,"py, corr, p"
pyo3,glb_fa_from_data,fast_mlsirm._core,function,"py, data, n, p"
pyo3,glicko2_rating,fast_mlsirm._core,function,"periods, white, black, score, gamma, init_rating, init_dev, init_vol, tau, rdmax"
pyo3,glicko_rating,fast_mlsirm._core,function,"periods, white, black, score, gamma, init_rating, init_dev, cval, rdmax"
pyo3,gpcm_cell_logprobs,fast_mlsirm._core,function,"base, scores, intercepts"
pyo3,grm_cell_logprobs,fast_mlsirm._core,function,"base, thresholds"
pyo3,gtheory_pi,fast_mlsirm._core,function,"py, x, n_p, n_i, n_i_prime"
pyo3,gtheory_pio,fast_mlsirm._core,function,"py, x, n_p, n_i, n_o, n_prime"
pyo3,guttman_lambdas,fast_mlsirm._core,function,"py, data, n_persons, n_items, n_sample_splits, seed"
pyo3,hanson_brennan,fast_mlsirm._core,function,"py, scores, n_items, reliability, cut, two_parameter"
pyo3,hanson_brennan_from_params,fast_mlsirm._core,function,"py, n_items, lords_k, lower, upper, alpha, beta, cut"
pyo3,icc,fast_mlsirm._core,function,"py, ratings, ns, nr, model, r#type, unit, r0, conf_level"
pyo3,ilsr_pairwise,fast_mlsirm._core,function,"wins, n, alpha=0.0, max_iter=100, tol=1e-8"
pyo3,ilsr_rankings,fast_mlsirm._core,function,"rankings, starts, n, alpha=0.0, max_iter=100, tol=1e-8"
pyo3,ilsr_top1,fast_mlsirm._core,function,"winners, losers, starts, n, alpha=0.0, max_iter=100, tol=1e-8"
pyo3,infit_outfit_stat,fast_mlsirm._core,function,"y, observed, n_persons, alpha, b, zeta, tau, factor_id, model, n_dims, latent_dim, eps_distance, theta, xi"
pyo3,irt_link,fast_mlsirm._core,function,"a_old, b_old, a_new, b_new, theta, weight, method = ""stocking_lord"""
pyo3,jmle_optimize,fast_mlsirm._core,function,"x0, objective, optimizer, max_iter, learning_rate, tolerance, lbfgs_history"
pyo3,jmle_optimize_adam,fast_mlsirm._core,function,"x0, objective, learning_rate, max_iter, tolerance"
pyo3,jmle_optimize_lbfgs,fast_mlsirm._core,function,"x0, objective, max_iter, tolerance, history"
pyo3,kendall_u,fast_mlsirm._core,function,"mat, n, correct=true"
pyo3,kripp_alpha,fast_mlsirm._core,function,"py, ratings, nraters, nsubjects, method"
pyo3,ksirt_occ,fast_mlsirm._core,function,"x, n_persons, n_items, kernel = ""gaussian"", nevalpoints = 51, bandwidth = None"
pyo3,lee_classification,fast_mlsirm._core,function,"py, probs, n_points, n_items, weights, cutscores"
pyo3,leniency_residuals_stat,fast_mlsirm._core,function,"y, observed, prob, n_persons"
pyo3,light_kappa,fast_mlsirm._core,function,"ratings, ns, nr"
pyo3,link_fixed_item_parameters,fast_mlsirm._core,function,"py, source_theta, source_alpha, source_b, target_alpha, target_b, anchors, factors"
pyo3,livingston_correlation,fast_mlsirm._core,function,"x, y, cut_x, cut_y"
pyo3,livingston_k2,fast_mlsirm._core,function,"py, scores, cut, reliability, n_lengths"
pyo3,livingston_lewis,fast_mlsirm._core,function,"py, scores, reliability, min_score, max_score, cut"
pyo3,logistic_dif,fast_mlsirm._core,function,"y, group, n_persons, n_items, exclude_studied_item = false, fdr_q = 0.05, max_iter = 50"
pyo3,logistic_dif_purified,fast_mlsirm._core,function,"y, group, n_persons, n_items, exclude_studied_item = false, fdr_q = 0.05, max_iter = 50, max_rounds = 3, min_anchor_items = 4"
pyo3,loglinear_smooth,fast_mlsirm._core,function,"counts, degree = 6"
pyo3,lsr_pairwise,fast_mlsirm._core,function,"wins, n, alpha=0.0"
pyo3,lsr_rankings,fast_mlsirm._core,function,"rankings, starts, n, alpha=0.0"
pyo3,lsr_top1,fast_mlsirm._core,function,"winners, losers, starts, n, alpha=0.0"
pyo3,m2_cmle_rasch_stat,fast_mlsirm._core,function,"y, observed, n_persons, item_easiness"
pyo3,m2_stat,fast_mlsirm._core,function,"y, observed, n_persons, alpha, b, zeta, tau, factor_id, model, n_dims, latent_dim, eps_distance, prior_mean, prior_sd, q_theta = 21, xi_rule = ""gh"", q_xi = 11, xi_points = 256, xi_seed = 0"
pyo3,m2_structured_stat,fast_mlsirm._core,function,"y, observed, n_persons, alpha, b, zeta, tau, factor_id, model, n_dims, latent_dim, eps_distance, prior_mean, prior_sd, q_theta = 21, xi_rule = ""gh"", q_xi = 11, xi_points = 256, xi_seed = 0, fixed_items = None, estimate_population = false, tau_fixed = false"
pyo3,mantel_haenszel_dif,fast_mlsirm._core,function,"y, group, n_persons, n_items, exclude_studied_item = false, fdr_q = 0.05"
pyo3,mantel_haenszel_dif_purified,fast_mlsirm._core,function,"y, group, n_persons, n_items, exclude_studied_item = false, fdr_q = 0.05, max_rounds = 3, min_anchor_items = 4"
pyo3,maxwell_re,fast_mlsirm._core,function,"py, ratings, ns, nr"
pyo3,mean_pairwise_cor,fast_mlsirm._core,function,"py, ratings, ns, nr, fisher"
pyo3,mean_pairwise_rho,fast_mlsirm._core,function,"py, ratings, ns, nr, fisher"
pyo3,metrics_rating,fast_mlsirm._core,function,"act, pred, nr, np, cap_lo, cap_hi, scale"
pyo3,minres_fa,fast_mlsirm._core,function,"py, corr, p, n_factors"
pyo3,minres_fa_from_data,fast_mlsirm._core,function,"py, data, n, p, n_factors"
pyo3,mokken_aisp,fast_mlsirm._core,function,"x, n_persons, n_items, c = 0.3, alpha = 0.05"
pyo3,mokken_coef_h,fast_mlsirm._core,function,"x, n_persons, n_items"
pyo3,n_cohen_kappa,fast_mlsirm._core,function,"py, rate1, rate2, k1, k0, alpha, power, twosided"
pyo3,neg_loglik_and_grad,fast_mlsirm._core,function,"y, mask, factor_id, theta, alpha, b, xi, zeta, tau, model, eps_distance, lambda_theta, lambda_xi, lambda_zeta, lambda_b, lambda_alpha, lambda_tau, mu_alpha, mu_tau, device = ""cpu"""
pyo3,nominal_weights_mean_equate,fast_mlsirm._core,function,"x_total, x_anchor, y_total, y_anchor, k_x, k_y, k_v, w1 = 0.5"
pyo3,oakes_standard_errors,fast_mlsirm._core,function,"y, observed, factor_id, n_persons, n_items, n_dims, latent_dim, model, eps_distance, alpha, b, zeta, tau, pop_kind = ""single"", pop_id = None, n_pop = 0, mu = None, sigma = None, sigma_u = 0.0, q_theta = 21, q_xi = 11, q_u = 15, xi_rule = ""gh"", xi_points = 256, xi_seed = 0, lambda_b = 0.25, lambda_alpha = 1.0, mu_alpha = 0.5, lambda_zeta = 1.0, lambda_tau = 1.0, mu_tau = 0.5, h = 1e-5"
pyo3,observed_information,fast_mlsirm._core,function,"n, step, base, diag_plus, diag_minus, off_pp, off_pm, off_mp, off_mm"
pyo3,omega_total_1f,fast_mlsirm._core,function,"py, corr, p"
pyo3,omega_total_1f_from_data,fast_mlsirm._core,function,"py, data, n, p"
pyo3,parallel_analysis,fast_mlsirm._core,function,"py, data, n_persons, n_items, n_iterations, centile, seed"
pyo3,person_fit_resampling,fast_mlsirm._core,function,"y, observed, n_persons, alpha, b, zeta, tau, factor_id, model, n_dims, latent_dim, eps_distance, theta, xi, prior_mean = None, n_replicates = 200, seed = 1"
pyo3,person_fit_stat,fast_mlsirm._core,function,"y, observed, n_persons, alpha, b, zeta, tau, factor_id, model, n_dims, latent_dim, eps_distance, theta, xi, prior_mean = None, flag_threshold = -1.645"
pyo3,phi_lambda,fast_mlsirm._core,function,"py, x, n_p, n_i, lambda, n_i_prime"
pyo3,plausible_values,fast_mlsirm._core,function,"y, observed, n_persons, alpha, b, zeta, tau, factor_id, model, n_dims, latent_dim, eps_distance, prior_mean, prior_sd, q_theta = 21, xi_rule = ""gh"", q_xi = 11, xi_points = 256, xi_seed = 0, n_draws = 5, seed = 1, device = ""auto"""
pyo3,poly_cat_simulate,fast_mlsirm._core,function,"true_theta, slope, cat_params, n_items, n_cat, model = ""grm"", q_theta = 21, se_threshold = 0.3, min_items = 5, max_items = 30, adaptive = true, seed = 0"
pyo3,poly_dif,fast_mlsirm._core,function,"y, group_id, n_groups, n_persons, n_items, n_cat, observed = None, model = ""gpcm"", studied_items = None, q_theta = 21, max_iter = 200, tol = 1e-5, fdr_q = 0.05"
pyo3,poly_information_curves,fast_mlsirm._core,function,"theta, slope, cat_params, n_items, n_cat, model = ""grm"""
pyo3,poly_item_fit_sx2,fast_mlsirm._core,function,"y, n_persons, n_items, n_cat, slope, cat_params, observed = None, model = ""grm"", q_theta = 21, min_expected = 1.0"
pyo3,poly_local_dependence,fast_mlsirm._core,function,"y, n_persons, n_items, n_cat, slope, cat_params, observed = None, model = ""grm"", q_theta = 21"
pyo3,poly_m2,fast_mlsirm._core,function,"y, n_persons, n_items, n_cat, slope, cat_params, observed = None, model = ""grm"", q_theta = 21"
pyo3,poly_person_fit,fast_mlsirm._core,function,"y, n_persons, n_items, n_cat, slope, cat_params, observed = None, model = ""grm"", q_theta = 21, prior_mean = 0.0, prior_sd = 1.0, flag_threshold = -1.645"
pyo3,polytomous_predictions,fast_mlsirm._core,function,"theta, slope, cat_params, n_items, n_cat, model"
pyo3,predict_rating_multi,fast_mlsirm._core,function,"ratings, games, players, nr, np, tng, trat, placing"
pyo3,predict_rating_two,fast_mlsirm._core,function,"ratings, deviations, games, white, black, gamma, tng, trat_rating, trat_deviation, thresh"
pyo3,projected_m2,fast_mlsirm._core,function,"residual, delta, xi, n"
pyo3,py_a_stratified,fast_mlsirm._core,function,"py, a, b, c, n_strata, test_length, n_simulees, seed, q_theta"
pyo3,py_breslow_day_dif,fast_mlsirm._core,function,"py, y, group, n_persons, n_items, exclude_studied_item, fdr_q"
pyo3,py_ccat_select,fast_mlsirm._core,function,"py, a, b, c, groups, targets, administered, theta0"
pyo3,py_ci_classify,fast_mlsirm._core,function,"py, a, b, c, responses, theta_cut, z_crit"
pyo3,py_delta_plot,fast_mlsirm._core,function,"py, responses, group, n_persons, n_items, extreme_kind, extreme_a, extreme_b, threshold_kind, threshold_value, purify, max_iter"
pyo3,py_dimtest,fast_mlsirm._core,function,"py, x, n_persons, n_items, at1, at2"
pyo3,py_eb_mh_dif,fast_mlsirm._core,function,"py, mh, se"
pyo3,py_epv_select,fast_mlsirm._core,function,"py, a, b, c, administered, mu, sig2"
pyo3,py_flexilevel_administer,fast_mlsirm._core,function,"py, responses, n_persons, n_items"
pyo3,py_flexilevel_score_distribution,fast_mlsirm._core,function,"py, p"
pyo3,py_gbt,fast_mlsirm._core,function,"py, matches, match_probs"
pyo3,py_gmh_dif,fast_mlsirm._core,function,"py, y, group, n_persons, n_items"
pyo3,py_hofstee,fast_mlsirm._core,function,"py, scores, min_cut, max_cut, min_fail, max_fail"
pyo3,py_k_index,fast_mlsirm._core,function,"py, responses, n_persons, n_items, copier, source"
pyo3,py_k_variants,fast_mlsirm._core,function,"py, responses, n_persons, n_items, copier, source"
pyo3,py_kl_information,fast_mlsirm._core,function,"py, a, b, c, theta0, delta"
pyo3,py_kl_select,fast_mlsirm._core,function,"py, a, b, c, administered, theta0, n_administered, r"
pyo3,py_mantel_smd_dif,fast_mlsirm._core,function,"py, y, group, n_persons, n_items"
pyo3,py_owen_cat,fast_mlsirm._core,function,"a, b, c, responses, mu0, sig2_0, test_length, sig2_stop=None"
pyo3,py_owen_update,fast_mlsirm._core,function,"a, b, c, correct, mu, sig2"
pyo3,py_person_fit_np,fast_mlsirm._core,function,"py, x, n_persons, n_items"
pyo3,py_pyramidal_administer,fast_mlsirm._core,function,"b, n_stages, u, b_next=None"
pyo3,py_sprt_classify,fast_mlsirm._core,function,"py, a, b, c, responses, theta_cut, delta, alpha, beta"
pyo3,py_stradaptive_administer,fast_mlsirm._core,function,"py, stratum, difficulty, responses, entry_stratum, chance, min_items, max_items"
pyo3,py_sympson_hetter,fast_mlsirm._core,function,"py, a, b, c, r_max, test_length, n_simulees, max_iter, tol, seed, q_theta"
pyo3,py_two_stage_route,fast_mlsirm._core,function,"x1, m1, a1, b1, b_meas, c"
pyo3,py_two_stage_score,fast_mlsirm._core,function,"py, x1, m1, a1, b1, x2, m2, administered, a_meas, b_meas, c"
pyo3,py_wollack_omega,fast_mlsirm._core,function,"py, copier, source, probs, n_options"
pyo3,raju_area,fast_mlsirm._core,function,"a_ref, b_ref, se_a_ref, se_b_ref, cov_ab_ref, a_foc, b_foc, se_a_foc, se_b_foc, cov_ab_foc, guess = None, signed = false, alpha = 0.05"
pyo3,rank_centrality,fast_mlsirm._core,function,"wins, n, alpha=0.0"
pyo3,rater_bias,fast_mlsirm._core,function,"py, table, c"
pyo3,residual_interaction_map,fast_mlsirm._core,function,"py, observed, expected, axis_count"
pyo3,residual_item_fit,fast_mlsirm._core,function,"y, observed, n_persons, alpha, b, zeta, tau, factor_id, model, n_dims, latent_dim, eps_distance, theta, xi, n_bins = 10"
pyo3,robinson_a,fast_mlsirm._core,function,"py, ratings, ns, nr"
pyo3,rt_person_fit,fast_mlsirm._core,function,"times, observed, n_persons, n_items, alpha, beta, alpha_level = 0.05, z_fast = 1.645"
pyo3,rudner_classification,fast_mlsirm._core,function,"py, theta, sem, weights, cutscores"
pyo3,s_x2_stat,fast_mlsirm._core,function,"y, observed, n_persons, alpha, b, zeta, tau, factor_id, model, n_dims, latent_dim, eps_distance, prior_mean, prior_sd, q_theta = 21, xi_rule = ""gh"", q_xi = 11, xi_points = 256, xi_seed = 0, min_expected = 1.0, fdr_q = 0.05, min_effect = 0.0, person_weight = None"
pyo3,score_bank_eap,fast_mlsirm._core,function,"y, observed, n_persons, alpha, b, zeta, tau, factor_id, model, n_dims, latent_dim, eps_distance, prior_mean, prior_sd, q_theta = 21, xi_rule = ""gh"", q_xi = 11, xi_points = 256, xi_seed = 0, device = ""auto"""
pyo3,score_bank_map,fast_mlsirm._core,function,"y, observed, n_persons, alpha, b, zeta, tau, factor_id, model, n_dims, latent_dim, eps_distance, prior_mean, prior_sd, max_iter = 100, tol = 1e-6"
pyo3,score_eapsum,fast_mlsirm._core,function,"y, observed, n_persons, factor_id, n_dims, table_offsets, table_eap, table_sd, device = ""auto"""
pyo3,score_poly_eap,fast_mlsirm._core,function,"y, n_persons, n_items, n_cat, slope, cat_params, observed = None, model = ""grm"", q_theta = 21"
pyo3,score_wle,fast_mlsirm._core,function,"a, b, c, d, y, observed, n_persons, n_items, theta_bound = 20.0, tol = 1e-8"
pyo3,score_wle_poly,fast_mlsirm._core,function,"y, n_persons, n_items, n_cat, slope, cat_params, observed = None, model = ""grm"", theta_bound = 20.0, tol = 1e-8"
pyo3,second_order_test,fast_mlsirm._core,function,"hessian, tol = 1e-8"
pyo3,selection_utility,fast_mlsirm._core,function,"py, n, sdy, rxy, sr, cost_total, period"
pyo3,separation_reliability,fast_mlsirm._core,function,"py, measures, se"
pyo3,sibtest,fast_mlsirm._core,function,"y, group, n_persons, n_items, fdr_q = 0.05, j_min = 5"
pyo3,standard_errors_from_vcov,fast_mlsirm._core,function,vcov
pyo3,stephenson_rating,fast_mlsirm._core,function,"periods, white, black, score, gamma, init_rating, init_dev, init_games, init_lag, cval, hval, bval, lambda_, rdmax"
pyo3,stuart_maxwell_mh,fast_mlsirm._core,function,"py, table, c"
pyo3,subkoviak_agreement,fast_mlsirm._core,function,"scores, n_items, cuts, alpha=None"
pyo3,subscore_analysis,fast_mlsirm._core,function,"py, x, n_persons, n_items, groups"
pyo3,taylor_russell,fast_mlsirm._core,function,"py, rxy, sr, br"
pyo3,tcc_drift,fast_mlsirm._core,function,"alpha_old, b_old, zeta_old, tau_old, alpha_new, b_new, zeta_new, tau_new, factor_id, model, n_dims, latent_dim, eps_distance, prior_mean, prior_sd, q_theta = 21, xi_rule = ""gh"", q_xi = 11, xi_points = 256, xi_seed = 0, threshold = 0.05"
pyo3,tenberge_mu,fast_mlsirm._core,function,"py, data, n_persons, n_items"
pyo3,thurstone_case_v,fast_mlsirm._core,function,"choice, n"
pyo3,u3_bootstrap_cutoff,fast_mlsirm._core,function,"n_persons, n_items, n_cat, slope, cat_params, model = ""gpcm"", alpha = 0.05, n_rep = 200, seed = 0"
pyo3,u3_person_fit,fast_mlsirm._core,function,"y, n_persons, n_items, n_cat, observed = None, cutoff = None"
pyo3,validate_q_matrix,fast_mlsirm._core,function,"y, observed, provisional_q, n_persons, n_items, n_attributes, epsilon = 0.95, max_iter = 500, tol = 1e-6"
pyo3,validate_scoring,fast_mlsirm._core,function,"auto, human, k, human_a = None, human_b = None, subgroup = None, qwk_min = 0.70, pearson_r_min = 0.70, degradation_max = 0.10, overall_smd_max = 0.15, subgroup_smd_max = 0.10, min_subgroup_n = 2"
pyo3,vcov_from_hessian,fast_mlsirm._core,function,"hessian, rcond"
pyo3,velicer_map,fast_mlsirm._core,function,"py, corr, p, max_m"
pyo3,velicer_map_from_data,fast_mlsirm._core,function,"py, data, n, p, max_m"
pyo3,vuong_nonnested,fast_mlsirm._core,function,"loglik_a, loglik_b, k_a, k_b, bic_correction = true"
pyo3,woodruff_sawyer_normal,fast_mlsirm._core,function,"py, mean, sd, cut, r_half"
pyo3,woodruff_sawyer_sb,fast_mlsirm._core,function,"py, counts"
pyo3,py_estimate_crossed_person_effects,fast_mlsirm._multilevel_core,function,"py, y, row_offsets, context_indices, weights, item_slopes, item_intercepts, person_offsets, classification_offsets, n_persons, n_items, n_effects, prior_precision, max_iter, tol, worker_count, device"
pyo3,py_fit_hierarchical_ctar_rasch,fast_mlsirm._multilevel_core,function,"py, row_offsets, time_offsets_milliseconds, responses, worker_count, max_iter, tolerance, hessian_step"
pyo3,py_fit_longitudinal_state,fast_mlsirm._multilevel_core,function,"py, row_offsets, sequence_indices, time_offsets_milliseconds, values, state_kind, ar_coefficient, worker_count"
pyo3,py_simulate_hierarchical_ctar_rasch,fast_mlsirm._multilevel_core,function,"py, row_offsets, time_offsets_milliseconds, item_intercepts, population_mean, population_sd, decay_rate, seed"
pyo3,py_weighted_contextual_effect,fast_mlsirm._multilevel_core,function,"py, row_offsets, context_indices, weights, effects, worker_count"
pyo3,py_paired_rating_range_evidence,fast_mlsirm._rating_range_core,function,"py, automated, reference, category_count"
pyo3,py_rotate_factor_loadings,fast_mlsirm._rotation_core,function,"py, loadings, criterion, mode, normalize, n_starts, seed, max_iter, tolerance, function_window, max_line_search, basin_tolerance, max_threads, kappa, gamma, delta, simplimax_zeros, target, weights"
pyo3,py_rotation_criterion_value_gradient,fast_mlsirm._rotation_core,function,"loadings, criterion, kappa, gamma, delta, simplimax_zeros, target, weights"
pyo3,py_select_rotation_criterion,fast_mlsirm._rotation_core,function,"py, loadings, candidates, mode, policy, normalize, n_starts, seed, max_iter, tolerance, function_window, max_line_search, basin_tolerance, max_threads, kappa, gamma, delta, simplimax_zeros, target, weights, bootstrap_loadings, theory_target"
