source,current_name,proposed_name,name_decision,name_rationale,module,kind,parameter,current_default,default_decision,default_rationale,migration_note
pyo3,py_bifactor_indices,py_bifactor_indices,keep,"ADR-0028: PyO3 entry points are a private implementation detail, exempt from the public naming rules.",fast_mlsirm._bifactor_core,function,,,n/a,No defaulted parameters.,
pyo3,py_bifactor_indices_from_logit_slopes,py_bifactor_indices_from_logit_slopes,keep,"ADR-0028: PyO3 entry points are a private implementation detail, exempt from the public naming rules.",fast_mlsirm._bifactor_core,function,,,n/a,No defaulted parameters.,
pyo3,py_bifactor_lord_wingersky,py_bifactor_lord_wingersky,keep,"ADR-0028: PyO3 entry points are a private implementation detail, exempt from the public naming rules.",fast_mlsirm._bifactor_core,function,,,n/a,No defaulted parameters.,
pyo3,py_direct_enumeration_bifactor,py_direct_enumeration_bifactor,keep,"ADR-0028: PyO3 entry points are a private implementation detail, exempt from the public naming rules.",fast_mlsirm._bifactor_core,function,,,n/a,No defaulted parameters.,
python,ability_standard_error,keep,keep,Already conforms to ADR-0028 naming convention.,fast_mlsirm._cat_administration_resource_safety,function,administered,None,keep,"Out of ADR-0028 policy scope (not a precision control, decision threshold, seed, or model-choice parameter).",
python,ability_standard_error,keep,keep,Already conforms to ADR-0028 naming convention.,fast_mlsirm._cat_administration_resource_safety,function,model,'MLS2PLM',require,ADR-0028 rule 4: function is model-generic (not model-specific by name) -> model choice has no default.,"Deprecation: keep model='MLS2PLM' accepted only when explicitly passed for one minor release (DeprecationWarning), then remove; changelog Changed entry."
pyo3,adjusted_chi2_pairs,adjusted_chi2_pairs,keep,"ADR-0028: PyO3 entry points are a private implementation detail, exempt from the public naming rules.",fast_mlsirm._core,function,q_theta,21,require,ADR-0028 rule 1: numerical-precision (quadrature node count) control; no in-repo citation for this value and/or below the AGENTS.md #1929 floor of 121 -> required argument.,"Deprecation: keep q_theta=21 accepted only when explicitly passed for one minor release (DeprecationWarning), then remove; changelog Changed entry."
pyo3,adjusted_chi2_pairs,adjusted_chi2_pairs,keep,"ADR-0028: PyO3 entry points are a private implementation detail, exempt from the public naming rules.",fast_mlsirm._core,function,q_xi,11,require,ADR-0028 rule 1: numerical-precision (quadrature node count) control; no in-repo citation for this value and/or below the AGENTS.md #1929 floor of 121 -> required argument.,"Deprecation: keep q_xi=11 accepted only when explicitly passed for one minor release (DeprecationWarning), then remove; changelog Changed entry."
pyo3,adjusted_chi2_pairs,adjusted_chi2_pairs,keep,"ADR-0028: PyO3 entry points are a private implementation detail, exempt from the public naming rules.",fast_mlsirm._core,function,xi_points,256,require,ADR-0028 rule 1: numerical-precision (quadrature node count) control; no in-repo citation for this value and/or below the AGENTS.md #1929 floor of 121 -> required argument.,"Deprecation: keep xi_points=256 accepted only when explicitly passed for one minor release (DeprecationWarning), then remove; changelog Changed entry."
pyo3,adjusted_chi2_pairs,adjusted_chi2_pairs,keep,"ADR-0028: PyO3 entry points are a private implementation detail, exempt from the public naming rules.",fast_mlsirm._core,function,xi_rule,"""gh""",keep,"Out of ADR-0028 policy scope (not a precision control, decision threshold, seed, or model-choice parameter).",
pyo3,adjusted_chi2_pairs,adjusted_chi2_pairs,keep,"ADR-0028: PyO3 entry points are a private implementation detail, exempt from the public naming rules.",fast_mlsirm._core,function,xi_seed,0,require,ADR-0028 rule 3: stochastic routines must not ship a default seed -> required argument.,"Deprecation: keep xi_seed=0 accepted only when explicitly passed for one minor release (DeprecationWarning), then remove; changelog Changed entry."
pyo3,analytic_see,analytic_see,keep,"ADR-0028: PyO3 entry points are a private implementation detail, exempt from the public naming rules.",fast_mlsirm._core,function,ci_level,0.95,keep,"Out of ADR-0028 policy scope (not a precision control, decision threshold, seed, or model-choice parameter).",
pyo3,analytic_see,analytic_see,keep,"ADR-0028: PyO3 entry points are a private implementation detail, exempt from the public naming rules.",fast_mlsirm._core,function,method,"""linear""",keep,"Out of ADR-0028 policy scope (not a precision control, decision threshold, seed, or model-choice parameter).",
pyo3,andersen_lr_test,andersen_lr_test,keep,"ADR-0028: PyO3 entry points are a private implementation detail, exempt from the public naming rules.",fast_mlsirm._core,function,max_iter,100,require,ADR-0028 rule 1: iteration/convergence precision control; no documented convergence-criterion source -> required argument.,"Deprecation: keep max_iter=100 accepted only when explicitly passed for one minor release (DeprecationWarning), then remove; changelog Changed entry."
pyo3,andersen_lr_test,andersen_lr_test,keep,"ADR-0028: PyO3 entry points are a private implementation detail, exempt from the public naming rules.",fast_mlsirm._core,function,tol,1e-8,require,ADR-0028 rule 1: iteration/convergence precision control; no documented convergence-criterion source -> required argument.,"Deprecation: keep tol=1e-8 accepted only when explicitly passed for one minor release (DeprecationWarning), then remove; changelog Changed entry."
pyo3,assemble_test_form_greedy,assemble_test_form_greedy,keep,"ADR-0028: PyO3 entry points are a private implementation detail, exempt from the public naming rules.",fast_mlsirm._core,function,content,None,keep,"Out of ADR-0028 policy scope (not a precision control, decision threshold, seed, or model-choice parameter).",
pyo3,assemble_test_form_greedy,assemble_test_form_greedy,keep,"ADR-0028: PyO3 entry points are a private implementation detail, exempt from the public naming rules.",fast_mlsirm._core,function,exclude,None,keep,"Out of ADR-0028 policy scope (not a precision control, decision threshold, seed, or model-choice parameter).",
pyo3,assemble_test_form_greedy,assemble_test_form_greedy,keep,"ADR-0028: PyO3 entry points are a private implementation detail, exempt from the public naming rules.",fast_mlsirm._core,function,max_per_content,None,keep,"Out of ADR-0028 policy scope (not a precision control, decision threshold, seed, or model-choice parameter).",
pyo3,assemble_test_form_greedy,assemble_test_form_greedy,keep,"ADR-0028: PyO3 entry points are a private implementation detail, exempt from the public naming rules.",fast_mlsirm._core,function,min_per_content,None,keep,"Out of ADR-0028 policy scope (not a precision control, decision threshold, seed, or model-choice parameter).",
pyo3,bank_information,bank_information,keep,"ADR-0028: PyO3 entry points are a private implementation detail, exempt from the public naming rules.",fast_mlsirm._core,function,device,"""auto""",keep,"Out of ADR-0028 policy scope (not a precision control, decision threshold, seed, or model-choice parameter).",
pyo3,benjamini_hochberg,benjamini_hochberg,keep,"ADR-0028: PyO3 entry points are a private implementation detail, exempt from the public naming rules.",fast_mlsirm._core,function,,,n/a,No defaulted parameters.,
pyo3,bhapkar_mh,bhapkar_mh,keep,"ADR-0028: PyO3 entry points are a private implementation detail, exempt from the public naming rules.",fast_mlsirm._core,function,,,n/a,No defaulted parameters.,
pyo3,bootstrap_see,bootstrap_see,keep,"ADR-0028: PyO3 entry points are a private implementation detail, exempt from the public naming rules.",fast_mlsirm._core,function,ci_level,0.95,keep,"Out of ADR-0028 policy scope (not a precision control, decision threshold, seed, or model-choice parameter).",
pyo3,bootstrap_see,bootstrap_see,keep,"ADR-0028: PyO3 entry points are a private implementation detail, exempt from the public naming rules.",fast_mlsirm._core,function,method,"""equipercentile""",keep,"Out of ADR-0028 policy scope (not a precision control, decision threshold, seed, or model-choice parameter).",
pyo3,bootstrap_see,bootstrap_see,keep,"ADR-0028: PyO3 entry points are a private implementation detail, exempt from the public naming rules.",fast_mlsirm._core,function,n_boot,1000,require,ADR-0028 rule 1: replicate/bootstrap/draw count; no Monte-Carlo-error source cited -> required argument.,"Deprecation: keep n_boot=1000 accepted only when explicitly passed for one minor release (DeprecationWarning), then remove; changelog Changed entry."
pyo3,bootstrap_see,bootstrap_see,keep,"ADR-0028: PyO3 entry points are a private implementation detail, exempt from the public naming rules.",fast_mlsirm._core,function,seed,0,require,ADR-0028 rule 3: stochastic routines must not ship a default seed -> required argument.,"Deprecation: keep seed=0 accepted only when explicitly passed for one minor release (DeprecationWarning), then remove; changelog Changed entry."
pyo3,bradley_terry_mm,bradley_terry_mm,keep,"ADR-0028: PyO3 entry points are a private implementation detail, exempt from the public naming rules.",fast_mlsirm._core,function,alpha,0.0,require,ADR-0028 rule 2: decision threshold / flag cutoff / stopping rule; no APA 7th source cited for this specific value -> required argument.,"Deprecation: keep alpha=0.0 accepted only when explicitly passed for one minor release (DeprecationWarning), then remove; changelog Changed entry."
pyo3,bradley_terry_mm,bradley_terry_mm,keep,"ADR-0028: PyO3 entry points are a private implementation detail, exempt from the public naming rules.",fast_mlsirm._core,function,max_iter,10000,require,ADR-0028 rule 1: iteration/convergence precision control; no documented convergence-criterion source -> required argument.,"Deprecation: keep max_iter=10000 accepted only when explicitly passed for one minor release (DeprecationWarning), then remove; changelog Changed entry."
pyo3,bradley_terry_mm,bradley_terry_mm,keep,"ADR-0028: PyO3 entry points are a private implementation detail, exempt from the public naming rules.",fast_mlsirm._core,function,tol,1e-8,require,ADR-0028 rule 1: iteration/convergence precision control; no documented convergence-criterion source -> required argument.,"Deprecation: keep tol=1e-8 accepted only when explicitly passed for one minor release (DeprecationWarning), then remove; changelog Changed entry."
pyo3,bratt_mm,bratt_mm,keep,"ADR-0028: PyO3 entry points are a private implementation detail, exempt from the public naming rules.",fast_mlsirm._core,function,max_iter,10000,require,ADR-0028 rule 1: iteration/convergence precision control; no documented convergence-criterion source -> required argument.,"Deprecation: keep max_iter=10000 accepted only when explicitly passed for one minor release (DeprecationWarning), then remove; changelog Changed entry."
pyo3,bratt_mm,bratt_mm,keep,"ADR-0028: PyO3 entry points are a private implementation detail, exempt from the public naming rules.",fast_mlsirm._core,function,ref_index,0,keep,"Out of ADR-0028 policy scope (not a precision control, decision threshold, seed, or model-choice parameter).",
pyo3,bratt_mm,bratt_mm,keep,"ADR-0028: PyO3 entry points are a private implementation detail, exempt from the public naming rules.",fast_mlsirm._core,function,ref_value,1.0,keep,"Out of ADR-0028 policy scope (not a precision control, decision threshold, seed, or model-choice parameter).",
pyo3,bratt_mm,bratt_mm,keep,"ADR-0028: PyO3 entry points are a private implementation detail, exempt from the public naming rules.",fast_mlsirm._core,function,tol,1e-10,require,ADR-0028 rule 1: iteration/convergence precision control; no documented convergence-criterion source -> required argument.,"Deprecation: keep tol=1e-10 accepted only when explicitly passed for one minor release (DeprecationWarning), then remove; changelog Changed entry."
pyo3,cat_ability_eap,cat_ability_eap,keep,"ADR-0028: PyO3 entry points are a private implementation detail, exempt from the public naming rules.",fast_mlsirm._core,function,device,"""auto""",keep,"Out of ADR-0028 policy scope (not a precision control, decision threshold, seed, or model-choice parameter).",
pyo3,cat_ability_eap,cat_ability_eap,keep,"ADR-0028: PyO3 entry points are a private implementation detail, exempt from the public naming rules.",fast_mlsirm._core,function,n_quad,41,require,ADR-0028 rule 1: numerical-precision (quadrature node count) control; no in-repo citation for this value and/or below the AGENTS.md #1929 floor of 121 -> required argument.,"Deprecation: keep n_quad=41 accepted only when explicitly passed for one minor release (DeprecationWarning), then remove; changelog Changed entry."
pyo3,cat_ability_eap,cat_ability_eap,keep,"ADR-0028: PyO3 entry points are a private implementation detail, exempt from the public naming rules.",fast_mlsirm._core,function,quad_range,6.0,keep,"Out of ADR-0028 policy scope (not a precision control, decision threshold, seed, or model-choice parameter).",
pyo3,cat_ability_mle,cat_ability_mle,keep,"ADR-0028: PyO3 entry points are a private implementation detail, exempt from the public naming rules.",fast_mlsirm._core,function,bound,6.0,keep,"Out of ADR-0028 policy scope (not a precision control, decision threshold, seed, or model-choice parameter).",
pyo3,cat_ability_mle,cat_ability_mle,keep,"ADR-0028: PyO3 entry points are a private implementation detail, exempt from the public naming rules.",fast_mlsirm._core,function,device,"""auto""",keep,"Out of ADR-0028 policy scope (not a precision control, decision threshold, seed, or model-choice parameter).",
pyo3,cat_ability_mle,cat_ability_mle,keep,"ADR-0028: PyO3 entry points are a private implementation detail, exempt from the public naming rules.",fast_mlsirm._core,function,max_iter,50,require,ADR-0028 rule 1: iteration/convergence precision control; no documented convergence-criterion source -> required argument.,"Deprecation: keep max_iter=50 accepted only when explicitly passed for one minor release (DeprecationWarning), then remove; changelog Changed entry."
pyo3,cat_ability_mle,cat_ability_mle,keep,"ADR-0028: PyO3 entry points are a private implementation detail, exempt from the public naming rules.",fast_mlsirm._core,function,start,None,keep,"Out of ADR-0028 policy scope (not a precision control, decision threshold, seed, or model-choice parameter).",
pyo3,cat_ability_mle,cat_ability_mle,keep,"ADR-0028: PyO3 entry points are a private implementation detail, exempt from the public naming rules.",fast_mlsirm._core,function,tol,1e-6,require,ADR-0028 rule 1: iteration/convergence precision control; no documented convergence-criterion source -> required argument.,"Deprecation: keep tol=1e-6 accepted only when explicitly passed for one minor release (DeprecationWarning), then remove; changelog Changed entry."
pyo3,cat_ability_standard_error,cat_ability_standard_error,keep,"ADR-0028: PyO3 entry points are a private implementation detail, exempt from the public naming rules.",fast_mlsirm._core,function,device,"""auto""",keep,"Out of ADR-0028 policy scope (not a precision control, decision threshold, seed, or model-choice parameter).",
pyo3,cat_item_information,cat_item_information,keep,"ADR-0028: PyO3 entry points are a private implementation detail, exempt from the public naming rules.",fast_mlsirm._core,function,device,"""auto""",keep,"Out of ADR-0028 policy scope (not a precision control, decision threshold, seed, or model-choice parameter).",
pyo3,cat_next_item,cat_next_item,keep,"ADR-0028: PyO3 entry points are a private implementation detail, exempt from the public naming rules.",fast_mlsirm._core,function,device,"""auto""",keep,"Out of ADR-0028 policy scope (not a precision control, decision threshold, seed, or model-choice parameter).",
pyo3,cat_next_item,cat_next_item,keep,"ADR-0028: PyO3 entry points are a private implementation detail, exempt from the public naming rules.",fast_mlsirm._core,function,q_theta,21,require,ADR-0028 rule 1: numerical-precision (quadrature node count) control; no in-repo citation for this value and/or below the AGENTS.md #1929 floor of 121 -> required argument.,"Deprecation: keep q_theta=21 accepted only when explicitly passed for one minor release (DeprecationWarning), then remove; changelog Changed entry."
pyo3,cat_next_item,cat_next_item,keep,"ADR-0028: PyO3 entry points are a private implementation detail, exempt from the public naming rules.",fast_mlsirm._core,function,q_xi,11,require,ADR-0028 rule 1: numerical-precision (quadrature node count) control; no in-repo citation for this value and/or below the AGENTS.md #1929 floor of 121 -> required argument.,"Deprecation: keep q_xi=11 accepted only when explicitly passed for one minor release (DeprecationWarning), then remove; changelog Changed entry."
pyo3,cat_next_item,cat_next_item,keep,"ADR-0028: PyO3 entry points are a private implementation detail, exempt from the public naming rules.",fast_mlsirm._core,function,xi_points,256,require,ADR-0028 rule 1: numerical-precision (quadrature node count) control; no in-repo citation for this value and/or below the AGENTS.md #1929 floor of 121 -> required argument.,"Deprecation: keep xi_points=256 accepted only when explicitly passed for one minor release (DeprecationWarning), then remove; changelog Changed entry."
pyo3,cat_next_item,cat_next_item,keep,"ADR-0028: PyO3 entry points are a private implementation detail, exempt from the public naming rules.",fast_mlsirm._core,function,xi_rule,"""gh""",keep,"Out of ADR-0028 policy scope (not a precision control, decision threshold, seed, or model-choice parameter).",
pyo3,cat_next_item,cat_next_item,keep,"ADR-0028: PyO3 entry points are a private implementation detail, exempt from the public naming rules.",fast_mlsirm._core,function,xi_seed,0,require,ADR-0028 rule 3: stochastic routines must not ship a default seed -> required argument.,"Deprecation: keep xi_seed=0 accepted only when explicitly passed for one minor release (DeprecationWarning), then remove; changelog Changed entry."
pyo3,cat_select_item,cat_select_item,keep,"ADR-0028: PyO3 entry points are a private implementation detail, exempt from the public naming rules.",fast_mlsirm._core,function,device,"""auto""",keep,"Out of ADR-0028 policy scope (not a precision control, decision threshold, seed, or model-choice parameter).",
pyo3,chi2_sf,chi2_sf,keep,"ADR-0028: PyO3 entry points are a private implementation detail, exempt from the public naming rules.",fast_mlsirm._core,function,,,n/a,No defaulted parameters.,
pyo3,circle_arc_equate,circle_arc_equate,keep,"ADR-0028: PyO3 entry points are a private implementation detail, exempt from the public naming rules.",fast_mlsirm._core,function,,,n/a,No defaulted parameters.,
pyo3,circle_arc_middle_anchor,circle_arc_middle_anchor,keep,"ADR-0028: PyO3 entry points are a private implementation detail, exempt from the public naming rules.",fast_mlsirm._core,function,,,n/a,No defaulted parameters.,
pyo3,circular_triads,circular_triads,keep,"ADR-0028: PyO3 entry points are a private implementation detail, exempt from the public naming rules.",fast_mlsirm._core,function,alternative,"""two.sided""",keep,"Out of ADR-0028 policy scope (not a precision control, decision threshold, seed, or model-choice parameter).",
pyo3,circular_triads,circular_triads,keep,"ADR-0028: PyO3 entry points are a private implementation detail, exempt from the public naming rules.",fast_mlsirm._core,function,correct,true,keep,"Out of ADR-0028 policy scope (not a precision control, decision threshold, seed, or model-choice parameter).",
pyo3,cluster_moment_covariance_stat,cluster_moment_covariance_stat,keep,"ADR-0028: PyO3 entry points are a private implementation detail, exempt from the public naming rules.",fast_mlsirm._core,function,,,n/a,No defaulted parameters.,
pyo3,composite_linking,composite_linking,keep,"ADR-0028: PyO3 entry points are a private implementation detail, exempt from the public naming rules.",fast_mlsirm._core,function,p,1.0,keep,"Out of ADR-0028 policy scope (not a precision control, decision threshold, seed, or model-choice parameter).",
pyo3,composite_linking,composite_linking,keep,"ADR-0028: PyO3 entry points are a private implementation detail, exempt from the public naming rules.",fast_mlsirm._core,function,slopes,None,keep,"Out of ADR-0028 policy scope (not a precision control, decision threshold, seed, or model-choice parameter).",
pyo3,cronbach_alpha,cronbach_alpha,keep,"ADR-0028: PyO3 entry points are a private implementation detail, exempt from the public naming rules.",fast_mlsirm._core,function,,,n/a,No defaulted parameters.,
pyo3,detect_analysis,detect_analysis,keep,"ADR-0028: PyO3 entry points are a private implementation detail, exempt from the public naming rules.",fast_mlsirm._core,function,,,n/a,No defaulted parameters.,
pyo3,dimensionality_residuals,dimensionality_residuals,keep,"ADR-0028: PyO3 entry points are a private implementation detail, exempt from the public naming rules.",fast_mlsirm._core,function,,,n/a,No defaulted parameters.,
pyo3,eapsum_tables,eapsum_tables,keep,"ADR-0028: PyO3 entry points are a private implementation detail, exempt from the public naming rules.",fast_mlsirm._core,function,device,"""auto""",keep,"Out of ADR-0028 policy scope (not a precision control, decision threshold, seed, or model-choice parameter).",
pyo3,eapsum_tables,eapsum_tables,keep,"ADR-0028: PyO3 entry points are a private implementation detail, exempt from the public naming rules.",fast_mlsirm._core,function,q_theta,21,require,ADR-0028 rule 1: numerical-precision (quadrature node count) control; no in-repo citation for this value and/or below the AGENTS.md #1929 floor of 121 -> required argument.,"Deprecation: keep q_theta=21 accepted only when explicitly passed for one minor release (DeprecationWarning), then remove; changelog Changed entry."
pyo3,eapsum_tables,eapsum_tables,keep,"ADR-0028: PyO3 entry points are a private implementation detail, exempt from the public naming rules.",fast_mlsirm._core,function,q_xi,11,require,ADR-0028 rule 1: numerical-precision (quadrature node count) control; no in-repo citation for this value and/or below the AGENTS.md #1929 floor of 121 -> required argument.,"Deprecation: keep q_xi=11 accepted only when explicitly passed for one minor release (DeprecationWarning), then remove; changelog Changed entry."
pyo3,eapsum_tables,eapsum_tables,keep,"ADR-0028: PyO3 entry points are a private implementation detail, exempt from the public naming rules.",fast_mlsirm._core,function,xi_points,256,require,ADR-0028 rule 1: numerical-precision (quadrature node count) control; no in-repo citation for this value and/or below the AGENTS.md #1929 floor of 121 -> required argument.,"Deprecation: keep xi_points=256 accepted only when explicitly passed for one minor release (DeprecationWarning), then remove; changelog Changed entry."
pyo3,eapsum_tables,eapsum_tables,keep,"ADR-0028: PyO3 entry points are a private implementation detail, exempt from the public naming rules.",fast_mlsirm._core,function,xi_rule,"""gh""",keep,"Out of ADR-0028 policy scope (not a precision control, decision threshold, seed, or model-choice parameter).",
pyo3,eapsum_tables,eapsum_tables,keep,"ADR-0028: PyO3 entry points are a private implementation detail, exempt from the public naming rules.",fast_mlsirm._core,function,xi_seed,0,require,ADR-0028 rule 3: stochastic routines must not ship a default seed -> required argument.,"Deprecation: keep xi_seed=0 accepted only when explicitly passed for one minor release (DeprecationWarning), then remove; changelog Changed entry."
pyo3,elo_rating,elo_rating,keep,"ADR-0028: PyO3 entry points are a private implementation detail, exempt from the public naming rules.",fast_mlsirm._core,function,,,n/a,No defaulted parameters.,
pyo3,elom_rating,elom_rating,keep,"ADR-0028: PyO3 entry points are a private implementation detail, exempt from the public naming rules.",fast_mlsirm._core,function,,,n/a,No defaulted parameters.,
pyo3,empirical_reliability,empirical_reliability,keep,"ADR-0028: PyO3 entry points are a private implementation detail, exempt from the public naming rules.",fast_mlsirm._core,function,,,n/a,No defaulted parameters.,
pyo3,equate_neat,equate_neat,keep,"ADR-0028: PyO3 entry points are a private implementation detail, exempt from the public naming rules.",fast_mlsirm._core,function,method,"""chained""",keep,"Out of ADR-0028 policy scope (not a precision control, decision threshold, seed, or model-choice parameter).",
pyo3,equate_neat,equate_neat,keep,"ADR-0028: PyO3 entry points are a private implementation detail, exempt from the public naming rules.",fast_mlsirm._core,function,w1,0.5,keep,"Out of ADR-0028 policy scope (not a precision control, decision threshold, seed, or model-choice parameter).",
pyo3,equate_neat_linear,equate_neat_linear,keep,"ADR-0028: PyO3 entry points are a private implementation detail, exempt from the public naming rules.",fast_mlsirm._core,function,anchor_kind,"""internal""",keep,"Out of ADR-0028 policy scope (not a precision control, decision threshold, seed, or model-choice parameter).",
pyo3,equate_neat_linear,equate_neat_linear,keep,"ADR-0028: PyO3 entry points are a private implementation detail, exempt from the public naming rules.",fast_mlsirm._core,function,method,"""tucker""",keep,"Out of ADR-0028 policy scope (not a precision control, decision threshold, seed, or model-choice parameter).",
pyo3,equate_neat_linear,equate_neat_linear,keep,"ADR-0028: PyO3 entry points are a private implementation detail, exempt from the public naming rules.",fast_mlsirm._core,function,w1,0.5,keep,"Out of ADR-0028 policy scope (not a precision control, decision threshold, seed, or model-choice parameter).",
pyo3,equate_observed_scores,equate_observed_scores,keep,"ADR-0028: PyO3 entry points are a private implementation detail, exempt from the public naming rules.",fast_mlsirm._core,function,method,"""equipercentile""",keep,"Out of ADR-0028 policy scope (not a precision control, decision threshold, seed, or model-choice parameter).",
pyo3,equate_observed_scores_ext,equate_observed_scores_ext,keep,"ADR-0028: PyO3 entry points are a private implementation detail, exempt from the public naming rules.",fast_mlsirm._core,function,bandwidth_x,None,keep,"Out of ADR-0028 policy scope (not a precision control, decision threshold, seed, or model-choice parameter).",
pyo3,equate_observed_scores_ext,equate_observed_scores_ext,keep,"ADR-0028: PyO3 entry points are a private implementation detail, exempt from the public naming rules.",fast_mlsirm._core,function,bandwidth_y,None,keep,"Out of ADR-0028 policy scope (not a precision control, decision threshold, seed, or model-choice parameter).",
pyo3,equate_observed_scores_ext,equate_observed_scores_ext,keep,"ADR-0028: PyO3 entry points are a private implementation detail, exempt from the public naming rules.",fast_mlsirm._core,function,continuization,"""uniform""",keep,"Out of ADR-0028 policy scope (not a precision control, decision threshold, seed, or model-choice parameter).",
pyo3,equate_observed_scores_ext,equate_observed_scores_ext,keep,"ADR-0028: PyO3 entry points are a private implementation detail, exempt from the public naming rules.",fast_mlsirm._core,function,smooth_degree_x,None,keep,"Out of ADR-0028 policy scope (not a precision control, decision threshold, seed, or model-choice parameter).",
pyo3,equate_observed_scores_ext,equate_observed_scores_ext,keep,"ADR-0028: PyO3 entry points are a private implementation detail, exempt from the public naming rules.",fast_mlsirm._core,function,smooth_degree_y,None,keep,"Out of ADR-0028 policy scope (not a precision control, decision threshold, seed, or model-choice parameter).",
pyo3,factorized_multilevel_moments_stat,factorized_multilevel_moments_stat,keep,"ADR-0028: PyO3 entry points are a private implementation detail, exempt from the public naming rules.",fast_mlsirm._core,function,,,n/a,No defaulted parameters.,
pyo3,factorized_trait_moments_stat,factorized_trait_moments_stat,keep,"ADR-0028: PyO3 entry points are a private implementation detail, exempt from the public naming rules.",fast_mlsirm._core,function,,,n/a,No defaulted parameters.,
pyo3,feldt_alpha_ci,feldt_alpha_ci,keep,"ADR-0028: PyO3 entry points are a private implementation detail, exempt from the public naming rules.",fast_mlsirm._core,function,,,n/a,No defaulted parameters.,
pyo3,fide_rating,fide_rating,keep,"ADR-0028: PyO3 entry points are a private implementation detail, exempt from the public naming rules.",fast_mlsirm._core,function,,,n/a,No defaulted parameters.,
pyo3,finite_population_achieved_proportion,finite_population_achieved_proportion,keep,"ADR-0028: PyO3 entry points are a private implementation detail, exempt from the public naming rules.",fast_mlsirm._core,function,,,n/a,No defaulted parameters.,
pyo3,finite_population_proportion_design,finite_population_proportion_design,keep,"ADR-0028: PyO3 entry points are a private implementation detail, exempt from the public naming rules.",fast_mlsirm._core,function,,,n/a,No defaulted parameters.,
pyo3,finn_coefficient,finn_coefficient,keep,"ADR-0028: PyO3 entry points are a private implementation detail, exempt from the public naming rules.",fast_mlsirm._core,function,,,n/a,No defaulted parameters.,
pyo3,fit_2pl,fit_2pl,keep,"ADR-0028: PyO3 entry points are a private implementation detail, exempt from the public naming rules.",fast_mlsirm._core,function,estimate_corr,false,keep,"Out of ADR-0028 policy scope (not a precision control, decision threshold, seed, or model-choice parameter).",
pyo3,fit_2pl,fit_2pl,keep,"ADR-0028: PyO3 entry points are a private implementation detail, exempt from the public naming rules.",fast_mlsirm._core,function,max_iter,500,require,ADR-0028 rule 1: iteration/convergence precision control; no documented convergence-criterion source -> required argument.,"Deprecation: keep max_iter=500 accepted only when explicitly passed for one minor release (DeprecationWarning), then remove; changelog Changed entry."
pyo3,fit_2pl,fit_2pl,keep,"ADR-0028: PyO3 entry points are a private implementation detail, exempt from the public naming rules.",fast_mlsirm._core,function,node_rule,"""gh""",keep,"Out of ADR-0028 policy scope (not a precision control, decision threshold, seed, or model-choice parameter).",
pyo3,fit_2pl,fit_2pl,keep,"ADR-0028: PyO3 entry points are a private implementation detail, exempt from the public naming rules.",fast_mlsirm._core,function,q,21,keep,"Out of ADR-0028 policy scope (not a precision control, decision threshold, seed, or model-choice parameter).",
pyo3,fit_2pl,fit_2pl,keep,"ADR-0028: PyO3 entry points are a private implementation detail, exempt from the public naming rules.",fast_mlsirm._core,function,tol,1e-6,require,ADR-0028 rule 1: iteration/convergence precision control; no documented convergence-criterion source -> required argument.,"Deprecation: keep tol=1e-6 accepted only when explicitly passed for one minor release (DeprecationWarning), then remove; changelog Changed entry."
pyo3,fit_2pl,fit_2pl,keep,"ADR-0028: PyO3 entry points are a private implementation detail, exempt from the public naming rules.",fast_mlsirm._core,function,xi_points,4000,require,ADR-0028 rule 1: numerical-precision (quadrature node count) control; no in-repo citation for this value and/or below the AGENTS.md #1929 floor of 121 -> required argument.,"Deprecation: keep xi_points=4000 accepted only when explicitly passed for one minor release (DeprecationWarning), then remove; changelog Changed entry."
pyo3,fit_2pl,fit_2pl,keep,"ADR-0028: PyO3 entry points are a private implementation detail, exempt from the public naming rules.",fast_mlsirm._core,function,xi_seed,0x9E37_79B9_7F4A_7C15,require,ADR-0028 rule 3: stochastic routines must not ship a default seed -> required argument.,"Deprecation: keep xi_seed=0x9E37_79B9_7F4A_7C15 accepted only when explicitly passed for one minor release (DeprecationWarning), then remove; changelog Changed entry."
pyo3,fit_bifactor_grm,fit_bifactor_grm,keep,"ADR-0028: PyO3 entry points are a private implementation detail, exempt from the public naming rules.",fast_mlsirm._core,function,device,"""cpu""",keep,"Out of ADR-0028 policy scope (not a precision control, decision threshold, seed, or model-choice parameter).",
pyo3,fit_bifactor_grm,fit_bifactor_grm,keep,"ADR-0028: PyO3 entry points are a private implementation detail, exempt from the public naming rules.",fast_mlsirm._core,function,max_iter,500,require,ADR-0028 rule 1: iteration/convergence precision control; no documented convergence-criterion source -> required argument.,"Deprecation: keep max_iter=500 accepted only when explicitly passed for one minor release (DeprecationWarning), then remove; changelog Changed entry."
pyo3,fit_bifactor_grm,fit_bifactor_grm,keep,"ADR-0028: PyO3 entry points are a private implementation detail, exempt from the public naming rules.",fast_mlsirm._core,function,n_starts,1,require,ADR-0028 rule 1: replicate/bootstrap/draw count; no Monte-Carlo-error source cited -> required argument.,"Deprecation: keep n_starts=1 accepted only when explicitly passed for one minor release (DeprecationWarning), then remove; changelog Changed entry."
pyo3,fit_bifactor_grm,fit_bifactor_grm,keep,"ADR-0028: PyO3 entry points are a private implementation detail, exempt from the public naming rules.",fast_mlsirm._core,function,q_general,21,keep,"Out of ADR-0028 policy scope (not a precision control, decision threshold, seed, or model-choice parameter).",
pyo3,fit_bifactor_grm,fit_bifactor_grm,keep,"ADR-0028: PyO3 entry points are a private implementation detail, exempt from the public naming rules.",fast_mlsirm._core,function,q_specific,11,keep,"Out of ADR-0028 policy scope (not a precision control, decision threshold, seed, or model-choice parameter).",
pyo3,fit_bifactor_grm,fit_bifactor_grm,keep,"ADR-0028: PyO3 entry points are a private implementation detail, exempt from the public naming rules.",fast_mlsirm._core,function,seed,0x9E37_79B9_7F4A_7C15,require,ADR-0028 rule 3: stochastic routines must not ship a default seed -> required argument.,"Deprecation: keep seed=0x9E37_79B9_7F4A_7C15 accepted only when explicitly passed for one minor release (DeprecationWarning), then remove; changelog Changed entry."
pyo3,fit_bifactor_grm,fit_bifactor_grm,keep,"ADR-0028: PyO3 entry points are a private implementation detail, exempt from the public naming rules.",fast_mlsirm._core,function,tol,1e-6,require,ADR-0028 rule 1: iteration/convergence precision control; no documented convergence-criterion source -> required argument.,"Deprecation: keep tol=1e-6 accepted only when explicitly passed for one minor release (DeprecationWarning), then remove; changelog Changed entry."
pyo3,fit_bifactor_grm_multigroup,fit_bifactor_grm_multigroup,keep,"ADR-0028: PyO3 entry points are a private implementation detail, exempt from the public naming rules.",fast_mlsirm._core,function,anchor,None,keep,"Out of ADR-0028 policy scope (not a precision control, decision threshold, seed, or model-choice parameter).",
pyo3,fit_bifactor_grm_multigroup,fit_bifactor_grm_multigroup,keep,"ADR-0028: PyO3 entry points are a private implementation detail, exempt from the public naming rules.",fast_mlsirm._core,function,device,"""cpu""",keep,"Out of ADR-0028 policy scope (not a precision control, decision threshold, seed, or model-choice parameter).",
pyo3,fit_bifactor_grm_multigroup,fit_bifactor_grm_multigroup,keep,"ADR-0028: PyO3 entry points are a private implementation detail, exempt from the public naming rules.",fast_mlsirm._core,function,estimate_specific_vars,false,keep,"Out of ADR-0028 policy scope (not a precision control, decision threshold, seed, or model-choice parameter).",
pyo3,fit_bifactor_grm_multigroup,fit_bifactor_grm_multigroup,keep,"ADR-0028: PyO3 entry points are a private implementation detail, exempt from the public naming rules.",fast_mlsirm._core,function,max_iter,500,require,ADR-0028 rule 1: iteration/convergence precision control; no documented convergence-criterion source -> required argument.,"Deprecation: keep max_iter=500 accepted only when explicitly passed for one minor release (DeprecationWarning), then remove; changelog Changed entry."
pyo3,fit_bifactor_grm_multigroup,fit_bifactor_grm_multigroup,keep,"ADR-0028: PyO3 entry points are a private implementation detail, exempt from the public naming rules.",fast_mlsirm._core,function,n_starts,1,require,ADR-0028 rule 1: replicate/bootstrap/draw count; no Monte-Carlo-error source cited -> required argument.,"Deprecation: keep n_starts=1 accepted only when explicitly passed for one minor release (DeprecationWarning), then remove; changelog Changed entry."
pyo3,fit_bifactor_grm_multigroup,fit_bifactor_grm_multigroup,keep,"ADR-0028: PyO3 entry points are a private implementation detail, exempt from the public naming rules.",fast_mlsirm._core,function,q_general,21,keep,"Out of ADR-0028 policy scope (not a precision control, decision threshold, seed, or model-choice parameter).",
pyo3,fit_bifactor_grm_multigroup,fit_bifactor_grm_multigroup,keep,"ADR-0028: PyO3 entry points are a private implementation detail, exempt from the public naming rules.",fast_mlsirm._core,function,q_specific,11,keep,"Out of ADR-0028 policy scope (not a precision control, decision threshold, seed, or model-choice parameter).",
pyo3,fit_bifactor_grm_multigroup,fit_bifactor_grm_multigroup,keep,"ADR-0028: PyO3 entry points are a private implementation detail, exempt from the public naming rules.",fast_mlsirm._core,function,seed,0x9E37_79B9_7F4A_7C15,require,ADR-0028 rule 3: stochastic routines must not ship a default seed -> required argument.,"Deprecation: keep seed=0x9E37_79B9_7F4A_7C15 accepted only when explicitly passed for one minor release (DeprecationWarning), then remove; changelog Changed entry."
pyo3,fit_bifactor_grm_multigroup,fit_bifactor_grm_multigroup,keep,"ADR-0028: PyO3 entry points are a private implementation detail, exempt from the public naming rules.",fast_mlsirm._core,function,tol,1e-6,require,ADR-0028 rule 1: iteration/convergence precision control; no documented convergence-criterion source -> required argument.,"Deprecation: keep tol=1e-6 accepted only when explicitly passed for one minor release (DeprecationWarning), then remove; changelog Changed entry."
pyo3,fit_cdm,fit_cdm,keep,"ADR-0028: PyO3 entry points are a private implementation detail, exempt from the public naming rules.",fast_mlsirm._core,function,max_iter,500,require,ADR-0028 rule 1: iteration/convergence precision control; no documented convergence-criterion source -> required argument.,"Deprecation: keep max_iter=500 accepted only when explicitly passed for one minor release (DeprecationWarning), then remove; changelog Changed entry."
pyo3,fit_cdm,fit_cdm,keep,"ADR-0028: PyO3 entry points are a private implementation detail, exempt from the public naming rules.",fast_mlsirm._core,function,model,"""dina""",require,ADR-0028 rule 4: function is model-generic (not model-specific by name) -> model choice has no default.,"Deprecation: keep model=""dina"" accepted only when explicitly passed for one minor release (DeprecationWarning), then remove; changelog Changed entry."
pyo3,fit_cdm,fit_cdm,keep,"ADR-0028: PyO3 entry points are a private implementation detail, exempt from the public naming rules.",fast_mlsirm._core,function,tol,1e-6,require,ADR-0028 rule 1: iteration/convergence precision control; no documented convergence-criterion source -> required argument.,"Deprecation: keep tol=1e-6 accepted only when explicitly passed for one minor release (DeprecationWarning), then remove; changelog Changed entry."
pyo3,fit_crm,fit_crm,keep,"ADR-0028: PyO3 entry points are a private implementation detail, exempt from the public naming rules.",fast_mlsirm._core,function,max_iter,500,require,ADR-0028 rule 1: iteration/convergence precision control; no documented convergence-criterion source -> required argument.,"Deprecation: keep max_iter=500 accepted only when explicitly passed for one minor release (DeprecationWarning), then remove; changelog Changed entry."
pyo3,fit_crm,fit_crm,keep,"ADR-0028: PyO3 entry points are a private implementation detail, exempt from the public naming rules.",fast_mlsirm._core,function,q_theta,41,require,ADR-0028 rule 1: numerical-precision (quadrature node count) control; no in-repo citation for this value and/or below the AGENTS.md #1929 floor of 121 -> required argument.,"Deprecation: keep q_theta=41 accepted only when explicitly passed for one minor release (DeprecationWarning), then remove; changelog Changed entry."
pyo3,fit_crm,fit_crm,keep,"ADR-0028: PyO3 entry points are a private implementation detail, exempt from the public naming rules.",fast_mlsirm._core,function,tol,1e-6,require,ADR-0028 rule 1: iteration/convergence precision control; no documented convergence-criterion source -> required argument.,"Deprecation: keep tol=1e-6 accepted only when explicitly passed for one minor release (DeprecationWarning), then remove; changelog Changed entry."
pyo3,fit_facets,fit_facets,keep,"ADR-0028: PyO3 entry points are a private implementation detail, exempt from the public naming rules.",fast_mlsirm._core,function,max_iter,500,require,ADR-0028 rule 1: iteration/convergence precision control; no documented convergence-criterion source -> required argument.,"Deprecation: keep max_iter=500 accepted only when explicitly passed for one minor release (DeprecationWarning), then remove; changelog Changed entry."
pyo3,fit_facets,fit_facets,keep,"ADR-0028: PyO3 entry points are a private implementation detail, exempt from the public naming rules.",fast_mlsirm._core,function,q_theta,41,require,ADR-0028 rule 1: numerical-precision (quadrature node count) control; no in-repo citation for this value and/or below the AGENTS.md #1929 floor of 121 -> required argument.,"Deprecation: keep q_theta=41 accepted only when explicitly passed for one minor release (DeprecationWarning), then remove; changelog Changed entry."
pyo3,fit_facets,fit_facets,keep,"ADR-0028: PyO3 entry points are a private implementation detail, exempt from the public naming rules.",fast_mlsirm._core,function,tol,1e-6,require,ADR-0028 rule 1: iteration/convergence precision control; no documented convergence-criterion source -> required argument.,"Deprecation: keep tol=1e-6 accepted only when explicitly passed for one minor release (DeprecationWarning), then remove; changelog Changed entry."
pyo3,fit_gdina,fit_gdina,keep,"ADR-0028: PyO3 entry points are a private implementation detail, exempt from the public naming rules.",fast_mlsirm._core,function,max_iter,500,require,ADR-0028 rule 1: iteration/convergence precision control; no documented convergence-criterion source -> required argument.,"Deprecation: keep max_iter=500 accepted only when explicitly passed for one minor release (DeprecationWarning), then remove; changelog Changed entry."
pyo3,fit_gdina,fit_gdina,keep,"ADR-0028: PyO3 entry points are a private implementation detail, exempt from the public naming rules.",fast_mlsirm._core,function,tol,1e-6,require,ADR-0028 rule 1: iteration/convergence precision control; no documented convergence-criterion source -> required argument.,"Deprecation: keep tol=1e-6 accepted only when explicitly passed for one minor release (DeprecationWarning), then remove; changelog Changed entry."
pyo3,fit_gpcm,fit_gpcm,keep,"ADR-0028: PyO3 entry points are a private implementation detail, exempt from the public naming rules.",fast_mlsirm._core,function,max_iter,500,require,ADR-0028 rule 1: iteration/convergence precision control; no documented convergence-criterion source -> required argument.,"Deprecation: keep max_iter=500 accepted only when explicitly passed for one minor release (DeprecationWarning), then remove; changelog Changed entry."
pyo3,fit_gpcm,fit_gpcm,keep,"ADR-0028: PyO3 entry points are a private implementation detail, exempt from the public naming rules.",fast_mlsirm._core,function,node_rule,"""gh""",keep,"Out of ADR-0028 policy scope (not a precision control, decision threshold, seed, or model-choice parameter).",
pyo3,fit_gpcm,fit_gpcm,keep,"ADR-0028: PyO3 entry points are a private implementation detail, exempt from the public naming rules.",fast_mlsirm._core,function,q,21,keep,"Out of ADR-0028 policy scope (not a precision control, decision threshold, seed, or model-choice parameter).",
pyo3,fit_gpcm,fit_gpcm,keep,"ADR-0028: PyO3 entry points are a private implementation detail, exempt from the public naming rules.",fast_mlsirm._core,function,tol,1e-6,require,ADR-0028 rule 1: iteration/convergence precision control; no documented convergence-criterion source -> required argument.,"Deprecation: keep tol=1e-6 accepted only when explicitly passed for one minor release (DeprecationWarning), then remove; changelog Changed entry."
pyo3,fit_gpcm,fit_gpcm,keep,"ADR-0028: PyO3 entry points are a private implementation detail, exempt from the public naming rules.",fast_mlsirm._core,function,xi_points,4000,require,ADR-0028 rule 1: numerical-precision (quadrature node count) control; no in-repo citation for this value and/or below the AGENTS.md #1929 floor of 121 -> required argument.,"Deprecation: keep xi_points=4000 accepted only when explicitly passed for one minor release (DeprecationWarning), then remove; changelog Changed entry."
pyo3,fit_gpcm,fit_gpcm,keep,"ADR-0028: PyO3 entry points are a private implementation detail, exempt from the public naming rules.",fast_mlsirm._core,function,xi_seed,0x9E37_79B9_7F4A_7C15,require,ADR-0028 rule 3: stochastic routines must not ship a default seed -> required argument.,"Deprecation: keep xi_seed=0x9E37_79B9_7F4A_7C15 accepted only when explicitly passed for one minor release (DeprecationWarning), then remove; changelog Changed entry."
pyo3,fit_grm,fit_grm,keep,"ADR-0028: PyO3 entry points are a private implementation detail, exempt from the public naming rules.",fast_mlsirm._core,function,max_iter,500,require,ADR-0028 rule 1: iteration/convergence precision control; no documented convergence-criterion source -> required argument.,"Deprecation: keep max_iter=500 accepted only when explicitly passed for one minor release (DeprecationWarning), then remove; changelog Changed entry."
pyo3,fit_grm,fit_grm,keep,"ADR-0028: PyO3 entry points are a private implementation detail, exempt from the public naming rules.",fast_mlsirm._core,function,node_rule,"""gh""",keep,"Out of ADR-0028 policy scope (not a precision control, decision threshold, seed, or model-choice parameter).",
pyo3,fit_grm,fit_grm,keep,"ADR-0028: PyO3 entry points are a private implementation detail, exempt from the public naming rules.",fast_mlsirm._core,function,q,21,keep,"Out of ADR-0028 policy scope (not a precision control, decision threshold, seed, or model-choice parameter).",
pyo3,fit_grm,fit_grm,keep,"ADR-0028: PyO3 entry points are a private implementation detail, exempt from the public naming rules.",fast_mlsirm._core,function,tol,1e-6,require,ADR-0028 rule 1: iteration/convergence precision control; no documented convergence-criterion source -> required argument.,"Deprecation: keep tol=1e-6 accepted only when explicitly passed for one minor release (DeprecationWarning), then remove; changelog Changed entry."
pyo3,fit_grm,fit_grm,keep,"ADR-0028: PyO3 entry points are a private implementation detail, exempt from the public naming rules.",fast_mlsirm._core,function,xi_points,4000,require,ADR-0028 rule 1: numerical-precision (quadrature node count) control; no in-repo citation for this value and/or below the AGENTS.md #1929 floor of 121 -> required argument.,"Deprecation: keep xi_points=4000 accepted only when explicitly passed for one minor release (DeprecationWarning), then remove; changelog Changed entry."
pyo3,fit_grm,fit_grm,keep,"ADR-0028: PyO3 entry points are a private implementation detail, exempt from the public naming rules.",fast_mlsirm._core,function,xi_seed,0x9E37_79B9_7F4A_7C15,require,ADR-0028 rule 3: stochastic routines must not ship a default seed -> required argument.,"Deprecation: keep xi_seed=0x9E37_79B9_7F4A_7C15 accepted only when explicitly passed for one minor release (DeprecationWarning), then remove; changelog Changed entry."
pyo3,fit_ho_cdm,fit_ho_cdm,keep,"ADR-0028: PyO3 entry points are a private implementation detail, exempt from the public naming rules.",fast_mlsirm._core,function,max_iter,500,require,ADR-0028 rule 1: iteration/convergence precision control; no documented convergence-criterion source -> required argument.,"Deprecation: keep max_iter=500 accepted only when explicitly passed for one minor release (DeprecationWarning), then remove; changelog Changed entry."
pyo3,fit_ho_cdm,fit_ho_cdm,keep,"ADR-0028: PyO3 entry points are a private implementation detail, exempt from the public naming rules.",fast_mlsirm._core,function,model,"""dina""",require,ADR-0028 rule 4: function is model-generic (not model-specific by name) -> model choice has no default.,"Deprecation: keep model=""dina"" accepted only when explicitly passed for one minor release (DeprecationWarning), then remove; changelog Changed entry."
pyo3,fit_ho_cdm,fit_ho_cdm,keep,"ADR-0028: PyO3 entry points are a private implementation detail, exempt from the public naming rules.",fast_mlsirm._core,function,tol,1e-6,require,ADR-0028 rule 1: iteration/convergence precision control; no documented convergence-criterion source -> required argument.,"Deprecation: keep tol=1e-6 accepted only when explicitly passed for one minor release (DeprecationWarning), then remove; changelog Changed entry."
pyo3,fit_ho_gdina,fit_ho_gdina,keep,"ADR-0028: PyO3 entry points are a private implementation detail, exempt from the public naming rules.",fast_mlsirm._core,function,max_iter,500,require,ADR-0028 rule 1: iteration/convergence precision control; no documented convergence-criterion source -> required argument.,"Deprecation: keep max_iter=500 accepted only when explicitly passed for one minor release (DeprecationWarning), then remove; changelog Changed entry."
pyo3,fit_ho_gdina,fit_ho_gdina,keep,"ADR-0028: PyO3 entry points are a private implementation detail, exempt from the public naming rules.",fast_mlsirm._core,function,tol,1e-6,require,ADR-0028 rule 1: iteration/convergence precision control; no documented convergence-criterion source -> required argument.,"Deprecation: keep tol=1e-6 accepted only when explicitly passed for one minor release (DeprecationWarning), then remove; changelog Changed entry."
pyo3,fit_lltm,fit_lltm,keep,"ADR-0028: PyO3 entry points are a private implementation detail, exempt from the public naming rules.",fast_mlsirm._core,function,compute_lr,true,keep,"Out of ADR-0028 policy scope (not a precision control, decision threshold, seed, or model-choice parameter).",
pyo3,fit_lltm,fit_lltm,keep,"ADR-0028: PyO3 entry points are a private implementation detail, exempt from the public naming rules.",fast_mlsirm._core,function,fit_intercept,true,keep,"Out of ADR-0028 policy scope (not a precision control, decision threshold, seed, or model-choice parameter).",
pyo3,fit_lltm,fit_lltm,keep,"ADR-0028: PyO3 entry points are a private implementation detail, exempt from the public naming rules.",fast_mlsirm._core,function,max_iter,500,require,ADR-0028 rule 1: iteration/convergence precision control; no documented convergence-criterion source -> required argument.,"Deprecation: keep max_iter=500 accepted only when explicitly passed for one minor release (DeprecationWarning), then remove; changelog Changed entry."
pyo3,fit_lltm,fit_lltm,keep,"ADR-0028: PyO3 entry points are a private implementation detail, exempt from the public naming rules.",fast_mlsirm._core,function,tol,1e-6,require,ADR-0028 rule 1: iteration/convergence precision control; no documented convergence-criterion source -> required argument.,"Deprecation: keep tol=1e-6 accepted only when explicitly passed for one minor release (DeprecationWarning), then remove; changelog Changed entry."
pyo3,fit_marginal,fit_marginal,keep,"ADR-0028: PyO3 entry points are a private implementation detail, exempt from the public naming rules.",fast_mlsirm._core,function,anchor_alpha,None,keep,"Out of ADR-0028 policy scope (not a precision control, decision threshold, seed, or model-choice parameter).",
pyo3,fit_marginal,fit_marginal,keep,"ADR-0028: PyO3 entry points are a private implementation detail, exempt from the public naming rules.",fast_mlsirm._core,function,anchor_b,None,keep,"Out of ADR-0028 policy scope (not a precision control, decision threshold, seed, or model-choice parameter).",
pyo3,fit_marginal,fit_marginal,keep,"ADR-0028: PyO3 entry points are a private implementation detail, exempt from the public naming rules.",fast_mlsirm._core,function,anchor_fixed,None,keep,"Out of ADR-0028 policy scope (not a precision control, decision threshold, seed, or model-choice parameter).",
pyo3,fit_marginal,fit_marginal,keep,"ADR-0028: PyO3 entry points are a private implementation detail, exempt from the public naming rules.",fast_mlsirm._core,function,anchor_tau,None,keep,"Out of ADR-0028 policy scope (not a precision control, decision threshold, seed, or model-choice parameter).",
pyo3,fit_marginal,fit_marginal,keep,"ADR-0028: PyO3 entry points are a private implementation detail, exempt from the public naming rules.",fast_mlsirm._core,function,anchor_zeta,None,keep,"Out of ADR-0028 policy scope (not a precision control, decision threshold, seed, or model-choice parameter).",
pyo3,fit_marginal,fit_marginal,keep,"ADR-0028: PyO3 entry points are a private implementation detail, exempt from the public naming rules.",fast_mlsirm._core,function,covariate_init_delta,0.0,keep,"Out of ADR-0028 policy scope (not a precision control, decision threshold, seed, or model-choice parameter).",
pyo3,fit_marginal,fit_marginal,keep,"ADR-0028: PyO3 entry points are a private implementation detail, exempt from the public naming rules.",fast_mlsirm._core,function,covariate_w,None,keep,"Out of ADR-0028 policy scope (not a precision control, decision threshold, seed, or model-choice parameter).",
pyo3,fit_marginal,fit_marginal,keep,"ADR-0028: PyO3 entry points are a private implementation detail, exempt from the public naming rules.",fast_mlsirm._core,function,device,"""cpu""",keep,"Out of ADR-0028 policy scope (not a precision control, decision threshold, seed, or model-choice parameter).",
pyo3,fit_marginal,fit_marginal,keep,"ADR-0028: PyO3 entry points are a private implementation detail, exempt from the public naming rules.",fast_mlsirm._core,function,lambda_alpha,1.0,keep,"Out of ADR-0028 policy scope (not a precision control, decision threshold, seed, or model-choice parameter).",
pyo3,fit_marginal,fit_marginal,keep,"ADR-0028: PyO3 entry points are a private implementation detail, exempt from the public naming rules.",fast_mlsirm._core,function,lambda_b,0.25,keep,"Out of ADR-0028 policy scope (not a precision control, decision threshold, seed, or model-choice parameter).",
pyo3,fit_marginal,fit_marginal,keep,"ADR-0028: PyO3 entry points are a private implementation detail, exempt from the public naming rules.",fast_mlsirm._core,function,lambda_tau,1.0,keep,"Out of ADR-0028 policy scope (not a precision control, decision threshold, seed, or model-choice parameter).",
pyo3,fit_marginal,fit_marginal,keep,"ADR-0028: PyO3 entry points are a private implementation detail, exempt from the public naming rules.",fast_mlsirm._core,function,lambda_zeta,1.0,keep,"Out of ADR-0028 policy scope (not a precision control, decision threshold, seed, or model-choice parameter).",
pyo3,fit_marginal,fit_marginal,keep,"ADR-0028: PyO3 entry points are a private implementation detail, exempt from the public naming rules.",fast_mlsirm._core,function,m_steps,4,require,ADR-0028 rule 1: iteration/convergence precision control; no documented convergence-criterion source -> required argument.,"Deprecation: keep m_steps=4 accepted only when explicitly passed for one minor release (DeprecationWarning), then remove; changelog Changed entry."
pyo3,fit_marginal,fit_marginal,keep,"ADR-0028: PyO3 entry points are a private implementation detail, exempt from the public naming rules.",fast_mlsirm._core,function,max_iter,200,require,ADR-0028 rule 1: iteration/convergence precision control; no documented convergence-criterion source -> required argument.,"Deprecation: keep max_iter=200 accepted only when explicitly passed for one minor release (DeprecationWarning), then remove; changelog Changed entry."
pyo3,fit_marginal,fit_marginal,keep,"ADR-0028: PyO3 entry points are a private implementation detail, exempt from the public naming rules.",fast_mlsirm._core,function,mu_alpha,0.5,keep,"Out of ADR-0028 policy scope (not a precision control, decision threshold, seed, or model-choice parameter).",
pyo3,fit_marginal,fit_marginal,keep,"ADR-0028: PyO3 entry points are a private implementation detail, exempt from the public naming rules.",fast_mlsirm._core,function,mu_tau,0.5,keep,"Out of ADR-0028 policy scope (not a precision control, decision threshold, seed, or model-choice parameter).",
pyo3,fit_marginal,fit_marginal,keep,"ADR-0028: PyO3 entry points are a private implementation detail, exempt from the public naming rules.",fast_mlsirm._core,function,n_pop,0,keep,"Out of ADR-0028 policy scope (not a precision control, decision threshold, seed, or model-choice parameter).",
pyo3,fit_marginal,fit_marginal,keep,"ADR-0028: PyO3 entry points are a private implementation detail, exempt from the public naming rules.",fast_mlsirm._core,function,pop_id,None,keep,"Out of ADR-0028 policy scope (not a precision control, decision threshold, seed, or model-choice parameter).",
pyo3,fit_marginal,fit_marginal,keep,"ADR-0028: PyO3 entry points are a private implementation detail, exempt from the public naming rules.",fast_mlsirm._core,function,pop_kind,"""single""",keep,"Out of ADR-0028 policy scope (not a precision control, decision threshold, seed, or model-choice parameter).",
pyo3,fit_marginal,fit_marginal,keep,"ADR-0028: PyO3 entry points are a private implementation detail, exempt from the public naming rules.",fast_mlsirm._core,function,q_theta,21,require,ADR-0028 rule 1: numerical-precision (quadrature node count) control; no in-repo citation for this value and/or below the AGENTS.md #1929 floor of 121 -> required argument.,"Deprecation: keep q_theta=21 accepted only when explicitly passed for one minor release (DeprecationWarning), then remove; changelog Changed entry."
pyo3,fit_marginal,fit_marginal,keep,"ADR-0028: PyO3 entry points are a private implementation detail, exempt from the public naming rules.",fast_mlsirm._core,function,q_u,15,require,ADR-0028 rule 1: numerical-precision (quadrature node count) control; no in-repo citation for this value and/or below the AGENTS.md #1929 floor of 121 -> required argument.,"Deprecation: keep q_u=15 accepted only when explicitly passed for one minor release (DeprecationWarning), then remove; changelog Changed entry."
pyo3,fit_marginal,fit_marginal,keep,"ADR-0028: PyO3 entry points are a private implementation detail, exempt from the public naming rules.",fast_mlsirm._core,function,q_xi,11,require,ADR-0028 rule 1: numerical-precision (quadrature node count) control; no in-repo citation for this value and/or below the AGENTS.md #1929 floor of 121 -> required argument.,"Deprecation: keep q_xi=11 accepted only when explicitly passed for one minor release (DeprecationWarning), then remove; changelog Changed entry."
pyo3,fit_marginal,fit_marginal,keep,"ADR-0028: PyO3 entry points are a private implementation detail, exempt from the public naming rules.",fast_mlsirm._core,function,tol,1e-5,require,ADR-0028 rule 1: iteration/convergence precision control; no documented convergence-criterion source -> required argument.,"Deprecation: keep tol=1e-5 accepted only when explicitly passed for one minor release (DeprecationWarning), then remove; changelog Changed entry."
pyo3,fit_marginal,fit_marginal,keep,"ADR-0028: PyO3 entry points are a private implementation detail, exempt from the public naming rules.",fast_mlsirm._core,function,xi_points,256,require,ADR-0028 rule 1: numerical-precision (quadrature node count) control; no in-repo citation for this value and/or below the AGENTS.md #1929 floor of 121 -> required argument.,"Deprecation: keep xi_points=256 accepted only when explicitly passed for one minor release (DeprecationWarning), then remove; changelog Changed entry."
pyo3,fit_marginal,fit_marginal,keep,"ADR-0028: PyO3 entry points are a private implementation detail, exempt from the public naming rules.",fast_mlsirm._core,function,xi_rule,"""gh""",keep,"Out of ADR-0028 policy scope (not a precision control, decision threshold, seed, or model-choice parameter).",
pyo3,fit_marginal,fit_marginal,keep,"ADR-0028: PyO3 entry points are a private implementation detail, exempt from the public naming rules.",fast_mlsirm._core,function,xi_seed,0,require,ADR-0028 rule 3: stochastic routines must not ship a default seed -> required argument.,"Deprecation: keep xi_seed=0 accepted only when explicitly passed for one minor release (DeprecationWarning), then remove; changelog Changed entry."
pyo3,fit_marginal,fit_marginal,keep,"ADR-0028: PyO3 entry points are a private implementation detail, exempt from the public naming rules.",fast_mlsirm._core,function,zero_inflation,false,keep,"Out of ADR-0028 policy scope (not a precision control, decision threshold, seed, or model-choice parameter).",
pyo3,fit_mhrm,fit_mhrm,keep,"ADR-0028: PyO3 entry points are a private implementation detail, exempt from the public naming rules.",fast_mlsirm._core,function,burn_in,200,require,ADR-0028 rule 1: iteration/convergence precision control; no documented convergence-criterion source -> required argument.,"Deprecation: keep burn_in=200 accepted only when explicitly passed for one minor release (DeprecationWarning), then remove; changelog Changed entry."
pyo3,fit_mhrm,fit_mhrm,keep,"ADR-0028: PyO3 entry points are a private implementation detail, exempt from the public naming rules.",fast_mlsirm._core,function,estimate_corr,false,keep,"Out of ADR-0028 policy scope (not a precision control, decision threshold, seed, or model-choice parameter).",
pyo3,fit_mhrm,fit_mhrm,keep,"ADR-0028: PyO3 entry points are a private implementation detail, exempt from the public naming rules.",fast_mlsirm._core,function,estimate_se,true,keep,"Out of ADR-0028 policy scope (not a precision control, decision threshold, seed, or model-choice parameter).",
pyo3,fit_mhrm,fit_mhrm,keep,"ADR-0028: PyO3 entry points are a private implementation detail, exempt from the public naming rules.",fast_mlsirm._core,function,max_cycles,2000,require,ADR-0028 rule 1: iteration/convergence precision control; no documented convergence-criterion source -> required argument.,"Deprecation: keep max_cycles=2000 accepted only when explicitly passed for one minor release (DeprecationWarning), then remove; changelog Changed entry."
pyo3,fit_mhrm,fit_mhrm,keep,"ADR-0028: PyO3 entry points are a private implementation detail, exempt from the public naming rules.",fast_mlsirm._core,function,mh_steps,5,require,ADR-0028 rule 1: iteration/convergence precision control; no documented convergence-criterion source -> required argument.,"Deprecation: keep mh_steps=5 accepted only when explicitly passed for one minor release (DeprecationWarning), then remove; changelog Changed entry."
pyo3,fit_mhrm,fit_mhrm,keep,"ADR-0028: PyO3 entry points are a private implementation detail, exempt from the public naming rules.",fast_mlsirm._core,function,model,"""2pl""",require,ADR-0028 rule 4: function is model-generic (not model-specific by name) -> model choice has no default.,"Deprecation: keep model=""2pl"" accepted only when explicitly passed for one minor release (DeprecationWarning), then remove; changelog Changed entry."
pyo3,fit_mhrm,fit_mhrm,keep,"ADR-0028: PyO3 entry points are a private implementation detail, exempt from the public naming rules.",fast_mlsirm._core,function,n_cat,2,keep,"Out of ADR-0028 policy scope (not a precision control, decision threshold, seed, or model-choice parameter).",
pyo3,fit_mhrm,fit_mhrm,keep,"ADR-0028: PyO3 entry points are a private implementation detail, exempt from the public naming rules.",fast_mlsirm._core,function,proposal_sd,1.0,keep,"Out of ADR-0028 policy scope (not a precision control, decision threshold, seed, or model-choice parameter).",
pyo3,fit_mhrm,fit_mhrm,keep,"ADR-0028: PyO3 entry points are a private implementation detail, exempt from the public naming rules.",fast_mlsirm._core,function,seed,0x9E37_79B9_7F4A_7C15,require,ADR-0028 rule 3: stochastic routines must not ship a default seed -> required argument.,"Deprecation: keep seed=0x9E37_79B9_7F4A_7C15 accepted only when explicitly passed for one minor release (DeprecationWarning), then remove; changelog Changed entry."
pyo3,fit_mhrm,fit_mhrm,keep,"ADR-0028: PyO3 entry points are a private implementation detail, exempt from the public naming rules.",fast_mlsirm._core,function,target_accept,0.30,require,ADR-0028 rule 1: iteration/convergence precision control; no documented convergence-criterion source -> required argument.,"Deprecation: keep target_accept=0.30 accepted only when explicitly passed for one minor release (DeprecationWarning), then remove; changelog Changed entry."
pyo3,fit_mhrm,fit_mhrm,keep,"ADR-0028: PyO3 entry points are a private implementation detail, exempt from the public naming rules.",fast_mlsirm._core,function,tol,1e-3,require,ADR-0028 rule 1: iteration/convergence precision control; no documented convergence-criterion source -> required argument.,"Deprecation: keep tol=1e-3 accepted only when explicitly passed for one minor release (DeprecationWarning), then remove; changelog Changed entry."
pyo3,fit_mixed_items,fit_mixed_items,keep,"ADR-0028: PyO3 entry points are a private implementation detail, exempt from the public naming rules.",fast_mlsirm._core,function,latent_dim,2,keep,"Out of ADR-0028 policy scope (not a precision control, decision threshold, seed, or model-choice parameter).",
pyo3,fit_mixed_items,fit_mixed_items,keep,"ADR-0028: PyO3 entry points are a private implementation detail, exempt from the public naming rules.",fast_mlsirm._core,function,max_iter,100,require,ADR-0028 rule 1: iteration/convergence precision control; no documented convergence-criterion source -> required argument.,"Deprecation: keep max_iter=100 accepted only when explicitly passed for one minor release (DeprecationWarning), then remove; changelog Changed entry."
pyo3,fit_mixed_items,fit_mixed_items,keep,"ADR-0028: PyO3 entry points are a private implementation detail, exempt from the public naming rules.",fast_mlsirm._core,function,n_threads,0,keep,"Out of ADR-0028 policy scope (not a precision control, decision threshold, seed, or model-choice parameter).",
pyo3,fit_mixed_items,fit_mixed_items,keep,"ADR-0028: PyO3 entry points are a private implementation detail, exempt from the public naming rules.",fast_mlsirm._core,function,observed,None,keep,"Out of ADR-0028 policy scope (not a precision control, decision threshold, seed, or model-choice parameter).",
pyo3,fit_mixed_items,fit_mixed_items,keep,"ADR-0028: PyO3 entry points are a private implementation detail, exempt from the public naming rules.",fast_mlsirm._core,function,q_theta,21,require,ADR-0028 rule 1: numerical-precision (quadrature node count) control; no in-repo citation for this value and/or below the AGENTS.md #1929 floor of 121 -> required argument.,"Deprecation: keep q_theta=21 accepted only when explicitly passed for one minor release (DeprecationWarning), then remove; changelog Changed entry."
pyo3,fit_mixed_items,fit_mixed_items,keep,"ADR-0028: PyO3 entry points are a private implementation detail, exempt from the public naming rules.",fast_mlsirm._core,function,q_xi,7,require,ADR-0028 rule 1: numerical-precision (quadrature node count) control; no in-repo citation for this value and/or below the AGENTS.md #1929 floor of 121 -> required argument.,"Deprecation: keep q_xi=7 accepted only when explicitly passed for one minor release (DeprecationWarning), then remove; changelog Changed entry."
pyo3,fit_mixed_items,fit_mixed_items,keep,"ADR-0028: PyO3 entry points are a private implementation detail, exempt from the public naming rules.",fast_mlsirm._core,function,tol,1e-5,require,ADR-0028 rule 1: iteration/convergence precision control; no documented convergence-criterion source -> required argument.,"Deprecation: keep tol=1e-5 accepted only when explicitly passed for one minor release (DeprecationWarning), then remove; changelog Changed entry."
pyo3,fit_mixture,fit_mixture,keep,"ADR-0028: PyO3 entry points are a private implementation detail, exempt from the public naming rules.",fast_mlsirm._core,function,max_iter,500,require,ADR-0028 rule 1: iteration/convergence precision control; no documented convergence-criterion source -> required argument.,"Deprecation: keep max_iter=500 accepted only when explicitly passed for one minor release (DeprecationWarning), then remove; changelog Changed entry."
pyo3,fit_mixture,fit_mixture,keep,"ADR-0028: PyO3 entry points are a private implementation detail, exempt from the public naming rules.",fast_mlsirm._core,function,model,"""rasch""",require,ADR-0028 rule 4: function is model-generic (not model-specific by name) -> model choice has no default.,"Deprecation: keep model=""rasch"" accepted only when explicitly passed for one minor release (DeprecationWarning), then remove; changelog Changed entry."
pyo3,fit_mixture,fit_mixture,keep,"ADR-0028: PyO3 entry points are a private implementation detail, exempt from the public naming rules.",fast_mlsirm._core,function,n_starts,1,require,ADR-0028 rule 1: replicate/bootstrap/draw count; no Monte-Carlo-error source cited -> required argument.,"Deprecation: keep n_starts=1 accepted only when explicitly passed for one minor release (DeprecationWarning), then remove; changelog Changed entry."
pyo3,fit_mixture,fit_mixture,keep,"ADR-0028: PyO3 entry points are a private implementation detail, exempt from the public naming rules.",fast_mlsirm._core,function,seed,0x2545F491,require,ADR-0028 rule 3: stochastic routines must not ship a default seed -> required argument.,"Deprecation: keep seed=0x2545F491 accepted only when explicitly passed for one minor release (DeprecationWarning), then remove; changelog Changed entry."
pyo3,fit_mixture,fit_mixture,keep,"ADR-0028: PyO3 entry points are a private implementation detail, exempt from the public naming rules.",fast_mlsirm._core,function,tol,1e-6,require,ADR-0028 rule 1: iteration/convergence precision control; no documented convergence-criterion source -> required argument.,"Deprecation: keep tol=1e-6 accepted only when explicitly passed for one minor release (DeprecationWarning), then remove; changelog Changed entry."
pyo3,fit_mmle_2pl,fit_mmle_2pl,keep,"ADR-0028: PyO3 entry points are a private implementation detail, exempt from the public naming rules.",fast_mlsirm._core,function,,,n/a,No defaulted parameters.,
pyo3,fit_nominal,fit_nominal,keep,"ADR-0028: PyO3 entry points are a private implementation detail, exempt from the public naming rules.",fast_mlsirm._core,function,max_iter,200,require,ADR-0028 rule 1: iteration/convergence precision control; no documented convergence-criterion source -> required argument.,"Deprecation: keep max_iter=200 accepted only when explicitly passed for one minor release (DeprecationWarning), then remove; changelog Changed entry."
pyo3,fit_nominal,fit_nominal,keep,"ADR-0028: PyO3 entry points are a private implementation detail, exempt from the public naming rules.",fast_mlsirm._core,function,observed,None,keep,"Out of ADR-0028 policy scope (not a precision control, decision threshold, seed, or model-choice parameter).",
pyo3,fit_nominal,fit_nominal,keep,"ADR-0028: PyO3 entry points are a private implementation detail, exempt from the public naming rules.",fast_mlsirm._core,function,q_theta,21,require,ADR-0028 rule 1: numerical-precision (quadrature node count) control; no in-repo citation for this value and/or below the AGENTS.md #1929 floor of 121 -> required argument.,"Deprecation: keep q_theta=21 accepted only when explicitly passed for one minor release (DeprecationWarning), then remove; changelog Changed entry."
pyo3,fit_nominal,fit_nominal,keep,"ADR-0028: PyO3 entry points are a private implementation detail, exempt from the public naming rules.",fast_mlsirm._core,function,tol,1e-6,require,ADR-0028 rule 1: iteration/convergence precision control; no documented convergence-criterion source -> required argument.,"Deprecation: keep tol=1e-6 accepted only when explicitly passed for one minor release (DeprecationWarning), then remove; changelog Changed entry."
pyo3,fit_nominal_model,fit_nominal_model,keep,"ADR-0028: PyO3 entry points are a private implementation detail, exempt from the public naming rules.",fast_mlsirm._core,function,max_iter,500,require,ADR-0028 rule 1: iteration/convergence precision control; no documented convergence-criterion source -> required argument.,"Deprecation: keep max_iter=500 accepted only when explicitly passed for one minor release (DeprecationWarning), then remove; changelog Changed entry."
pyo3,fit_nominal_model,fit_nominal_model,keep,"ADR-0028: PyO3 entry points are a private implementation detail, exempt from the public naming rules.",fast_mlsirm._core,function,node_rule,"""gh""",keep,"Out of ADR-0028 policy scope (not a precision control, decision threshold, seed, or model-choice parameter).",
pyo3,fit_nominal_model,fit_nominal_model,keep,"ADR-0028: PyO3 entry points are a private implementation detail, exempt from the public naming rules.",fast_mlsirm._core,function,q,21,keep,"Out of ADR-0028 policy scope (not a precision control, decision threshold, seed, or model-choice parameter).",
pyo3,fit_nominal_model,fit_nominal_model,keep,"ADR-0028: PyO3 entry points are a private implementation detail, exempt from the public naming rules.",fast_mlsirm._core,function,tol,1e-6,require,ADR-0028 rule 1: iteration/convergence precision control; no documented convergence-criterion source -> required argument.,"Deprecation: keep tol=1e-6 accepted only when explicitly passed for one minor release (DeprecationWarning), then remove; changelog Changed entry."
pyo3,fit_nominal_model,fit_nominal_model,keep,"ADR-0028: PyO3 entry points are a private implementation detail, exempt from the public naming rules.",fast_mlsirm._core,function,xi_points,4000,require,ADR-0028 rule 1: numerical-precision (quadrature node count) control; no in-repo citation for this value and/or below the AGENTS.md #1929 floor of 121 -> required argument.,"Deprecation: keep xi_points=4000 accepted only when explicitly passed for one minor release (DeprecationWarning), then remove; changelog Changed entry."
pyo3,fit_nominal_model,fit_nominal_model,keep,"ADR-0028: PyO3 entry points are a private implementation detail, exempt from the public naming rules.",fast_mlsirm._core,function,xi_seed,0x9E37_79B9_7F4A_7C15,require,ADR-0028 rule 3: stochastic routines must not ship a default seed -> required argument.,"Deprecation: keep xi_seed=0x9E37_79B9_7F4A_7C15 accepted only when explicitly passed for one minor release (DeprecationWarning), then remove; changelog Changed entry."
pyo3,fit_poly_lsirm,fit_poly_lsirm,keep,"ADR-0028: PyO3 entry points are a private implementation detail, exempt from the public naming rules.",fast_mlsirm._core,function,max_iter,60,require,ADR-0028 rule 1: iteration/convergence precision control; no documented convergence-criterion source -> required argument.,"Deprecation: keep max_iter=60 accepted only when explicitly passed for one minor release (DeprecationWarning), then remove; changelog Changed entry."
pyo3,fit_poly_lsirm,fit_poly_lsirm,keep,"ADR-0028: PyO3 entry points are a private implementation detail, exempt from the public naming rules.",fast_mlsirm._core,function,model,"""grm""",require,ADR-0028 rule 4: function is model-generic (not model-specific by name) -> model choice has no default.,"Deprecation: keep model=""grm"" accepted only when explicitly passed for one minor release (DeprecationWarning), then remove; changelog Changed entry."
pyo3,fit_poly_lsirm,fit_poly_lsirm,keep,"ADR-0028: PyO3 entry points are a private implementation detail, exempt from the public naming rules.",fast_mlsirm._core,function,observed,None,keep,"Out of ADR-0028 policy scope (not a precision control, decision threshold, seed, or model-choice parameter).",
pyo3,fit_poly_lsirm,fit_poly_lsirm,keep,"ADR-0028: PyO3 entry points are a private implementation detail, exempt from the public naming rules.",fast_mlsirm._core,function,q_theta,11,require,ADR-0028 rule 1: numerical-precision (quadrature node count) control; no in-repo citation for this value and/or below the AGENTS.md #1929 floor of 121 -> required argument.,"Deprecation: keep q_theta=11 accepted only when explicitly passed for one minor release (DeprecationWarning), then remove; changelog Changed entry."
pyo3,fit_poly_lsirm,fit_poly_lsirm,keep,"ADR-0028: PyO3 entry points are a private implementation detail, exempt from the public naming rules.",fast_mlsirm._core,function,q_xi,11,require,ADR-0028 rule 1: numerical-precision (quadrature node count) control; no in-repo citation for this value and/or below the AGENTS.md #1929 floor of 121 -> required argument.,"Deprecation: keep q_xi=11 accepted only when explicitly passed for one minor release (DeprecationWarning), then remove; changelog Changed entry."
pyo3,fit_poly_lsirm,fit_poly_lsirm,keep,"ADR-0028: PyO3 entry points are a private implementation detail, exempt from the public naming rules.",fast_mlsirm._core,function,tol,1e-5,require,ADR-0028 rule 1: iteration/convergence precision control; no documented convergence-criterion source -> required argument.,"Deprecation: keep tol=1e-5 accepted only when explicitly passed for one minor release (DeprecationWarning), then remove; changelog Changed entry."
pyo3,fit_poly_unidim,fit_poly_unidim,keep,"ADR-0028: PyO3 entry points are a private implementation detail, exempt from the public naming rules.",fast_mlsirm._core,function,max_iter,80,require,ADR-0028 rule 1: iteration/convergence precision control; no documented convergence-criterion source -> required argument.,"Deprecation: keep max_iter=80 accepted only when explicitly passed for one minor release (DeprecationWarning), then remove; changelog Changed entry."
pyo3,fit_poly_unidim,fit_poly_unidim,keep,"ADR-0028: PyO3 entry points are a private implementation detail, exempt from the public naming rules.",fast_mlsirm._core,function,model,"""grm""",require,ADR-0028 rule 4: function is model-generic (not model-specific by name) -> model choice has no default.,"Deprecation: keep model=""grm"" accepted only when explicitly passed for one minor release (DeprecationWarning), then remove; changelog Changed entry."
pyo3,fit_poly_unidim,fit_poly_unidim,keep,"ADR-0028: PyO3 entry points are a private implementation detail, exempt from the public naming rules.",fast_mlsirm._core,function,observed,None,keep,"Out of ADR-0028 policy scope (not a precision control, decision threshold, seed, or model-choice parameter).",
pyo3,fit_poly_unidim,fit_poly_unidim,keep,"ADR-0028: PyO3 entry points are a private implementation detail, exempt from the public naming rules.",fast_mlsirm._core,function,q_theta,21,require,ADR-0028 rule 1: numerical-precision (quadrature node count) control; no in-repo citation for this value and/or below the AGENTS.md #1929 floor of 121 -> required argument.,"Deprecation: keep q_theta=21 accepted only when explicitly passed for one minor release (DeprecationWarning), then remove; changelog Changed entry."
pyo3,fit_poly_unidim,fit_poly_unidim,keep,"ADR-0028: PyO3 entry points are a private implementation detail, exempt from the public naming rules.",fast_mlsirm._core,function,tol,1e-6,require,ADR-0028 rule 1: iteration/convergence precision control; no documented convergence-criterion source -> required argument.,"Deprecation: keep tol=1e-6 accepted only when explicitly passed for one minor release (DeprecationWarning), then remove; changelog Changed entry."
pyo3,fit_rasch_cml,fit_rasch_cml,keep,"ADR-0028: PyO3 entry points are a private implementation detail, exempt from the public naming rules.",fast_mlsirm._core,function,max_iter,100,require,ADR-0028 rule 1: iteration/convergence precision control; no documented convergence-criterion source -> required argument.,"Deprecation: keep max_iter=100 accepted only when explicitly passed for one minor release (DeprecationWarning), then remove; changelog Changed entry."
pyo3,fit_rasch_cml,fit_rasch_cml,keep,"ADR-0028: PyO3 entry points are a private implementation detail, exempt from the public naming rules.",fast_mlsirm._core,function,tol,1e-8,require,ADR-0028 rule 1: iteration/convergence precision control; no documented convergence-criterion source -> required argument.,"Deprecation: keep tol=1e-8 accepted only when explicitly passed for one minor release (DeprecationWarning), then remove; changelog Changed entry."
pyo3,fit_rsm,fit_rsm,keep,"ADR-0028: PyO3 entry points are a private implementation detail, exempt from the public naming rules.",fast_mlsirm._core,function,max_iter,500,require,ADR-0028 rule 1: iteration/convergence precision control; no documented convergence-criterion source -> required argument.,"Deprecation: keep max_iter=500 accepted only when explicitly passed for one minor release (DeprecationWarning), then remove; changelog Changed entry."
pyo3,fit_rsm,fit_rsm,keep,"ADR-0028: PyO3 entry points are a private implementation detail, exempt from the public naming rules.",fast_mlsirm._core,function,q_theta,41,require,ADR-0028 rule 1: numerical-precision (quadrature node count) control; no in-repo citation for this value and/or below the AGENTS.md #1929 floor of 121 -> required argument.,"Deprecation: keep q_theta=41 accepted only when explicitly passed for one minor release (DeprecationWarning), then remove; changelog Changed entry."
pyo3,fit_rsm,fit_rsm,keep,"ADR-0028: PyO3 entry points are a private implementation detail, exempt from the public naming rules.",fast_mlsirm._core,function,tol,1e-6,require,ADR-0028 rule 1: iteration/convergence precision control; no documented convergence-criterion source -> required argument.,"Deprecation: keep tol=1e-6 accepted only when explicitly passed for one minor release (DeprecationWarning), then remove; changelog Changed entry."
pyo3,fit_rt_lognormal,fit_rt_lognormal,keep,"ADR-0028: PyO3 entry points are a private implementation detail, exempt from the public naming rules.",fast_mlsirm._core,function,fix_sigma_tau,None,keep,"Out of ADR-0028 policy scope (not a precision control, decision threshold, seed, or model-choice parameter).",
pyo3,fit_rt_lognormal,fit_rt_lognormal,keep,"ADR-0028: PyO3 entry points are a private implementation detail, exempt from the public naming rules.",fast_mlsirm._core,function,max_iter,500,require,ADR-0028 rule 1: iteration/convergence precision control; no documented convergence-criterion source -> required argument.,"Deprecation: keep max_iter=500 accepted only when explicitly passed for one minor release (DeprecationWarning), then remove; changelog Changed entry."
pyo3,fit_rt_lognormal,fit_rt_lognormal,keep,"ADR-0028: PyO3 entry points are a private implementation detail, exempt from the public naming rules.",fast_mlsirm._core,function,sigma_floor,1e-4,keep,"Out of ADR-0028 policy scope (not a precision control, decision threshold, seed, or model-choice parameter).",
pyo3,fit_rt_lognormal,fit_rt_lognormal,keep,"ADR-0028: PyO3 entry points are a private implementation detail, exempt from the public naming rules.",fast_mlsirm._core,function,tol,1e-6,require,ADR-0028 rule 1: iteration/convergence precision control; no documented convergence-criterion source -> required argument.,"Deprecation: keep tol=1e-6 accepted only when explicitly passed for one minor release (DeprecationWarning), then remove; changelog Changed entry."
pyo3,fit_rt_lognormal,fit_rt_lognormal,keep,"ADR-0028: PyO3 entry points are a private implementation detail, exempt from the public naming rules.",fast_mlsirm._core,function,var_floor,1e-4,keep,"Out of ADR-0028 policy scope (not a precision control, decision threshold, seed, or model-choice parameter).",
pyo3,fit_seq_gdina,fit_seq_gdina,keep,"ADR-0028: PyO3 entry points are a private implementation detail, exempt from the public naming rules.",fast_mlsirm._core,function,max_iter,500,require,ADR-0028 rule 1: iteration/convergence precision control; no documented convergence-criterion source -> required argument.,"Deprecation: keep max_iter=500 accepted only when explicitly passed for one minor release (DeprecationWarning), then remove; changelog Changed entry."
pyo3,fit_seq_gdina,fit_seq_gdina,keep,"ADR-0028: PyO3 entry points are a private implementation detail, exempt from the public naming rules.",fast_mlsirm._core,function,tol,1e-6,require,ADR-0028 rule 1: iteration/convergence precision control; no documented convergence-criterion source -> required argument.,"Deprecation: keep tol=1e-6 accepted only when explicitly passed for one minor release (DeprecationWarning), then remove; changelog Changed entry."
pyo3,fit_seq_gdina_qr,fit_seq_gdina_qr,keep,"ADR-0028: PyO3 entry points are a private implementation detail, exempt from the public naming rules.",fast_mlsirm._core,function,max_iter,500,require,ADR-0028 rule 1: iteration/convergence precision control; no documented convergence-criterion source -> required argument.,"Deprecation: keep max_iter=500 accepted only when explicitly passed for one minor release (DeprecationWarning), then remove; changelog Changed entry."
pyo3,fit_seq_gdina_qr,fit_seq_gdina_qr,keep,"ADR-0028: PyO3 entry points are a private implementation detail, exempt from the public naming rules.",fast_mlsirm._core,function,tol,1e-6,require,ADR-0028 rule 1: iteration/convergence precision control; no documented convergence-criterion source -> required argument.,"Deprecation: keep tol=1e-6 accepted only when explicitly passed for one minor release (DeprecationWarning), then remove; changelog Changed entry."
pyo3,fit_speed_accuracy_covariance,fit_speed_accuracy_covariance,keep,"ADR-0028: PyO3 entry points are a private implementation detail, exempt from the public naming rules.",fast_mlsirm._core,function,fix_sigma_tau,None,keep,"Out of ADR-0028 policy scope (not a precision control, decision threshold, seed, or model-choice parameter).",
pyo3,fit_speed_accuracy_covariance,fit_speed_accuracy_covariance,keep,"ADR-0028: PyO3 entry points are a private implementation detail, exempt from the public naming rules.",fast_mlsirm._core,function,max_iter,500,require,ADR-0028 rule 1: iteration/convergence precision control; no documented convergence-criterion source -> required argument.,"Deprecation: keep max_iter=500 accepted only when explicitly passed for one minor release (DeprecationWarning), then remove; changelog Changed entry."
pyo3,fit_speed_accuracy_covariance,fit_speed_accuracy_covariance,keep,"ADR-0028: PyO3 entry points are a private implementation detail, exempt from the public naming rules.",fast_mlsirm._core,function,q,21,keep,"Out of ADR-0028 policy scope (not a precision control, decision threshold, seed, or model-choice parameter).",
pyo3,fit_speed_accuracy_covariance,fit_speed_accuracy_covariance,keep,"ADR-0028: PyO3 entry points are a private implementation detail, exempt from the public naming rules.",fast_mlsirm._core,function,tol,1e-6,require,ADR-0028 rule 1: iteration/convergence precision control; no documented convergence-criterion source -> required argument.,"Deprecation: keep tol=1e-6 accepted only when explicitly passed for one minor release (DeprecationWarning), then remove; changelog Changed entry."
pyo3,fit_testlet,fit_testlet,keep,"ADR-0028: PyO3 entry points are a private implementation detail, exempt from the public naming rules.",fast_mlsirm._core,function,estimate_sigma,true,keep,"Out of ADR-0028 policy scope (not a precision control, decision threshold, seed, or model-choice parameter).",
pyo3,fit_testlet,fit_testlet,keep,"ADR-0028: PyO3 entry points are a private implementation detail, exempt from the public naming rules.",fast_mlsirm._core,function,init_sigma2,0.5,keep,"Out of ADR-0028 policy scope (not a precision control, decision threshold, seed, or model-choice parameter).",
pyo3,fit_testlet,fit_testlet,keep,"ADR-0028: PyO3 entry points are a private implementation detail, exempt from the public naming rules.",fast_mlsirm._core,function,max_iter,500,require,ADR-0028 rule 1: iteration/convergence precision control; no documented convergence-criterion source -> required argument.,"Deprecation: keep max_iter=500 accepted only when explicitly passed for one minor release (DeprecationWarning), then remove; changelog Changed entry."
pyo3,fit_testlet,fit_testlet,keep,"ADR-0028: PyO3 entry points are a private implementation detail, exempt from the public naming rules.",fast_mlsirm._core,function,model,"""rasch""",require,ADR-0028 rule 4: function is model-generic (not model-specific by name) -> model choice has no default.,"Deprecation: keep model=""rasch"" accepted only when explicitly passed for one minor release (DeprecationWarning), then remove; changelog Changed entry."
pyo3,fit_testlet,fit_testlet,keep,"ADR-0028: PyO3 entry points are a private implementation detail, exempt from the public naming rules.",fast_mlsirm._core,function,q_gamma,21,require,ADR-0028 rule 1: numerical-precision (quadrature node count) control; no in-repo citation for this value and/or below the AGENTS.md #1929 floor of 121 -> required argument.,"Deprecation: keep q_gamma=21 accepted only when explicitly passed for one minor release (DeprecationWarning), then remove; changelog Changed entry."
pyo3,fit_testlet,fit_testlet,keep,"ADR-0028: PyO3 entry points are a private implementation detail, exempt from the public naming rules.",fast_mlsirm._core,function,tol,1e-6,require,ADR-0028 rule 1: iteration/convergence precision control; no documented convergence-criterion source -> required argument.,"Deprecation: keep tol=1e-6 accepted only when explicitly passed for one minor release (DeprecationWarning), then remove; changelog Changed entry."
pyo3,fit_two_tier_grm,fit_two_tier_grm,keep,"ADR-0028: PyO3 entry points are a private implementation detail, exempt from the public naming rules.",fast_mlsirm._core,function,max_iter,500,require,ADR-0028 rule 1: iteration/convergence precision control; no documented convergence-criterion source -> required argument.,"Deprecation: keep max_iter=500 accepted only when explicitly passed for one minor release (DeprecationWarning), then remove; changelog Changed entry."
pyo3,fit_two_tier_grm,fit_two_tier_grm,keep,"ADR-0028: PyO3 entry points are a private implementation detail, exempt from the public naming rules.",fast_mlsirm._core,function,n_starts,1,require,ADR-0028 rule 1: replicate/bootstrap/draw count; no Monte-Carlo-error source cited -> required argument.,"Deprecation: keep n_starts=1 accepted only when explicitly passed for one minor release (DeprecationWarning), then remove; changelog Changed entry."
pyo3,fit_two_tier_grm,fit_two_tier_grm,keep,"ADR-0028: PyO3 entry points are a private implementation detail, exempt from the public naming rules.",fast_mlsirm._core,function,q_primary,15,keep,"Out of ADR-0028 policy scope (not a precision control, decision threshold, seed, or model-choice parameter).",
pyo3,fit_two_tier_grm,fit_two_tier_grm,keep,"ADR-0028: PyO3 entry points are a private implementation detail, exempt from the public naming rules.",fast_mlsirm._core,function,q_specific,11,keep,"Out of ADR-0028 policy scope (not a precision control, decision threshold, seed, or model-choice parameter).",
pyo3,fit_two_tier_grm,fit_two_tier_grm,keep,"ADR-0028: PyO3 entry points are a private implementation detail, exempt from the public naming rules.",fast_mlsirm._core,function,seed,0x9E37_79B9_7F4A_7C15,require,ADR-0028 rule 3: stochastic routines must not ship a default seed -> required argument.,"Deprecation: keep seed=0x9E37_79B9_7F4A_7C15 accepted only when explicitly passed for one minor release (DeprecationWarning), then remove; changelog Changed entry."
pyo3,fit_two_tier_grm,fit_two_tier_grm,keep,"ADR-0028: PyO3 entry points are a private implementation detail, exempt from the public naming rules.",fast_mlsirm._core,function,tol,1e-6,require,ADR-0028 rule 1: iteration/convergence precision control; no documented convergence-criterion source -> required argument.,"Deprecation: keep tol=1e-6 accepted only when explicitly passed for one minor release (DeprecationWarning), then remove; changelog Changed entry."
pyo3,fleiss_kappa,fleiss_kappa,keep,"ADR-0028: PyO3 entry points are a private implementation detail, exempt from the public naming rules.",fast_mlsirm._core,function,exact,false,keep,"Out of ADR-0028 policy scope (not a precision control, decision threshold, seed, or model-choice parameter).",
pyo3,gdina_wald_selection,gdina_wald_selection,keep,"ADR-0028: PyO3 entry points are a private implementation detail, exempt from the public naming rules.",fast_mlsirm._core,function,alpha,0.05,require,ADR-0028 rule 2: decision threshold / flag cutoff / stopping rule; no APA 7th source cited for this specific value -> required argument.,"Deprecation: keep alpha=0.05 accepted only when explicitly passed for one minor release (DeprecationWarning), then remove; changelog Changed entry."
pyo3,gdina_wald_selection,gdina_wald_selection,keep,"ADR-0028: PyO3 entry points are a private implementation detail, exempt from the public naming rules.",fast_mlsirm._core,function,max_iter,500,require,ADR-0028 rule 1: iteration/convergence precision control; no documented convergence-criterion source -> required argument.,"Deprecation: keep max_iter=500 accepted only when explicitly passed for one minor release (DeprecationWarning), then remove; changelog Changed entry."
pyo3,gdina_wald_selection,gdina_wald_selection,keep,"ADR-0028: PyO3 entry points are a private implementation detail, exempt from the public naming rules.",fast_mlsirm._core,function,tol,1e-6,require,ADR-0028 rule 1: iteration/convergence precision control; no documented convergence-criterion source -> required argument.,"Deprecation: keep tol=1e-6 accepted only when explicitly passed for one minor release (DeprecationWarning), then remove; changelog Changed entry."
pyo3,glb_fa,glb_fa,keep,"ADR-0028: PyO3 entry points are a private implementation detail, exempt from the public naming rules.",fast_mlsirm._core,function,,,n/a,No defaulted parameters.,
pyo3,glb_fa_from_data,glb_fa_from_data,keep,"ADR-0028: PyO3 entry points are a private implementation detail, exempt from the public naming rules.",fast_mlsirm._core,function,,,n/a,No defaulted parameters.,
pyo3,glicko2_rating,glicko2_rating,keep,"ADR-0028: PyO3 entry points are a private implementation detail, exempt from the public naming rules.",fast_mlsirm._core,function,,,n/a,No defaulted parameters.,
pyo3,glicko_rating,glicko_rating,keep,"ADR-0028: PyO3 entry points are a private implementation detail, exempt from the public naming rules.",fast_mlsirm._core,function,,,n/a,No defaulted parameters.,
pyo3,gpcm_cell_logprobs,gpcm_cell_logprobs,keep,"ADR-0028: PyO3 entry points are a private implementation detail, exempt from the public naming rules.",fast_mlsirm._core,function,,,n/a,No defaulted parameters.,
pyo3,grm_cell_logprobs,grm_cell_logprobs,keep,"ADR-0028: PyO3 entry points are a private implementation detail, exempt from the public naming rules.",fast_mlsirm._core,function,,,n/a,No defaulted parameters.,
pyo3,gtheory_pi,gtheory_pi,keep,"ADR-0028: PyO3 entry points are a private implementation detail, exempt from the public naming rules.",fast_mlsirm._core,function,,,n/a,No defaulted parameters.,
pyo3,gtheory_pio,gtheory_pio,keep,"ADR-0028: PyO3 entry points are a private implementation detail, exempt from the public naming rules.",fast_mlsirm._core,function,,,n/a,No defaulted parameters.,
pyo3,guttman_lambdas,guttman_lambdas,keep,"ADR-0028: PyO3 entry points are a private implementation detail, exempt from the public naming rules.",fast_mlsirm._core,function,,,n/a,No defaulted parameters.,
pyo3,hanson_brennan,hanson_brennan,keep,"ADR-0028: PyO3 entry points are a private implementation detail, exempt from the public naming rules.",fast_mlsirm._core,function,,,n/a,No defaulted parameters.,
pyo3,hanson_brennan_from_params,hanson_brennan_from_params,keep,"ADR-0028: PyO3 entry points are a private implementation detail, exempt from the public naming rules.",fast_mlsirm._core,function,,,n/a,No defaulted parameters.,
pyo3,icc,icc,keep,"ADR-0028: PyO3 entry points are a private implementation detail, exempt from the public naming rules.",fast_mlsirm._core,function,,,n/a,No defaulted parameters.,
pyo3,ilsr_pairwise,ilsr_pairwise,keep,"ADR-0028: PyO3 entry points are a private implementation detail, exempt from the public naming rules.",fast_mlsirm._core,function,alpha,0.0,require,ADR-0028 rule 2: decision threshold / flag cutoff / stopping rule; no APA 7th source cited for this specific value -> required argument.,"Deprecation: keep alpha=0.0 accepted only when explicitly passed for one minor release (DeprecationWarning), then remove; changelog Changed entry."
pyo3,ilsr_pairwise,ilsr_pairwise,keep,"ADR-0028: PyO3 entry points are a private implementation detail, exempt from the public naming rules.",fast_mlsirm._core,function,max_iter,100,require,ADR-0028 rule 1: iteration/convergence precision control; no documented convergence-criterion source -> required argument.,"Deprecation: keep max_iter=100 accepted only when explicitly passed for one minor release (DeprecationWarning), then remove; changelog Changed entry."
pyo3,ilsr_pairwise,ilsr_pairwise,keep,"ADR-0028: PyO3 entry points are a private implementation detail, exempt from the public naming rules.",fast_mlsirm._core,function,tol,1e-8,require,ADR-0028 rule 1: iteration/convergence precision control; no documented convergence-criterion source -> required argument.,"Deprecation: keep tol=1e-8 accepted only when explicitly passed for one minor release (DeprecationWarning), then remove; changelog Changed entry."
pyo3,ilsr_rankings,ilsr_rankings,keep,"ADR-0028: PyO3 entry points are a private implementation detail, exempt from the public naming rules.",fast_mlsirm._core,function,alpha,0.0,require,ADR-0028 rule 2: decision threshold / flag cutoff / stopping rule; no APA 7th source cited for this specific value -> required argument.,"Deprecation: keep alpha=0.0 accepted only when explicitly passed for one minor release (DeprecationWarning), then remove; changelog Changed entry."
pyo3,ilsr_rankings,ilsr_rankings,keep,"ADR-0028: PyO3 entry points are a private implementation detail, exempt from the public naming rules.",fast_mlsirm._core,function,max_iter,100,require,ADR-0028 rule 1: iteration/convergence precision control; no documented convergence-criterion source -> required argument.,"Deprecation: keep max_iter=100 accepted only when explicitly passed for one minor release (DeprecationWarning), then remove; changelog Changed entry."
pyo3,ilsr_rankings,ilsr_rankings,keep,"ADR-0028: PyO3 entry points are a private implementation detail, exempt from the public naming rules.",fast_mlsirm._core,function,tol,1e-8,require,ADR-0028 rule 1: iteration/convergence precision control; no documented convergence-criterion source -> required argument.,"Deprecation: keep tol=1e-8 accepted only when explicitly passed for one minor release (DeprecationWarning), then remove; changelog Changed entry."
pyo3,ilsr_top1,ilsr_top1,keep,"ADR-0028: PyO3 entry points are a private implementation detail, exempt from the public naming rules.",fast_mlsirm._core,function,alpha,0.0,require,ADR-0028 rule 2: decision threshold / flag cutoff / stopping rule; no APA 7th source cited for this specific value -> required argument.,"Deprecation: keep alpha=0.0 accepted only when explicitly passed for one minor release (DeprecationWarning), then remove; changelog Changed entry."
pyo3,ilsr_top1,ilsr_top1,keep,"ADR-0028: PyO3 entry points are a private implementation detail, exempt from the public naming rules.",fast_mlsirm._core,function,max_iter,100,require,ADR-0028 rule 1: iteration/convergence precision control; no documented convergence-criterion source -> required argument.,"Deprecation: keep max_iter=100 accepted only when explicitly passed for one minor release (DeprecationWarning), then remove; changelog Changed entry."
pyo3,ilsr_top1,ilsr_top1,keep,"ADR-0028: PyO3 entry points are a private implementation detail, exempt from the public naming rules.",fast_mlsirm._core,function,tol,1e-8,require,ADR-0028 rule 1: iteration/convergence precision control; no documented convergence-criterion source -> required argument.,"Deprecation: keep tol=1e-8 accepted only when explicitly passed for one minor release (DeprecationWarning), then remove; changelog Changed entry."
pyo3,infit_outfit_stat,infit_outfit_stat,keep,"ADR-0028: PyO3 entry points are a private implementation detail, exempt from the public naming rules.",fast_mlsirm._core,function,,,n/a,No defaulted parameters.,
pyo3,irt_link,irt_link,keep,"ADR-0028: PyO3 entry points are a private implementation detail, exempt from the public naming rules.",fast_mlsirm._core,function,method,"""stocking_lord""",keep,"Out of ADR-0028 policy scope (not a precision control, decision threshold, seed, or model-choice parameter).",
pyo3,jmle_optimize,jmle_optimize,keep,"ADR-0028: PyO3 entry points are a private implementation detail, exempt from the public naming rules.",fast_mlsirm._core,function,,,n/a,No defaulted parameters.,
pyo3,jmle_optimize_adam,jmle_optimize_adam,keep,"ADR-0028: PyO3 entry points are a private implementation detail, exempt from the public naming rules.",fast_mlsirm._core,function,,,n/a,No defaulted parameters.,
pyo3,jmle_optimize_lbfgs,jmle_optimize_lbfgs,keep,"ADR-0028: PyO3 entry points are a private implementation detail, exempt from the public naming rules.",fast_mlsirm._core,function,,,n/a,No defaulted parameters.,
pyo3,kendall_u,kendall_u,keep,"ADR-0028: PyO3 entry points are a private implementation detail, exempt from the public naming rules.",fast_mlsirm._core,function,correct,true,keep,"Out of ADR-0028 policy scope (not a precision control, decision threshold, seed, or model-choice parameter).",
pyo3,kripp_alpha,kripp_alpha,keep,"ADR-0028: PyO3 entry points are a private implementation detail, exempt from the public naming rules.",fast_mlsirm._core,function,,,n/a,No defaulted parameters.,
pyo3,ksirt_occ,ksirt_occ,keep,"ADR-0028: PyO3 entry points are a private implementation detail, exempt from the public naming rules.",fast_mlsirm._core,function,bandwidth,None,keep,"Out of ADR-0028 policy scope (not a precision control, decision threshold, seed, or model-choice parameter).",
pyo3,ksirt_occ,ksirt_occ,keep,"ADR-0028: PyO3 entry points are a private implementation detail, exempt from the public naming rules.",fast_mlsirm._core,function,kernel,"""gaussian""",keep,"Out of ADR-0028 policy scope (not a precision control, decision threshold, seed, or model-choice parameter).",
pyo3,ksirt_occ,ksirt_occ,keep,"ADR-0028: PyO3 entry points are a private implementation detail, exempt from the public naming rules.",fast_mlsirm._core,function,nevalpoints,51,require,ADR-0028 rule 1: numerical-precision (quadrature node count) control; no in-repo citation for this value and/or below the AGENTS.md #1929 floor of 121 -> required argument.,"Deprecation: keep nevalpoints=51 accepted only when explicitly passed for one minor release (DeprecationWarning), then remove; changelog Changed entry."
pyo3,lee_classification,lee_classification,keep,"ADR-0028: PyO3 entry points are a private implementation detail, exempt from the public naming rules.",fast_mlsirm._core,function,,,n/a,No defaulted parameters.,
pyo3,leniency_residuals_stat,leniency_residuals_stat,keep,"ADR-0028: PyO3 entry points are a private implementation detail, exempt from the public naming rules.",fast_mlsirm._core,function,,,n/a,No defaulted parameters.,
pyo3,light_kappa,light_kappa,keep,"ADR-0028: PyO3 entry points are a private implementation detail, exempt from the public naming rules.",fast_mlsirm._core,function,,,n/a,No defaulted parameters.,
pyo3,link_fixed_item_parameters,link_fixed_item_parameters,keep,"ADR-0028: PyO3 entry points are a private implementation detail, exempt from the public naming rules.",fast_mlsirm._core,function,,,n/a,No defaulted parameters.,
pyo3,livingston_correlation,livingston_correlation,keep,"ADR-0028: PyO3 entry points are a private implementation detail, exempt from the public naming rules.",fast_mlsirm._core,function,,,n/a,No defaulted parameters.,
pyo3,livingston_k2,livingston_k2,keep,"ADR-0028: PyO3 entry points are a private implementation detail, exempt from the public naming rules.",fast_mlsirm._core,function,,,n/a,No defaulted parameters.,
pyo3,livingston_lewis,livingston_lewis,keep,"ADR-0028: PyO3 entry points are a private implementation detail, exempt from the public naming rules.",fast_mlsirm._core,function,,,n/a,No defaulted parameters.,
pyo3,logistic_dif,logistic_dif,keep,"ADR-0028: PyO3 entry points are a private implementation detail, exempt from the public naming rules.",fast_mlsirm._core,function,exclude_studied_item,false,keep,"Out of ADR-0028 policy scope (not a precision control, decision threshold, seed, or model-choice parameter).",
pyo3,logistic_dif,logistic_dif,keep,"ADR-0028: PyO3 entry points are a private implementation detail, exempt from the public naming rules.",fast_mlsirm._core,function,fdr_q,0.05,require,ADR-0028 rule 2: decision threshold / flag cutoff / stopping rule; no APA 7th source cited for this specific value -> required argument.,"Deprecation: keep fdr_q=0.05 accepted only when explicitly passed for one minor release (DeprecationWarning), then remove; changelog Changed entry."
pyo3,logistic_dif,logistic_dif,keep,"ADR-0028: PyO3 entry points are a private implementation detail, exempt from the public naming rules.",fast_mlsirm._core,function,max_iter,50,require,ADR-0028 rule 1: iteration/convergence precision control; no documented convergence-criterion source -> required argument.,"Deprecation: keep max_iter=50 accepted only when explicitly passed for one minor release (DeprecationWarning), then remove; changelog Changed entry."
pyo3,logistic_dif_purified,logistic_dif_purified,keep,"ADR-0028: PyO3 entry points are a private implementation detail, exempt from the public naming rules.",fast_mlsirm._core,function,exclude_studied_item,false,keep,"Out of ADR-0028 policy scope (not a precision control, decision threshold, seed, or model-choice parameter).",
pyo3,logistic_dif_purified,logistic_dif_purified,keep,"ADR-0028: PyO3 entry points are a private implementation detail, exempt from the public naming rules.",fast_mlsirm._core,function,fdr_q,0.05,require,ADR-0028 rule 2: decision threshold / flag cutoff / stopping rule; no APA 7th source cited for this specific value -> required argument.,"Deprecation: keep fdr_q=0.05 accepted only when explicitly passed for one minor release (DeprecationWarning), then remove; changelog Changed entry."
pyo3,logistic_dif_purified,logistic_dif_purified,keep,"ADR-0028: PyO3 entry points are a private implementation detail, exempt from the public naming rules.",fast_mlsirm._core,function,max_iter,50,require,ADR-0028 rule 1: iteration/convergence precision control; no documented convergence-criterion source -> required argument.,"Deprecation: keep max_iter=50 accepted only when explicitly passed for one minor release (DeprecationWarning), then remove; changelog Changed entry."
pyo3,logistic_dif_purified,logistic_dif_purified,keep,"ADR-0028: PyO3 entry points are a private implementation detail, exempt from the public naming rules.",fast_mlsirm._core,function,max_rounds,3,require,ADR-0028 rule 2: decision threshold / flag cutoff / stopping rule; no APA 7th source cited for this specific value -> required argument.,"Deprecation: keep max_rounds=3 accepted only when explicitly passed for one minor release (DeprecationWarning), then remove; changelog Changed entry."
pyo3,logistic_dif_purified,logistic_dif_purified,keep,"ADR-0028: PyO3 entry points are a private implementation detail, exempt from the public naming rules.",fast_mlsirm._core,function,min_anchor_items,4,require,ADR-0028 rule 2: decision threshold / flag cutoff / stopping rule; no APA 7th source cited for this specific value -> required argument.,"Deprecation: keep min_anchor_items=4 accepted only when explicitly passed for one minor release (DeprecationWarning), then remove; changelog Changed entry."
pyo3,loglinear_smooth,loglinear_smooth,keep,"ADR-0028: PyO3 entry points are a private implementation detail, exempt from the public naming rules.",fast_mlsirm._core,function,degree,6,keep,"Out of ADR-0028 policy scope (not a precision control, decision threshold, seed, or model-choice parameter).",
pyo3,lsr_pairwise,lsr_pairwise,keep,"ADR-0028: PyO3 entry points are a private implementation detail, exempt from the public naming rules.",fast_mlsirm._core,function,alpha,0.0,require,ADR-0028 rule 2: decision threshold / flag cutoff / stopping rule; no APA 7th source cited for this specific value -> required argument.,"Deprecation: keep alpha=0.0 accepted only when explicitly passed for one minor release (DeprecationWarning), then remove; changelog Changed entry."
pyo3,lsr_rankings,lsr_rankings,keep,"ADR-0028: PyO3 entry points are a private implementation detail, exempt from the public naming rules.",fast_mlsirm._core,function,alpha,0.0,require,ADR-0028 rule 2: decision threshold / flag cutoff / stopping rule; no APA 7th source cited for this specific value -> required argument.,"Deprecation: keep alpha=0.0 accepted only when explicitly passed for one minor release (DeprecationWarning), then remove; changelog Changed entry."
pyo3,lsr_top1,lsr_top1,keep,"ADR-0028: PyO3 entry points are a private implementation detail, exempt from the public naming rules.",fast_mlsirm._core,function,alpha,0.0,require,ADR-0028 rule 2: decision threshold / flag cutoff / stopping rule; no APA 7th source cited for this specific value -> required argument.,"Deprecation: keep alpha=0.0 accepted only when explicitly passed for one minor release (DeprecationWarning), then remove; changelog Changed entry."
pyo3,m2_cmle_rasch_stat,m2_cmle_rasch_stat,keep,"ADR-0028: PyO3 entry points are a private implementation detail, exempt from the public naming rules.",fast_mlsirm._core,function,,,n/a,No defaulted parameters.,
pyo3,m2_stat,m2_stat,keep,"ADR-0028: PyO3 entry points are a private implementation detail, exempt from the public naming rules.",fast_mlsirm._core,function,q_theta,21,require,ADR-0028 rule 1: numerical-precision (quadrature node count) control; no in-repo citation for this value and/or below the AGENTS.md #1929 floor of 121 -> required argument.,"Deprecation: keep q_theta=21 accepted only when explicitly passed for one minor release (DeprecationWarning), then remove; changelog Changed entry."
pyo3,m2_stat,m2_stat,keep,"ADR-0028: PyO3 entry points are a private implementation detail, exempt from the public naming rules.",fast_mlsirm._core,function,q_xi,11,require,ADR-0028 rule 1: numerical-precision (quadrature node count) control; no in-repo citation for this value and/or below the AGENTS.md #1929 floor of 121 -> required argument.,"Deprecation: keep q_xi=11 accepted only when explicitly passed for one minor release (DeprecationWarning), then remove; changelog Changed entry."
pyo3,m2_stat,m2_stat,keep,"ADR-0028: PyO3 entry points are a private implementation detail, exempt from the public naming rules.",fast_mlsirm._core,function,xi_points,256,require,ADR-0028 rule 1: numerical-precision (quadrature node count) control; no in-repo citation for this value and/or below the AGENTS.md #1929 floor of 121 -> required argument.,"Deprecation: keep xi_points=256 accepted only when explicitly passed for one minor release (DeprecationWarning), then remove; changelog Changed entry."
pyo3,m2_stat,m2_stat,keep,"ADR-0028: PyO3 entry points are a private implementation detail, exempt from the public naming rules.",fast_mlsirm._core,function,xi_rule,"""gh""",keep,"Out of ADR-0028 policy scope (not a precision control, decision threshold, seed, or model-choice parameter).",
pyo3,m2_stat,m2_stat,keep,"ADR-0028: PyO3 entry points are a private implementation detail, exempt from the public naming rules.",fast_mlsirm._core,function,xi_seed,0,require,ADR-0028 rule 3: stochastic routines must not ship a default seed -> required argument.,"Deprecation: keep xi_seed=0 accepted only when explicitly passed for one minor release (DeprecationWarning), then remove; changelog Changed entry."
pyo3,m2_structured_stat,m2_structured_stat,keep,"ADR-0028: PyO3 entry points are a private implementation detail, exempt from the public naming rules.",fast_mlsirm._core,function,estimate_population,false,keep,"Out of ADR-0028 policy scope (not a precision control, decision threshold, seed, or model-choice parameter).",
pyo3,m2_structured_stat,m2_structured_stat,keep,"ADR-0028: PyO3 entry points are a private implementation detail, exempt from the public naming rules.",fast_mlsirm._core,function,fixed_items,None,keep,"Out of ADR-0028 policy scope (not a precision control, decision threshold, seed, or model-choice parameter).",
pyo3,m2_structured_stat,m2_structured_stat,keep,"ADR-0028: PyO3 entry points are a private implementation detail, exempt from the public naming rules.",fast_mlsirm._core,function,q_theta,21,require,ADR-0028 rule 1: numerical-precision (quadrature node count) control; no in-repo citation for this value and/or below the AGENTS.md #1929 floor of 121 -> required argument.,"Deprecation: keep q_theta=21 accepted only when explicitly passed for one minor release (DeprecationWarning), then remove; changelog Changed entry."
pyo3,m2_structured_stat,m2_structured_stat,keep,"ADR-0028: PyO3 entry points are a private implementation detail, exempt from the public naming rules.",fast_mlsirm._core,function,q_xi,11,require,ADR-0028 rule 1: numerical-precision (quadrature node count) control; no in-repo citation for this value and/or below the AGENTS.md #1929 floor of 121 -> required argument.,"Deprecation: keep q_xi=11 accepted only when explicitly passed for one minor release (DeprecationWarning), then remove; changelog Changed entry."
pyo3,m2_structured_stat,m2_structured_stat,keep,"ADR-0028: PyO3 entry points are a private implementation detail, exempt from the public naming rules.",fast_mlsirm._core,function,tau_fixed,false,keep,"Out of ADR-0028 policy scope (not a precision control, decision threshold, seed, or model-choice parameter).",
pyo3,m2_structured_stat,m2_structured_stat,keep,"ADR-0028: PyO3 entry points are a private implementation detail, exempt from the public naming rules.",fast_mlsirm._core,function,xi_points,256,require,ADR-0028 rule 1: numerical-precision (quadrature node count) control; no in-repo citation for this value and/or below the AGENTS.md #1929 floor of 121 -> required argument.,"Deprecation: keep xi_points=256 accepted only when explicitly passed for one minor release (DeprecationWarning), then remove; changelog Changed entry."
pyo3,m2_structured_stat,m2_structured_stat,keep,"ADR-0028: PyO3 entry points are a private implementation detail, exempt from the public naming rules.",fast_mlsirm._core,function,xi_rule,"""gh""",keep,"Out of ADR-0028 policy scope (not a precision control, decision threshold, seed, or model-choice parameter).",
pyo3,m2_structured_stat,m2_structured_stat,keep,"ADR-0028: PyO3 entry points are a private implementation detail, exempt from the public naming rules.",fast_mlsirm._core,function,xi_seed,0,require,ADR-0028 rule 3: stochastic routines must not ship a default seed -> required argument.,"Deprecation: keep xi_seed=0 accepted only when explicitly passed for one minor release (DeprecationWarning), then remove; changelog Changed entry."
pyo3,mantel_haenszel_dif,mantel_haenszel_dif,keep,"ADR-0028: PyO3 entry points are a private implementation detail, exempt from the public naming rules.",fast_mlsirm._core,function,exclude_studied_item,false,keep,"Out of ADR-0028 policy scope (not a precision control, decision threshold, seed, or model-choice parameter).",
pyo3,mantel_haenszel_dif,mantel_haenszel_dif,keep,"ADR-0028: PyO3 entry points are a private implementation detail, exempt from the public naming rules.",fast_mlsirm._core,function,fdr_q,0.05,require,ADR-0028 rule 2: decision threshold / flag cutoff / stopping rule; no APA 7th source cited for this specific value -> required argument.,"Deprecation: keep fdr_q=0.05 accepted only when explicitly passed for one minor release (DeprecationWarning), then remove; changelog Changed entry."
pyo3,mantel_haenszel_dif_purified,mantel_haenszel_dif_purified,keep,"ADR-0028: PyO3 entry points are a private implementation detail, exempt from the public naming rules.",fast_mlsirm._core,function,exclude_studied_item,false,keep,"Out of ADR-0028 policy scope (not a precision control, decision threshold, seed, or model-choice parameter).",
pyo3,mantel_haenszel_dif_purified,mantel_haenszel_dif_purified,keep,"ADR-0028: PyO3 entry points are a private implementation detail, exempt from the public naming rules.",fast_mlsirm._core,function,fdr_q,0.05,require,ADR-0028 rule 2: decision threshold / flag cutoff / stopping rule; no APA 7th source cited for this specific value -> required argument.,"Deprecation: keep fdr_q=0.05 accepted only when explicitly passed for one minor release (DeprecationWarning), then remove; changelog Changed entry."
pyo3,mantel_haenszel_dif_purified,mantel_haenszel_dif_purified,keep,"ADR-0028: PyO3 entry points are a private implementation detail, exempt from the public naming rules.",fast_mlsirm._core,function,max_rounds,3,require,ADR-0028 rule 2: decision threshold / flag cutoff / stopping rule; no APA 7th source cited for this specific value -> required argument.,"Deprecation: keep max_rounds=3 accepted only when explicitly passed for one minor release (DeprecationWarning), then remove; changelog Changed entry."
pyo3,mantel_haenszel_dif_purified,mantel_haenszel_dif_purified,keep,"ADR-0028: PyO3 entry points are a private implementation detail, exempt from the public naming rules.",fast_mlsirm._core,function,min_anchor_items,4,require,ADR-0028 rule 2: decision threshold / flag cutoff / stopping rule; no APA 7th source cited for this specific value -> required argument.,"Deprecation: keep min_anchor_items=4 accepted only when explicitly passed for one minor release (DeprecationWarning), then remove; changelog Changed entry."
pyo3,maxwell_re,maxwell_re,keep,"ADR-0028: PyO3 entry points are a private implementation detail, exempt from the public naming rules.",fast_mlsirm._core,function,,,n/a,No defaulted parameters.,
pyo3,mean_pairwise_cor,mean_pairwise_cor,keep,"ADR-0028: PyO3 entry points are a private implementation detail, exempt from the public naming rules.",fast_mlsirm._core,function,,,n/a,No defaulted parameters.,
pyo3,mean_pairwise_rho,mean_pairwise_rho,keep,"ADR-0028: PyO3 entry points are a private implementation detail, exempt from the public naming rules.",fast_mlsirm._core,function,,,n/a,No defaulted parameters.,
pyo3,metrics_rating,metrics_rating,keep,"ADR-0028: PyO3 entry points are a private implementation detail, exempt from the public naming rules.",fast_mlsirm._core,function,,,n/a,No defaulted parameters.,
pyo3,minres_fa,minres_fa,keep,"ADR-0028: PyO3 entry points are a private implementation detail, exempt from the public naming rules.",fast_mlsirm._core,function,,,n/a,No defaulted parameters.,
pyo3,minres_fa_from_data,minres_fa_from_data,keep,"ADR-0028: PyO3 entry points are a private implementation detail, exempt from the public naming rules.",fast_mlsirm._core,function,,,n/a,No defaulted parameters.,
pyo3,mokken_aisp,mokken_aisp,keep,"ADR-0028: PyO3 entry points are a private implementation detail, exempt from the public naming rules.",fast_mlsirm._core,function,alpha,0.05,require,ADR-0028 rule 2: decision threshold / flag cutoff / stopping rule; no APA 7th source cited for this specific value -> required argument.,"Deprecation: keep alpha=0.05 accepted only when explicitly passed for one minor release (DeprecationWarning), then remove; changelog Changed entry."
pyo3,mokken_aisp,mokken_aisp,keep,"ADR-0028: PyO3 entry points are a private implementation detail, exempt from the public naming rules.",fast_mlsirm._core,function,c,0.3,keep,"Out of ADR-0028 policy scope (not a precision control, decision threshold, seed, or model-choice parameter).",
pyo3,mokken_coef_h,mokken_coef_h,keep,"ADR-0028: PyO3 entry points are a private implementation detail, exempt from the public naming rules.",fast_mlsirm._core,function,,,n/a,No defaulted parameters.,
pyo3,n_cohen_kappa,n_cohen_kappa,keep,"ADR-0028: PyO3 entry points are a private implementation detail, exempt from the public naming rules.",fast_mlsirm._core,function,,,n/a,No defaulted parameters.,
pyo3,neg_loglik_and_grad,neg_loglik_and_grad,keep,"ADR-0028: PyO3 entry points are a private implementation detail, exempt from the public naming rules.",fast_mlsirm._core,function,device,"""cpu""",keep,"Out of ADR-0028 policy scope (not a precision control, decision threshold, seed, or model-choice parameter).",
pyo3,nominal_weights_mean_equate,nominal_weights_mean_equate,keep,"ADR-0028: PyO3 entry points are a private implementation detail, exempt from the public naming rules.",fast_mlsirm._core,function,w1,0.5,keep,"Out of ADR-0028 policy scope (not a precision control, decision threshold, seed, or model-choice parameter).",
pyo3,oakes_standard_errors,oakes_standard_errors,keep,"ADR-0028: PyO3 entry points are a private implementation detail, exempt from the public naming rules.",fast_mlsirm._core,function,h,1e-5,keep,"Out of ADR-0028 policy scope (not a precision control, decision threshold, seed, or model-choice parameter).",
pyo3,oakes_standard_errors,oakes_standard_errors,keep,"ADR-0028: PyO3 entry points are a private implementation detail, exempt from the public naming rules.",fast_mlsirm._core,function,lambda_alpha,1.0,keep,"Out of ADR-0028 policy scope (not a precision control, decision threshold, seed, or model-choice parameter).",
pyo3,oakes_standard_errors,oakes_standard_errors,keep,"ADR-0028: PyO3 entry points are a private implementation detail, exempt from the public naming rules.",fast_mlsirm._core,function,lambda_b,0.25,keep,"Out of ADR-0028 policy scope (not a precision control, decision threshold, seed, or model-choice parameter).",
pyo3,oakes_standard_errors,oakes_standard_errors,keep,"ADR-0028: PyO3 entry points are a private implementation detail, exempt from the public naming rules.",fast_mlsirm._core,function,lambda_tau,1.0,keep,"Out of ADR-0028 policy scope (not a precision control, decision threshold, seed, or model-choice parameter).",
pyo3,oakes_standard_errors,oakes_standard_errors,keep,"ADR-0028: PyO3 entry points are a private implementation detail, exempt from the public naming rules.",fast_mlsirm._core,function,lambda_zeta,1.0,keep,"Out of ADR-0028 policy scope (not a precision control, decision threshold, seed, or model-choice parameter).",
pyo3,oakes_standard_errors,oakes_standard_errors,keep,"ADR-0028: PyO3 entry points are a private implementation detail, exempt from the public naming rules.",fast_mlsirm._core,function,mu,None,keep,"Out of ADR-0028 policy scope (not a precision control, decision threshold, seed, or model-choice parameter).",
pyo3,oakes_standard_errors,oakes_standard_errors,keep,"ADR-0028: PyO3 entry points are a private implementation detail, exempt from the public naming rules.",fast_mlsirm._core,function,mu_alpha,0.5,keep,"Out of ADR-0028 policy scope (not a precision control, decision threshold, seed, or model-choice parameter).",
pyo3,oakes_standard_errors,oakes_standard_errors,keep,"ADR-0028: PyO3 entry points are a private implementation detail, exempt from the public naming rules.",fast_mlsirm._core,function,mu_tau,0.5,keep,"Out of ADR-0028 policy scope (not a precision control, decision threshold, seed, or model-choice parameter).",
pyo3,oakes_standard_errors,oakes_standard_errors,keep,"ADR-0028: PyO3 entry points are a private implementation detail, exempt from the public naming rules.",fast_mlsirm._core,function,n_pop,0,keep,"Out of ADR-0028 policy scope (not a precision control, decision threshold, seed, or model-choice parameter).",
pyo3,oakes_standard_errors,oakes_standard_errors,keep,"ADR-0028: PyO3 entry points are a private implementation detail, exempt from the public naming rules.",fast_mlsirm._core,function,pop_id,None,keep,"Out of ADR-0028 policy scope (not a precision control, decision threshold, seed, or model-choice parameter).",
pyo3,oakes_standard_errors,oakes_standard_errors,keep,"ADR-0028: PyO3 entry points are a private implementation detail, exempt from the public naming rules.",fast_mlsirm._core,function,pop_kind,"""single""",keep,"Out of ADR-0028 policy scope (not a precision control, decision threshold, seed, or model-choice parameter).",
pyo3,oakes_standard_errors,oakes_standard_errors,keep,"ADR-0028: PyO3 entry points are a private implementation detail, exempt from the public naming rules.",fast_mlsirm._core,function,q_theta,21,require,ADR-0028 rule 1: numerical-precision (quadrature node count) control; no in-repo citation for this value and/or below the AGENTS.md #1929 floor of 121 -> required argument.,"Deprecation: keep q_theta=21 accepted only when explicitly passed for one minor release (DeprecationWarning), then remove; changelog Changed entry."
pyo3,oakes_standard_errors,oakes_standard_errors,keep,"ADR-0028: PyO3 entry points are a private implementation detail, exempt from the public naming rules.",fast_mlsirm._core,function,q_u,15,require,ADR-0028 rule 1: numerical-precision (quadrature node count) control; no in-repo citation for this value and/or below the AGENTS.md #1929 floor of 121 -> required argument.,"Deprecation: keep q_u=15 accepted only when explicitly passed for one minor release (DeprecationWarning), then remove; changelog Changed entry."
pyo3,oakes_standard_errors,oakes_standard_errors,keep,"ADR-0028: PyO3 entry points are a private implementation detail, exempt from the public naming rules.",fast_mlsirm._core,function,q_xi,11,require,ADR-0028 rule 1: numerical-precision (quadrature node count) control; no in-repo citation for this value and/or below the AGENTS.md #1929 floor of 121 -> required argument.,"Deprecation: keep q_xi=11 accepted only when explicitly passed for one minor release (DeprecationWarning), then remove; changelog Changed entry."
pyo3,oakes_standard_errors,oakes_standard_errors,keep,"ADR-0028: PyO3 entry points are a private implementation detail, exempt from the public naming rules.",fast_mlsirm._core,function,sigma,None,keep,"Out of ADR-0028 policy scope (not a precision control, decision threshold, seed, or model-choice parameter).",
pyo3,oakes_standard_errors,oakes_standard_errors,keep,"ADR-0028: PyO3 entry points are a private implementation detail, exempt from the public naming rules.",fast_mlsirm._core,function,sigma_u,0.0,keep,"Out of ADR-0028 policy scope (not a precision control, decision threshold, seed, or model-choice parameter).",
pyo3,oakes_standard_errors,oakes_standard_errors,keep,"ADR-0028: PyO3 entry points are a private implementation detail, exempt from the public naming rules.",fast_mlsirm._core,function,xi_points,256,require,ADR-0028 rule 1: numerical-precision (quadrature node count) control; no in-repo citation for this value and/or below the AGENTS.md #1929 floor of 121 -> required argument.,"Deprecation: keep xi_points=256 accepted only when explicitly passed for one minor release (DeprecationWarning), then remove; changelog Changed entry."
pyo3,oakes_standard_errors,oakes_standard_errors,keep,"ADR-0028: PyO3 entry points are a private implementation detail, exempt from the public naming rules.",fast_mlsirm._core,function,xi_rule,"""gh""",keep,"Out of ADR-0028 policy scope (not a precision control, decision threshold, seed, or model-choice parameter).",
pyo3,oakes_standard_errors,oakes_standard_errors,keep,"ADR-0028: PyO3 entry points are a private implementation detail, exempt from the public naming rules.",fast_mlsirm._core,function,xi_seed,0,require,ADR-0028 rule 3: stochastic routines must not ship a default seed -> required argument.,"Deprecation: keep xi_seed=0 accepted only when explicitly passed for one minor release (DeprecationWarning), then remove; changelog Changed entry."
pyo3,observed_information,observed_information,keep,"ADR-0028: PyO3 entry points are a private implementation detail, exempt from the public naming rules.",fast_mlsirm._core,function,,,n/a,No defaulted parameters.,
pyo3,omega_total_1f,omega_total_1f,keep,"ADR-0028: PyO3 entry points are a private implementation detail, exempt from the public naming rules.",fast_mlsirm._core,function,,,n/a,No defaulted parameters.,
pyo3,omega_total_1f_from_data,omega_total_1f_from_data,keep,"ADR-0028: PyO3 entry points are a private implementation detail, exempt from the public naming rules.",fast_mlsirm._core,function,,,n/a,No defaulted parameters.,
pyo3,parallel_analysis,parallel_analysis,keep,"ADR-0028: PyO3 entry points are a private implementation detail, exempt from the public naming rules.",fast_mlsirm._core,function,,,n/a,No defaulted parameters.,
pyo3,person_fit_resampling,person_fit_resampling,keep,"ADR-0028: PyO3 entry points are a private implementation detail, exempt from the public naming rules.",fast_mlsirm._core,function,n_replicates,200,require,ADR-0028 rule 1: replicate/bootstrap/draw count; no Monte-Carlo-error source cited -> required argument.,"Deprecation: keep n_replicates=200 accepted only when explicitly passed for one minor release (DeprecationWarning), then remove; changelog Changed entry."
pyo3,person_fit_resampling,person_fit_resampling,keep,"ADR-0028: PyO3 entry points are a private implementation detail, exempt from the public naming rules.",fast_mlsirm._core,function,prior_mean,None,keep,"Out of ADR-0028 policy scope (not a precision control, decision threshold, seed, or model-choice parameter).",
pyo3,person_fit_resampling,person_fit_resampling,keep,"ADR-0028: PyO3 entry points are a private implementation detail, exempt from the public naming rules.",fast_mlsirm._core,function,seed,1,require,ADR-0028 rule 3: stochastic routines must not ship a default seed -> required argument.,"Deprecation: keep seed=1 accepted only when explicitly passed for one minor release (DeprecationWarning), then remove; changelog Changed entry."
pyo3,person_fit_stat,person_fit_stat,keep,"ADR-0028: PyO3 entry points are a private implementation detail, exempt from the public naming rules.",fast_mlsirm._core,function,flag_threshold,-1.645,require,ADR-0028 rule 2: decision threshold / flag cutoff / stopping rule; no APA 7th source cited for this specific value -> required argument.,"Deprecation: keep flag_threshold=-1.645 accepted only when explicitly passed for one minor release (DeprecationWarning), then remove; changelog Changed entry."
pyo3,person_fit_stat,person_fit_stat,keep,"ADR-0028: PyO3 entry points are a private implementation detail, exempt from the public naming rules.",fast_mlsirm._core,function,prior_mean,None,keep,"Out of ADR-0028 policy scope (not a precision control, decision threshold, seed, or model-choice parameter).",
pyo3,phi_lambda,phi_lambda,keep,"ADR-0028: PyO3 entry points are a private implementation detail, exempt from the public naming rules.",fast_mlsirm._core,function,,,n/a,No defaulted parameters.,
pyo3,plausible_values,plausible_values,keep,"ADR-0028: PyO3 entry points are a private implementation detail, exempt from the public naming rules.",fast_mlsirm._core,function,device,"""auto""",keep,"Out of ADR-0028 policy scope (not a precision control, decision threshold, seed, or model-choice parameter).",
pyo3,plausible_values,plausible_values,keep,"ADR-0028: PyO3 entry points are a private implementation detail, exempt from the public naming rules.",fast_mlsirm._core,function,n_draws,5,require,ADR-0028 rule 1: replicate/bootstrap/draw count; no Monte-Carlo-error source cited -> required argument.,"Deprecation: keep n_draws=5 accepted only when explicitly passed for one minor release (DeprecationWarning), then remove; changelog Changed entry."
pyo3,plausible_values,plausible_values,keep,"ADR-0028: PyO3 entry points are a private implementation detail, exempt from the public naming rules.",fast_mlsirm._core,function,q_theta,21,require,ADR-0028 rule 1: numerical-precision (quadrature node count) control; no in-repo citation for this value and/or below the AGENTS.md #1929 floor of 121 -> required argument.,"Deprecation: keep q_theta=21 accepted only when explicitly passed for one minor release (DeprecationWarning), then remove; changelog Changed entry."
pyo3,plausible_values,plausible_values,keep,"ADR-0028: PyO3 entry points are a private implementation detail, exempt from the public naming rules.",fast_mlsirm._core,function,q_xi,11,require,ADR-0028 rule 1: numerical-precision (quadrature node count) control; no in-repo citation for this value and/or below the AGENTS.md #1929 floor of 121 -> required argument.,"Deprecation: keep q_xi=11 accepted only when explicitly passed for one minor release (DeprecationWarning), then remove; changelog Changed entry."
pyo3,plausible_values,plausible_values,keep,"ADR-0028: PyO3 entry points are a private implementation detail, exempt from the public naming rules.",fast_mlsirm._core,function,seed,1,require,ADR-0028 rule 3: stochastic routines must not ship a default seed -> required argument.,"Deprecation: keep seed=1 accepted only when explicitly passed for one minor release (DeprecationWarning), then remove; changelog Changed entry."
pyo3,plausible_values,plausible_values,keep,"ADR-0028: PyO3 entry points are a private implementation detail, exempt from the public naming rules.",fast_mlsirm._core,function,xi_points,256,require,ADR-0028 rule 1: numerical-precision (quadrature node count) control; no in-repo citation for this value and/or below the AGENTS.md #1929 floor of 121 -> required argument.,"Deprecation: keep xi_points=256 accepted only when explicitly passed for one minor release (DeprecationWarning), then remove; changelog Changed entry."
pyo3,plausible_values,plausible_values,keep,"ADR-0028: PyO3 entry points are a private implementation detail, exempt from the public naming rules.",fast_mlsirm._core,function,xi_rule,"""gh""",keep,"Out of ADR-0028 policy scope (not a precision control, decision threshold, seed, or model-choice parameter).",
pyo3,plausible_values,plausible_values,keep,"ADR-0028: PyO3 entry points are a private implementation detail, exempt from the public naming rules.",fast_mlsirm._core,function,xi_seed,0,require,ADR-0028 rule 3: stochastic routines must not ship a default seed -> required argument.,"Deprecation: keep xi_seed=0 accepted only when explicitly passed for one minor release (DeprecationWarning), then remove; changelog Changed entry."
pyo3,poly_cat_simulate,poly_cat_simulate,keep,"ADR-0028: PyO3 entry points are a private implementation detail, exempt from the public naming rules.",fast_mlsirm._core,function,adaptive,true,keep,"Out of ADR-0028 policy scope (not a precision control, decision threshold, seed, or model-choice parameter).",
pyo3,poly_cat_simulate,poly_cat_simulate,keep,"ADR-0028: PyO3 entry points are a private implementation detail, exempt from the public naming rules.",fast_mlsirm._core,function,max_items,30,keep,"Out of ADR-0028 policy scope (not a precision control, decision threshold, seed, or model-choice parameter).",
pyo3,poly_cat_simulate,poly_cat_simulate,keep,"ADR-0028: PyO3 entry points are a private implementation detail, exempt from the public naming rules.",fast_mlsirm._core,function,min_items,5,keep,"Out of ADR-0028 policy scope (not a precision control, decision threshold, seed, or model-choice parameter).",
pyo3,poly_cat_simulate,poly_cat_simulate,keep,"ADR-0028: PyO3 entry points are a private implementation detail, exempt from the public naming rules.",fast_mlsirm._core,function,model,"""grm""",require,ADR-0028 rule 4: function is model-generic (not model-specific by name) -> model choice has no default.,"Deprecation: keep model=""grm"" accepted only when explicitly passed for one minor release (DeprecationWarning), then remove; changelog Changed entry."
pyo3,poly_cat_simulate,poly_cat_simulate,keep,"ADR-0028: PyO3 entry points are a private implementation detail, exempt from the public naming rules.",fast_mlsirm._core,function,q_theta,21,require,ADR-0028 rule 1: numerical-precision (quadrature node count) control; no in-repo citation for this value and/or below the AGENTS.md #1929 floor of 121 -> required argument.,"Deprecation: keep q_theta=21 accepted only when explicitly passed for one minor release (DeprecationWarning), then remove; changelog Changed entry."
pyo3,poly_cat_simulate,poly_cat_simulate,keep,"ADR-0028: PyO3 entry points are a private implementation detail, exempt from the public naming rules.",fast_mlsirm._core,function,se_threshold,0.3,require,ADR-0028 rule 2: decision threshold / flag cutoff / stopping rule; no APA 7th source cited for this specific value -> required argument.,"Deprecation: keep se_threshold=0.3 accepted only when explicitly passed for one minor release (DeprecationWarning), then remove; changelog Changed entry."
pyo3,poly_cat_simulate,poly_cat_simulate,keep,"ADR-0028: PyO3 entry points are a private implementation detail, exempt from the public naming rules.",fast_mlsirm._core,function,seed,0,require,ADR-0028 rule 3: stochastic routines must not ship a default seed -> required argument.,"Deprecation: keep seed=0 accepted only when explicitly passed for one minor release (DeprecationWarning), then remove; changelog Changed entry."
pyo3,poly_dif,poly_dif,keep,"ADR-0028: PyO3 entry points are a private implementation detail, exempt from the public naming rules.",fast_mlsirm._core,function,fdr_q,0.05,require,ADR-0028 rule 2: decision threshold / flag cutoff / stopping rule; no APA 7th source cited for this specific value -> required argument.,"Deprecation: keep fdr_q=0.05 accepted only when explicitly passed for one minor release (DeprecationWarning), then remove; changelog Changed entry."
pyo3,poly_dif,poly_dif,keep,"ADR-0028: PyO3 entry points are a private implementation detail, exempt from the public naming rules.",fast_mlsirm._core,function,max_iter,200,require,ADR-0028 rule 1: iteration/convergence precision control; no documented convergence-criterion source -> required argument.,"Deprecation: keep max_iter=200 accepted only when explicitly passed for one minor release (DeprecationWarning), then remove; changelog Changed entry."
pyo3,poly_dif,poly_dif,keep,"ADR-0028: PyO3 entry points are a private implementation detail, exempt from the public naming rules.",fast_mlsirm._core,function,model,"""gpcm""",require,ADR-0028 rule 4: function is model-generic (not model-specific by name) -> model choice has no default.,"Deprecation: keep model=""gpcm"" accepted only when explicitly passed for one minor release (DeprecationWarning), then remove; changelog Changed entry."
pyo3,poly_dif,poly_dif,keep,"ADR-0028: PyO3 entry points are a private implementation detail, exempt from the public naming rules.",fast_mlsirm._core,function,observed,None,keep,"Out of ADR-0028 policy scope (not a precision control, decision threshold, seed, or model-choice parameter).",
pyo3,poly_dif,poly_dif,keep,"ADR-0028: PyO3 entry points are a private implementation detail, exempt from the public naming rules.",fast_mlsirm._core,function,q_theta,21,require,ADR-0028 rule 1: numerical-precision (quadrature node count) control; no in-repo citation for this value and/or below the AGENTS.md #1929 floor of 121 -> required argument.,"Deprecation: keep q_theta=21 accepted only when explicitly passed for one minor release (DeprecationWarning), then remove; changelog Changed entry."
pyo3,poly_dif,poly_dif,keep,"ADR-0028: PyO3 entry points are a private implementation detail, exempt from the public naming rules.",fast_mlsirm._core,function,studied_items,None,keep,"Out of ADR-0028 policy scope (not a precision control, decision threshold, seed, or model-choice parameter).",
pyo3,poly_dif,poly_dif,keep,"ADR-0028: PyO3 entry points are a private implementation detail, exempt from the public naming rules.",fast_mlsirm._core,function,tol,1e-5,require,ADR-0028 rule 1: iteration/convergence precision control; no documented convergence-criterion source -> required argument.,"Deprecation: keep tol=1e-5 accepted only when explicitly passed for one minor release (DeprecationWarning), then remove; changelog Changed entry."
pyo3,poly_information_curves,poly_information_curves,keep,"ADR-0028: PyO3 entry points are a private implementation detail, exempt from the public naming rules.",fast_mlsirm._core,function,model,"""grm""",require,ADR-0028 rule 4: function is model-generic (not model-specific by name) -> model choice has no default.,"Deprecation: keep model=""grm"" accepted only when explicitly passed for one minor release (DeprecationWarning), then remove; changelog Changed entry."
pyo3,poly_item_fit_sx2,poly_item_fit_sx2,keep,"ADR-0028: PyO3 entry points are a private implementation detail, exempt from the public naming rules.",fast_mlsirm._core,function,min_expected,1.0,require,ADR-0028 rule 2: decision threshold / flag cutoff / stopping rule; no APA 7th source cited for this specific value -> required argument.,"Deprecation: keep min_expected=1.0 accepted only when explicitly passed for one minor release (DeprecationWarning), then remove; changelog Changed entry."
pyo3,poly_item_fit_sx2,poly_item_fit_sx2,keep,"ADR-0028: PyO3 entry points are a private implementation detail, exempt from the public naming rules.",fast_mlsirm._core,function,model,"""grm""",require,ADR-0028 rule 4: function is model-generic (not model-specific by name) -> model choice has no default.,"Deprecation: keep model=""grm"" accepted only when explicitly passed for one minor release (DeprecationWarning), then remove; changelog Changed entry."
pyo3,poly_item_fit_sx2,poly_item_fit_sx2,keep,"ADR-0028: PyO3 entry points are a private implementation detail, exempt from the public naming rules.",fast_mlsirm._core,function,observed,None,keep,"Out of ADR-0028 policy scope (not a precision control, decision threshold, seed, or model-choice parameter).",
pyo3,poly_item_fit_sx2,poly_item_fit_sx2,keep,"ADR-0028: PyO3 entry points are a private implementation detail, exempt from the public naming rules.",fast_mlsirm._core,function,q_theta,21,require,ADR-0028 rule 1: numerical-precision (quadrature node count) control; no in-repo citation for this value and/or below the AGENTS.md #1929 floor of 121 -> required argument.,"Deprecation: keep q_theta=21 accepted only when explicitly passed for one minor release (DeprecationWarning), then remove; changelog Changed entry."
pyo3,poly_local_dependence,poly_local_dependence,keep,"ADR-0028: PyO3 entry points are a private implementation detail, exempt from the public naming rules.",fast_mlsirm._core,function,model,"""grm""",require,ADR-0028 rule 4: function is model-generic (not model-specific by name) -> model choice has no default.,"Deprecation: keep model=""grm"" accepted only when explicitly passed for one minor release (DeprecationWarning), then remove; changelog Changed entry."
pyo3,poly_local_dependence,poly_local_dependence,keep,"ADR-0028: PyO3 entry points are a private implementation detail, exempt from the public naming rules.",fast_mlsirm._core,function,observed,None,keep,"Out of ADR-0028 policy scope (not a precision control, decision threshold, seed, or model-choice parameter).",
pyo3,poly_local_dependence,poly_local_dependence,keep,"ADR-0028: PyO3 entry points are a private implementation detail, exempt from the public naming rules.",fast_mlsirm._core,function,q_theta,21,require,ADR-0028 rule 1: numerical-precision (quadrature node count) control; no in-repo citation for this value and/or below the AGENTS.md #1929 floor of 121 -> required argument.,"Deprecation: keep q_theta=21 accepted only when explicitly passed for one minor release (DeprecationWarning), then remove; changelog Changed entry."
pyo3,poly_m2,poly_m2,keep,"ADR-0028: PyO3 entry points are a private implementation detail, exempt from the public naming rules.",fast_mlsirm._core,function,model,"""grm""",require,ADR-0028 rule 4: function is model-generic (not model-specific by name) -> model choice has no default.,"Deprecation: keep model=""grm"" accepted only when explicitly passed for one minor release (DeprecationWarning), then remove; changelog Changed entry."
pyo3,poly_m2,poly_m2,keep,"ADR-0028: PyO3 entry points are a private implementation detail, exempt from the public naming rules.",fast_mlsirm._core,function,observed,None,keep,"Out of ADR-0028 policy scope (not a precision control, decision threshold, seed, or model-choice parameter).",
pyo3,poly_m2,poly_m2,keep,"ADR-0028: PyO3 entry points are a private implementation detail, exempt from the public naming rules.",fast_mlsirm._core,function,q_theta,21,require,ADR-0028 rule 1: numerical-precision (quadrature node count) control; no in-repo citation for this value and/or below the AGENTS.md #1929 floor of 121 -> required argument.,"Deprecation: keep q_theta=21 accepted only when explicitly passed for one minor release (DeprecationWarning), then remove; changelog Changed entry."
pyo3,poly_person_fit,poly_person_fit,keep,"ADR-0028: PyO3 entry points are a private implementation detail, exempt from the public naming rules.",fast_mlsirm._core,function,flag_threshold,-1.645,require,ADR-0028 rule 2: decision threshold / flag cutoff / stopping rule; no APA 7th source cited for this specific value -> required argument.,"Deprecation: keep flag_threshold=-1.645 accepted only when explicitly passed for one minor release (DeprecationWarning), then remove; changelog Changed entry."
pyo3,poly_person_fit,poly_person_fit,keep,"ADR-0028: PyO3 entry points are a private implementation detail, exempt from the public naming rules.",fast_mlsirm._core,function,model,"""grm""",require,ADR-0028 rule 4: function is model-generic (not model-specific by name) -> model choice has no default.,"Deprecation: keep model=""grm"" accepted only when explicitly passed for one minor release (DeprecationWarning), then remove; changelog Changed entry."
pyo3,poly_person_fit,poly_person_fit,keep,"ADR-0028: PyO3 entry points are a private implementation detail, exempt from the public naming rules.",fast_mlsirm._core,function,observed,None,keep,"Out of ADR-0028 policy scope (not a precision control, decision threshold, seed, or model-choice parameter).",
pyo3,poly_person_fit,poly_person_fit,keep,"ADR-0028: PyO3 entry points are a private implementation detail, exempt from the public naming rules.",fast_mlsirm._core,function,prior_mean,0.0,keep,"Out of ADR-0028 policy scope (not a precision control, decision threshold, seed, or model-choice parameter).",
pyo3,poly_person_fit,poly_person_fit,keep,"ADR-0028: PyO3 entry points are a private implementation detail, exempt from the public naming rules.",fast_mlsirm._core,function,prior_sd,1.0,keep,"Out of ADR-0028 policy scope (not a precision control, decision threshold, seed, or model-choice parameter).",
pyo3,poly_person_fit,poly_person_fit,keep,"ADR-0028: PyO3 entry points are a private implementation detail, exempt from the public naming rules.",fast_mlsirm._core,function,q_theta,21,require,ADR-0028 rule 1: numerical-precision (quadrature node count) control; no in-repo citation for this value and/or below the AGENTS.md #1929 floor of 121 -> required argument.,"Deprecation: keep q_theta=21 accepted only when explicitly passed for one minor release (DeprecationWarning), then remove; changelog Changed entry."
pyo3,polytomous_predictions,polytomous_predictions,keep,"ADR-0028: PyO3 entry points are a private implementation detail, exempt from the public naming rules.",fast_mlsirm._core,function,,,n/a,No defaulted parameters.,
pyo3,predict_rating_multi,predict_rating_multi,keep,"ADR-0028: PyO3 entry points are a private implementation detail, exempt from the public naming rules.",fast_mlsirm._core,function,,,n/a,No defaulted parameters.,
pyo3,predict_rating_two,predict_rating_two,keep,"ADR-0028: PyO3 entry points are a private implementation detail, exempt from the public naming rules.",fast_mlsirm._core,function,,,n/a,No defaulted parameters.,
pyo3,projected_m2,projected_m2,keep,"ADR-0028: PyO3 entry points are a private implementation detail, exempt from the public naming rules.",fast_mlsirm._core,function,,,n/a,No defaulted parameters.,
pyo3,py_a_stratified,py_a_stratified,keep,"ADR-0028: PyO3 entry points are a private implementation detail, exempt from the public naming rules.",fast_mlsirm._core,function,,,n/a,No defaulted parameters.,
pyo3,py_breslow_day_dif,py_breslow_day_dif,keep,"ADR-0028: PyO3 entry points are a private implementation detail, exempt from the public naming rules.",fast_mlsirm._core,function,,,n/a,No defaulted parameters.,
pyo3,py_ccat_select,py_ccat_select,keep,"ADR-0028: PyO3 entry points are a private implementation detail, exempt from the public naming rules.",fast_mlsirm._core,function,,,n/a,No defaulted parameters.,
pyo3,py_ci_classify,py_ci_classify,keep,"ADR-0028: PyO3 entry points are a private implementation detail, exempt from the public naming rules.",fast_mlsirm._core,function,,,n/a,No defaulted parameters.,
pyo3,py_delta_plot,py_delta_plot,keep,"ADR-0028: PyO3 entry points are a private implementation detail, exempt from the public naming rules.",fast_mlsirm._core,function,,,n/a,No defaulted parameters.,
pyo3,py_dimtest,py_dimtest,keep,"ADR-0028: PyO3 entry points are a private implementation detail, exempt from the public naming rules.",fast_mlsirm._core,function,,,n/a,No defaulted parameters.,
pyo3,py_eb_mh_dif,py_eb_mh_dif,keep,"ADR-0028: PyO3 entry points are a private implementation detail, exempt from the public naming rules.",fast_mlsirm._core,function,,,n/a,No defaulted parameters.,
pyo3,py_epv_select,py_epv_select,keep,"ADR-0028: PyO3 entry points are a private implementation detail, exempt from the public naming rules.",fast_mlsirm._core,function,,,n/a,No defaulted parameters.,
pyo3,py_flexilevel_administer,py_flexilevel_administer,keep,"ADR-0028: PyO3 entry points are a private implementation detail, exempt from the public naming rules.",fast_mlsirm._core,function,,,n/a,No defaulted parameters.,
pyo3,py_flexilevel_score_distribution,py_flexilevel_score_distribution,keep,"ADR-0028: PyO3 entry points are a private implementation detail, exempt from the public naming rules.",fast_mlsirm._core,function,,,n/a,No defaulted parameters.,
pyo3,py_gbt,py_gbt,keep,"ADR-0028: PyO3 entry points are a private implementation detail, exempt from the public naming rules.",fast_mlsirm._core,function,,,n/a,No defaulted parameters.,
pyo3,py_gmh_dif,py_gmh_dif,keep,"ADR-0028: PyO3 entry points are a private implementation detail, exempt from the public naming rules.",fast_mlsirm._core,function,,,n/a,No defaulted parameters.,
pyo3,py_hofstee,py_hofstee,keep,"ADR-0028: PyO3 entry points are a private implementation detail, exempt from the public naming rules.",fast_mlsirm._core,function,,,n/a,No defaulted parameters.,
pyo3,py_k_index,py_k_index,keep,"ADR-0028: PyO3 entry points are a private implementation detail, exempt from the public naming rules.",fast_mlsirm._core,function,,,n/a,No defaulted parameters.,
pyo3,py_k_variants,py_k_variants,keep,"ADR-0028: PyO3 entry points are a private implementation detail, exempt from the public naming rules.",fast_mlsirm._core,function,,,n/a,No defaulted parameters.,
pyo3,py_kl_information,py_kl_information,keep,"ADR-0028: PyO3 entry points are a private implementation detail, exempt from the public naming rules.",fast_mlsirm._core,function,,,n/a,No defaulted parameters.,
pyo3,py_kl_select,py_kl_select,keep,"ADR-0028: PyO3 entry points are a private implementation detail, exempt from the public naming rules.",fast_mlsirm._core,function,,,n/a,No defaulted parameters.,
pyo3,py_mantel_smd_dif,py_mantel_smd_dif,keep,"ADR-0028: PyO3 entry points are a private implementation detail, exempt from the public naming rules.",fast_mlsirm._core,function,,,n/a,No defaulted parameters.,
pyo3,py_owen_cat,py_owen_cat,keep,"ADR-0028: PyO3 entry points are a private implementation detail, exempt from the public naming rules.",fast_mlsirm._core,function,sig2_stop,None,require,ADR-0028 rule 1: iteration/convergence precision control; no documented convergence-criterion source -> required argument.,"Deprecation: keep sig2_stop=None accepted only when explicitly passed for one minor release (DeprecationWarning), then remove; changelog Changed entry."
pyo3,py_owen_update,py_owen_update,keep,"ADR-0028: PyO3 entry points are a private implementation detail, exempt from the public naming rules.",fast_mlsirm._core,function,,,n/a,No defaulted parameters.,
pyo3,py_person_fit_np,py_person_fit_np,keep,"ADR-0028: PyO3 entry points are a private implementation detail, exempt from the public naming rules.",fast_mlsirm._core,function,,,n/a,No defaulted parameters.,
pyo3,py_pyramidal_administer,py_pyramidal_administer,keep,"ADR-0028: PyO3 entry points are a private implementation detail, exempt from the public naming rules.",fast_mlsirm._core,function,b_next,None,keep,"Out of ADR-0028 policy scope (not a precision control, decision threshold, seed, or model-choice parameter).",
pyo3,py_sprt_classify,py_sprt_classify,keep,"ADR-0028: PyO3 entry points are a private implementation detail, exempt from the public naming rules.",fast_mlsirm._core,function,,,n/a,No defaulted parameters.,
pyo3,py_stradaptive_administer,py_stradaptive_administer,keep,"ADR-0028: PyO3 entry points are a private implementation detail, exempt from the public naming rules.",fast_mlsirm._core,function,,,n/a,No defaulted parameters.,
pyo3,py_sympson_hetter,py_sympson_hetter,keep,"ADR-0028: PyO3 entry points are a private implementation detail, exempt from the public naming rules.",fast_mlsirm._core,function,,,n/a,No defaulted parameters.,
pyo3,py_two_stage_route,py_two_stage_route,keep,"ADR-0028: PyO3 entry points are a private implementation detail, exempt from the public naming rules.",fast_mlsirm._core,function,,,n/a,No defaulted parameters.,
pyo3,py_two_stage_score,py_two_stage_score,keep,"ADR-0028: PyO3 entry points are a private implementation detail, exempt from the public naming rules.",fast_mlsirm._core,function,,,n/a,No defaulted parameters.,
pyo3,py_wollack_omega,py_wollack_omega,keep,"ADR-0028: PyO3 entry points are a private implementation detail, exempt from the public naming rules.",fast_mlsirm._core,function,,,n/a,No defaulted parameters.,
pyo3,raju_area,raju_area,keep,"ADR-0028: PyO3 entry points are a private implementation detail, exempt from the public naming rules.",fast_mlsirm._core,function,alpha,0.05,require,ADR-0028 rule 2: decision threshold / flag cutoff / stopping rule; no APA 7th source cited for this specific value -> required argument.,"Deprecation: keep alpha=0.05 accepted only when explicitly passed for one minor release (DeprecationWarning), then remove; changelog Changed entry."
pyo3,raju_area,raju_area,keep,"ADR-0028: PyO3 entry points are a private implementation detail, exempt from the public naming rules.",fast_mlsirm._core,function,guess,None,keep,"Out of ADR-0028 policy scope (not a precision control, decision threshold, seed, or model-choice parameter).",
pyo3,raju_area,raju_area,keep,"ADR-0028: PyO3 entry points are a private implementation detail, exempt from the public naming rules.",fast_mlsirm._core,function,signed,false,keep,"Out of ADR-0028 policy scope (not a precision control, decision threshold, seed, or model-choice parameter).",
pyo3,rank_centrality,rank_centrality,keep,"ADR-0028: PyO3 entry points are a private implementation detail, exempt from the public naming rules.",fast_mlsirm._core,function,alpha,0.0,require,ADR-0028 rule 2: decision threshold / flag cutoff / stopping rule; no APA 7th source cited for this specific value -> required argument.,"Deprecation: keep alpha=0.0 accepted only when explicitly passed for one minor release (DeprecationWarning), then remove; changelog Changed entry."
pyo3,rater_bias,rater_bias,keep,"ADR-0028: PyO3 entry points are a private implementation detail, exempt from the public naming rules.",fast_mlsirm._core,function,,,n/a,No defaulted parameters.,
pyo3,residual_interaction_map,residual_interaction_map,keep,"ADR-0028: PyO3 entry points are a private implementation detail, exempt from the public naming rules.",fast_mlsirm._core,function,,,n/a,No defaulted parameters.,
pyo3,residual_item_fit,residual_item_fit,keep,"ADR-0028: PyO3 entry points are a private implementation detail, exempt from the public naming rules.",fast_mlsirm._core,function,n_bins,10,keep,"Out of ADR-0028 policy scope (not a precision control, decision threshold, seed, or model-choice parameter).",
pyo3,robinson_a,robinson_a,keep,"ADR-0028: PyO3 entry points are a private implementation detail, exempt from the public naming rules.",fast_mlsirm._core,function,,,n/a,No defaulted parameters.,
pyo3,rt_person_fit,rt_person_fit,keep,"ADR-0028: PyO3 entry points are a private implementation detail, exempt from the public naming rules.",fast_mlsirm._core,function,alpha_level,0.05,require,ADR-0028 rule 2: decision threshold / flag cutoff / stopping rule; no APA 7th source cited for this specific value -> required argument.,"Deprecation: keep alpha_level=0.05 accepted only when explicitly passed for one minor release (DeprecationWarning), then remove; changelog Changed entry."
pyo3,rt_person_fit,rt_person_fit,keep,"ADR-0028: PyO3 entry points are a private implementation detail, exempt from the public naming rules.",fast_mlsirm._core,function,z_fast,1.645,keep,"Out of ADR-0028 policy scope (not a precision control, decision threshold, seed, or model-choice parameter).",
pyo3,rudner_classification,rudner_classification,keep,"ADR-0028: PyO3 entry points are a private implementation detail, exempt from the public naming rules.",fast_mlsirm._core,function,,,n/a,No defaulted parameters.,
pyo3,s_x2_stat,s_x2_stat,keep,"ADR-0028: PyO3 entry points are a private implementation detail, exempt from the public naming rules.",fast_mlsirm._core,function,fdr_q,0.05,require,ADR-0028 rule 2: decision threshold / flag cutoff / stopping rule; no APA 7th source cited for this specific value -> required argument.,"Deprecation: keep fdr_q=0.05 accepted only when explicitly passed for one minor release (DeprecationWarning), then remove; changelog Changed entry."
pyo3,s_x2_stat,s_x2_stat,keep,"ADR-0028: PyO3 entry points are a private implementation detail, exempt from the public naming rules.",fast_mlsirm._core,function,min_effect,0.0,require,ADR-0028 rule 2: decision threshold / flag cutoff / stopping rule; no APA 7th source cited for this specific value -> required argument.,"Deprecation: keep min_effect=0.0 accepted only when explicitly passed for one minor release (DeprecationWarning), then remove; changelog Changed entry."
pyo3,s_x2_stat,s_x2_stat,keep,"ADR-0028: PyO3 entry points are a private implementation detail, exempt from the public naming rules.",fast_mlsirm._core,function,min_expected,1.0,require,ADR-0028 rule 2: decision threshold / flag cutoff / stopping rule; no APA 7th source cited for this specific value -> required argument.,"Deprecation: keep min_expected=1.0 accepted only when explicitly passed for one minor release (DeprecationWarning), then remove; changelog Changed entry."
pyo3,s_x2_stat,s_x2_stat,keep,"ADR-0028: PyO3 entry points are a private implementation detail, exempt from the public naming rules.",fast_mlsirm._core,function,person_weight,None,keep,"Out of ADR-0028 policy scope (not a precision control, decision threshold, seed, or model-choice parameter).",
pyo3,s_x2_stat,s_x2_stat,keep,"ADR-0028: PyO3 entry points are a private implementation detail, exempt from the public naming rules.",fast_mlsirm._core,function,q_theta,21,require,ADR-0028 rule 1: numerical-precision (quadrature node count) control; no in-repo citation for this value and/or below the AGENTS.md #1929 floor of 121 -> required argument.,"Deprecation: keep q_theta=21 accepted only when explicitly passed for one minor release (DeprecationWarning), then remove; changelog Changed entry."
pyo3,s_x2_stat,s_x2_stat,keep,"ADR-0028: PyO3 entry points are a private implementation detail, exempt from the public naming rules.",fast_mlsirm._core,function,q_xi,11,require,ADR-0028 rule 1: numerical-precision (quadrature node count) control; no in-repo citation for this value and/or below the AGENTS.md #1929 floor of 121 -> required argument.,"Deprecation: keep q_xi=11 accepted only when explicitly passed for one minor release (DeprecationWarning), then remove; changelog Changed entry."
pyo3,s_x2_stat,s_x2_stat,keep,"ADR-0028: PyO3 entry points are a private implementation detail, exempt from the public naming rules.",fast_mlsirm._core,function,xi_points,256,require,ADR-0028 rule 1: numerical-precision (quadrature node count) control; no in-repo citation for this value and/or below the AGENTS.md #1929 floor of 121 -> required argument.,"Deprecation: keep xi_points=256 accepted only when explicitly passed for one minor release (DeprecationWarning), then remove; changelog Changed entry."
pyo3,s_x2_stat,s_x2_stat,keep,"ADR-0028: PyO3 entry points are a private implementation detail, exempt from the public naming rules.",fast_mlsirm._core,function,xi_rule,"""gh""",keep,"Out of ADR-0028 policy scope (not a precision control, decision threshold, seed, or model-choice parameter).",
pyo3,s_x2_stat,s_x2_stat,keep,"ADR-0028: PyO3 entry points are a private implementation detail, exempt from the public naming rules.",fast_mlsirm._core,function,xi_seed,0,require,ADR-0028 rule 3: stochastic routines must not ship a default seed -> required argument.,"Deprecation: keep xi_seed=0 accepted only when explicitly passed for one minor release (DeprecationWarning), then remove; changelog Changed entry."
pyo3,score_bank_eap,score_bank_eap,keep,"ADR-0028: PyO3 entry points are a private implementation detail, exempt from the public naming rules.",fast_mlsirm._core,function,device,"""auto""",keep,"Out of ADR-0028 policy scope (not a precision control, decision threshold, seed, or model-choice parameter).",
pyo3,score_bank_eap,score_bank_eap,keep,"ADR-0028: PyO3 entry points are a private implementation detail, exempt from the public naming rules.",fast_mlsirm._core,function,q_theta,21,require,ADR-0028 rule 1: numerical-precision (quadrature node count) control; no in-repo citation for this value and/or below the AGENTS.md #1929 floor of 121 -> required argument.,"Deprecation: keep q_theta=21 accepted only when explicitly passed for one minor release (DeprecationWarning), then remove; changelog Changed entry."
pyo3,score_bank_eap,score_bank_eap,keep,"ADR-0028: PyO3 entry points are a private implementation detail, exempt from the public naming rules.",fast_mlsirm._core,function,q_xi,11,require,ADR-0028 rule 1: numerical-precision (quadrature node count) control; no in-repo citation for this value and/or below the AGENTS.md #1929 floor of 121 -> required argument.,"Deprecation: keep q_xi=11 accepted only when explicitly passed for one minor release (DeprecationWarning), then remove; changelog Changed entry."
pyo3,score_bank_eap,score_bank_eap,keep,"ADR-0028: PyO3 entry points are a private implementation detail, exempt from the public naming rules.",fast_mlsirm._core,function,xi_points,256,require,ADR-0028 rule 1: numerical-precision (quadrature node count) control; no in-repo citation for this value and/or below the AGENTS.md #1929 floor of 121 -> required argument.,"Deprecation: keep xi_points=256 accepted only when explicitly passed for one minor release (DeprecationWarning), then remove; changelog Changed entry."
pyo3,score_bank_eap,score_bank_eap,keep,"ADR-0028: PyO3 entry points are a private implementation detail, exempt from the public naming rules.",fast_mlsirm._core,function,xi_rule,"""gh""",keep,"Out of ADR-0028 policy scope (not a precision control, decision threshold, seed, or model-choice parameter).",
pyo3,score_bank_eap,score_bank_eap,keep,"ADR-0028: PyO3 entry points are a private implementation detail, exempt from the public naming rules.",fast_mlsirm._core,function,xi_seed,0,require,ADR-0028 rule 3: stochastic routines must not ship a default seed -> required argument.,"Deprecation: keep xi_seed=0 accepted only when explicitly passed for one minor release (DeprecationWarning), then remove; changelog Changed entry."
pyo3,score_bank_map,score_bank_map,keep,"ADR-0028: PyO3 entry points are a private implementation detail, exempt from the public naming rules.",fast_mlsirm._core,function,max_iter,100,require,ADR-0028 rule 1: iteration/convergence precision control; no documented convergence-criterion source -> required argument.,"Deprecation: keep max_iter=100 accepted only when explicitly passed for one minor release (DeprecationWarning), then remove; changelog Changed entry."
pyo3,score_bank_map,score_bank_map,keep,"ADR-0028: PyO3 entry points are a private implementation detail, exempt from the public naming rules.",fast_mlsirm._core,function,tol,1e-6,require,ADR-0028 rule 1: iteration/convergence precision control; no documented convergence-criterion source -> required argument.,"Deprecation: keep tol=1e-6 accepted only when explicitly passed for one minor release (DeprecationWarning), then remove; changelog Changed entry."
pyo3,score_eapsum,score_eapsum,keep,"ADR-0028: PyO3 entry points are a private implementation detail, exempt from the public naming rules.",fast_mlsirm._core,function,device,"""auto""",keep,"Out of ADR-0028 policy scope (not a precision control, decision threshold, seed, or model-choice parameter).",
pyo3,score_poly_eap,score_poly_eap,keep,"ADR-0028: PyO3 entry points are a private implementation detail, exempt from the public naming rules.",fast_mlsirm._core,function,model,"""grm""",require,ADR-0028 rule 4: function is model-generic (not model-specific by name) -> model choice has no default.,"Deprecation: keep model=""grm"" accepted only when explicitly passed for one minor release (DeprecationWarning), then remove; changelog Changed entry."
pyo3,score_poly_eap,score_poly_eap,keep,"ADR-0028: PyO3 entry points are a private implementation detail, exempt from the public naming rules.",fast_mlsirm._core,function,observed,None,keep,"Out of ADR-0028 policy scope (not a precision control, decision threshold, seed, or model-choice parameter).",
pyo3,score_poly_eap,score_poly_eap,keep,"ADR-0028: PyO3 entry points are a private implementation detail, exempt from the public naming rules.",fast_mlsirm._core,function,q_theta,21,require,ADR-0028 rule 1: numerical-precision (quadrature node count) control; no in-repo citation for this value and/or below the AGENTS.md #1929 floor of 121 -> required argument.,"Deprecation: keep q_theta=21 accepted only when explicitly passed for one minor release (DeprecationWarning), then remove; changelog Changed entry."
pyo3,score_wle,score_wle,keep,"ADR-0028: PyO3 entry points are a private implementation detail, exempt from the public naming rules.",fast_mlsirm._core,function,theta_bound,20.0,keep,"Out of ADR-0028 policy scope (not a precision control, decision threshold, seed, or model-choice parameter).",
pyo3,score_wle,score_wle,keep,"ADR-0028: PyO3 entry points are a private implementation detail, exempt from the public naming rules.",fast_mlsirm._core,function,tol,1e-8,require,ADR-0028 rule 1: iteration/convergence precision control; no documented convergence-criterion source -> required argument.,"Deprecation: keep tol=1e-8 accepted only when explicitly passed for one minor release (DeprecationWarning), then remove; changelog Changed entry."
pyo3,score_wle_poly,score_wle_poly,keep,"ADR-0028: PyO3 entry points are a private implementation detail, exempt from the public naming rules.",fast_mlsirm._core,function,model,"""grm""",require,ADR-0028 rule 4: function is model-generic (not model-specific by name) -> model choice has no default.,"Deprecation: keep model=""grm"" accepted only when explicitly passed for one minor release (DeprecationWarning), then remove; changelog Changed entry."
pyo3,score_wle_poly,score_wle_poly,keep,"ADR-0028: PyO3 entry points are a private implementation detail, exempt from the public naming rules.",fast_mlsirm._core,function,observed,None,keep,"Out of ADR-0028 policy scope (not a precision control, decision threshold, seed, or model-choice parameter).",
pyo3,score_wle_poly,score_wle_poly,keep,"ADR-0028: PyO3 entry points are a private implementation detail, exempt from the public naming rules.",fast_mlsirm._core,function,theta_bound,20.0,keep,"Out of ADR-0028 policy scope (not a precision control, decision threshold, seed, or model-choice parameter).",
pyo3,score_wle_poly,score_wle_poly,keep,"ADR-0028: PyO3 entry points are a private implementation detail, exempt from the public naming rules.",fast_mlsirm._core,function,tol,1e-8,require,ADR-0028 rule 1: iteration/convergence precision control; no documented convergence-criterion source -> required argument.,"Deprecation: keep tol=1e-8 accepted only when explicitly passed for one minor release (DeprecationWarning), then remove; changelog Changed entry."
pyo3,second_order_test,second_order_test,keep,"ADR-0028: PyO3 entry points are a private implementation detail, exempt from the public naming rules.",fast_mlsirm._core,function,tol,1e-8,require,ADR-0028 rule 1: iteration/convergence precision control; no documented convergence-criterion source -> required argument.,"Deprecation: keep tol=1e-8 accepted only when explicitly passed for one minor release (DeprecationWarning), then remove; changelog Changed entry."
pyo3,selection_utility,selection_utility,keep,"ADR-0028: PyO3 entry points are a private implementation detail, exempt from the public naming rules.",fast_mlsirm._core,function,,,n/a,No defaulted parameters.,
pyo3,separation_reliability,separation_reliability,keep,"ADR-0028: PyO3 entry points are a private implementation detail, exempt from the public naming rules.",fast_mlsirm._core,function,,,n/a,No defaulted parameters.,
pyo3,sibtest,sibtest,keep,"ADR-0028: PyO3 entry points are a private implementation detail, exempt from the public naming rules.",fast_mlsirm._core,function,fdr_q,0.05,require,ADR-0028 rule 2: decision threshold / flag cutoff / stopping rule; no APA 7th source cited for this specific value -> required argument.,"Deprecation: keep fdr_q=0.05 accepted only when explicitly passed for one minor release (DeprecationWarning), then remove; changelog Changed entry."
pyo3,sibtest,sibtest,keep,"ADR-0028: PyO3 entry points are a private implementation detail, exempt from the public naming rules.",fast_mlsirm._core,function,j_min,5,require,ADR-0028 rule 2: decision threshold / flag cutoff / stopping rule; no APA 7th source cited for this specific value -> required argument.,"Deprecation: keep j_min=5 accepted only when explicitly passed for one minor release (DeprecationWarning), then remove; changelog Changed entry."
pyo3,standard_errors_from_vcov,standard_errors_from_vcov,keep,"ADR-0028: PyO3 entry points are a private implementation detail, exempt from the public naming rules.",fast_mlsirm._core,function,,,n/a,No defaulted parameters.,
pyo3,stephenson_rating,stephenson_rating,keep,"ADR-0028: PyO3 entry points are a private implementation detail, exempt from the public naming rules.",fast_mlsirm._core,function,,,n/a,No defaulted parameters.,
pyo3,stuart_maxwell_mh,stuart_maxwell_mh,keep,"ADR-0028: PyO3 entry points are a private implementation detail, exempt from the public naming rules.",fast_mlsirm._core,function,,,n/a,No defaulted parameters.,
pyo3,subkoviak_agreement,subkoviak_agreement,keep,"ADR-0028: PyO3 entry points are a private implementation detail, exempt from the public naming rules.",fast_mlsirm._core,function,alpha,None,require,ADR-0028 rule 2: decision threshold / flag cutoff / stopping rule; no APA 7th source cited for this specific value -> required argument.,"Deprecation: keep alpha=None accepted only when explicitly passed for one minor release (DeprecationWarning), then remove; changelog Changed entry."
pyo3,subscore_analysis,subscore_analysis,keep,"ADR-0028: PyO3 entry points are a private implementation detail, exempt from the public naming rules.",fast_mlsirm._core,function,,,n/a,No defaulted parameters.,
pyo3,taylor_russell,taylor_russell,keep,"ADR-0028: PyO3 entry points are a private implementation detail, exempt from the public naming rules.",fast_mlsirm._core,function,,,n/a,No defaulted parameters.,
pyo3,tcc_drift,tcc_drift,keep,"ADR-0028: PyO3 entry points are a private implementation detail, exempt from the public naming rules.",fast_mlsirm._core,function,q_theta,21,require,ADR-0028 rule 1: numerical-precision (quadrature node count) control; no in-repo citation for this value and/or below the AGENTS.md #1929 floor of 121 -> required argument.,"Deprecation: keep q_theta=21 accepted only when explicitly passed for one minor release (DeprecationWarning), then remove; changelog Changed entry."
pyo3,tcc_drift,tcc_drift,keep,"ADR-0028: PyO3 entry points are a private implementation detail, exempt from the public naming rules.",fast_mlsirm._core,function,q_xi,11,require,ADR-0028 rule 1: numerical-precision (quadrature node count) control; no in-repo citation for this value and/or below the AGENTS.md #1929 floor of 121 -> required argument.,"Deprecation: keep q_xi=11 accepted only when explicitly passed for one minor release (DeprecationWarning), then remove; changelog Changed entry."
pyo3,tcc_drift,tcc_drift,keep,"ADR-0028: PyO3 entry points are a private implementation detail, exempt from the public naming rules.",fast_mlsirm._core,function,threshold,0.05,keep,"Out of ADR-0028 policy scope (not a precision control, decision threshold, seed, or model-choice parameter).",
pyo3,tcc_drift,tcc_drift,keep,"ADR-0028: PyO3 entry points are a private implementation detail, exempt from the public naming rules.",fast_mlsirm._core,function,xi_points,256,require,ADR-0028 rule 1: numerical-precision (quadrature node count) control; no in-repo citation for this value and/or below the AGENTS.md #1929 floor of 121 -> required argument.,"Deprecation: keep xi_points=256 accepted only when explicitly passed for one minor release (DeprecationWarning), then remove; changelog Changed entry."
pyo3,tcc_drift,tcc_drift,keep,"ADR-0028: PyO3 entry points are a private implementation detail, exempt from the public naming rules.",fast_mlsirm._core,function,xi_rule,"""gh""",keep,"Out of ADR-0028 policy scope (not a precision control, decision threshold, seed, or model-choice parameter).",
pyo3,tcc_drift,tcc_drift,keep,"ADR-0028: PyO3 entry points are a private implementation detail, exempt from the public naming rules.",fast_mlsirm._core,function,xi_seed,0,require,ADR-0028 rule 3: stochastic routines must not ship a default seed -> required argument.,"Deprecation: keep xi_seed=0 accepted only when explicitly passed for one minor release (DeprecationWarning), then remove; changelog Changed entry."
pyo3,tenberge_mu,tenberge_mu,keep,"ADR-0028: PyO3 entry points are a private implementation detail, exempt from the public naming rules.",fast_mlsirm._core,function,,,n/a,No defaulted parameters.,
pyo3,thurstone_case_v,thurstone_case_v,keep,"ADR-0028: PyO3 entry points are a private implementation detail, exempt from the public naming rules.",fast_mlsirm._core,function,,,n/a,No defaulted parameters.,
pyo3,u3_bootstrap_cutoff,u3_bootstrap_cutoff,keep,"ADR-0028: PyO3 entry points are a private implementation detail, exempt from the public naming rules.",fast_mlsirm._core,function,alpha,0.05,require,ADR-0028 rule 2: decision threshold / flag cutoff / stopping rule; no APA 7th source cited for this specific value -> required argument.,"Deprecation: keep alpha=0.05 accepted only when explicitly passed for one minor release (DeprecationWarning), then remove; changelog Changed entry."
pyo3,u3_bootstrap_cutoff,u3_bootstrap_cutoff,keep,"ADR-0028: PyO3 entry points are a private implementation detail, exempt from the public naming rules.",fast_mlsirm._core,function,model,"""gpcm""",require,ADR-0028 rule 4: function is model-generic (not model-specific by name) -> model choice has no default.,"Deprecation: keep model=""gpcm"" accepted only when explicitly passed for one minor release (DeprecationWarning), then remove; changelog Changed entry."
pyo3,u3_bootstrap_cutoff,u3_bootstrap_cutoff,keep,"ADR-0028: PyO3 entry points are a private implementation detail, exempt from the public naming rules.",fast_mlsirm._core,function,n_rep,200,require,ADR-0028 rule 1: replicate/bootstrap/draw count; no Monte-Carlo-error source cited -> required argument.,"Deprecation: keep n_rep=200 accepted only when explicitly passed for one minor release (DeprecationWarning), then remove; changelog Changed entry."
pyo3,u3_bootstrap_cutoff,u3_bootstrap_cutoff,keep,"ADR-0028: PyO3 entry points are a private implementation detail, exempt from the public naming rules.",fast_mlsirm._core,function,seed,0,require,ADR-0028 rule 3: stochastic routines must not ship a default seed -> required argument.,"Deprecation: keep seed=0 accepted only when explicitly passed for one minor release (DeprecationWarning), then remove; changelog Changed entry."
pyo3,u3_person_fit,u3_person_fit,keep,"ADR-0028: PyO3 entry points are a private implementation detail, exempt from the public naming rules.",fast_mlsirm._core,function,cutoff,None,keep,"Out of ADR-0028 policy scope (not a precision control, decision threshold, seed, or model-choice parameter).",
pyo3,u3_person_fit,u3_person_fit,keep,"ADR-0028: PyO3 entry points are a private implementation detail, exempt from the public naming rules.",fast_mlsirm._core,function,observed,None,keep,"Out of ADR-0028 policy scope (not a precision control, decision threshold, seed, or model-choice parameter).",
pyo3,validate_q_matrix,validate_q_matrix,keep,"ADR-0028: PyO3 entry points are a private implementation detail, exempt from the public naming rules.",fast_mlsirm._core,function,epsilon,0.95,require,ADR-0028 rule 1: iteration/convergence precision control; no documented convergence-criterion source -> required argument.,"Deprecation: keep epsilon=0.95 accepted only when explicitly passed for one minor release (DeprecationWarning), then remove; changelog Changed entry."
pyo3,validate_q_matrix,validate_q_matrix,keep,"ADR-0028: PyO3 entry points are a private implementation detail, exempt from the public naming rules.",fast_mlsirm._core,function,max_iter,500,require,ADR-0028 rule 1: iteration/convergence precision control; no documented convergence-criterion source -> required argument.,"Deprecation: keep max_iter=500 accepted only when explicitly passed for one minor release (DeprecationWarning), then remove; changelog Changed entry."
pyo3,validate_q_matrix,validate_q_matrix,keep,"ADR-0028: PyO3 entry points are a private implementation detail, exempt from the public naming rules.",fast_mlsirm._core,function,tol,1e-6,require,ADR-0028 rule 1: iteration/convergence precision control; no documented convergence-criterion source -> required argument.,"Deprecation: keep tol=1e-6 accepted only when explicitly passed for one minor release (DeprecationWarning), then remove; changelog Changed entry."
pyo3,validate_scoring,validate_scoring,keep,"ADR-0028: PyO3 entry points are a private implementation detail, exempt from the public naming rules.",fast_mlsirm._core,function,degradation_max,0.10,keep,"Out of ADR-0028 policy scope (not a precision control, decision threshold, seed, or model-choice parameter).",
pyo3,validate_scoring,validate_scoring,keep,"ADR-0028: PyO3 entry points are a private implementation detail, exempt from the public naming rules.",fast_mlsirm._core,function,human_a,None,keep,"Out of ADR-0028 policy scope (not a precision control, decision threshold, seed, or model-choice parameter).",
pyo3,validate_scoring,validate_scoring,keep,"ADR-0028: PyO3 entry points are a private implementation detail, exempt from the public naming rules.",fast_mlsirm._core,function,human_b,None,keep,"Out of ADR-0028 policy scope (not a precision control, decision threshold, seed, or model-choice parameter).",
pyo3,validate_scoring,validate_scoring,keep,"ADR-0028: PyO3 entry points are a private implementation detail, exempt from the public naming rules.",fast_mlsirm._core,function,min_subgroup_n,2,keep,"Out of ADR-0028 policy scope (not a precision control, decision threshold, seed, or model-choice parameter).",
pyo3,validate_scoring,validate_scoring,keep,"ADR-0028: PyO3 entry points are a private implementation detail, exempt from the public naming rules.",fast_mlsirm._core,function,overall_smd_max,0.15,keep,"Out of ADR-0028 policy scope (not a precision control, decision threshold, seed, or model-choice parameter).",
pyo3,validate_scoring,validate_scoring,keep,"ADR-0028: PyO3 entry points are a private implementation detail, exempt from the public naming rules.",fast_mlsirm._core,function,pearson_r_min,0.70,keep,"Out of ADR-0028 policy scope (not a precision control, decision threshold, seed, or model-choice parameter).",
pyo3,validate_scoring,validate_scoring,keep,"ADR-0028: PyO3 entry points are a private implementation detail, exempt from the public naming rules.",fast_mlsirm._core,function,qwk_min,0.70,keep,"Out of ADR-0028 policy scope (not a precision control, decision threshold, seed, or model-choice parameter).",
pyo3,validate_scoring,validate_scoring,keep,"ADR-0028: PyO3 entry points are a private implementation detail, exempt from the public naming rules.",fast_mlsirm._core,function,subgroup,None,keep,"Out of ADR-0028 policy scope (not a precision control, decision threshold, seed, or model-choice parameter).",
pyo3,validate_scoring,validate_scoring,keep,"ADR-0028: PyO3 entry points are a private implementation detail, exempt from the public naming rules.",fast_mlsirm._core,function,subgroup_smd_max,0.10,keep,"Out of ADR-0028 policy scope (not a precision control, decision threshold, seed, or model-choice parameter).",
pyo3,vcov_from_hessian,vcov_from_hessian,keep,"ADR-0028: PyO3 entry points are a private implementation detail, exempt from the public naming rules.",fast_mlsirm._core,function,,,n/a,No defaulted parameters.,
pyo3,velicer_map,velicer_map,keep,"ADR-0028: PyO3 entry points are a private implementation detail, exempt from the public naming rules.",fast_mlsirm._core,function,,,n/a,No defaulted parameters.,
pyo3,velicer_map_from_data,velicer_map_from_data,keep,"ADR-0028: PyO3 entry points are a private implementation detail, exempt from the public naming rules.",fast_mlsirm._core,function,,,n/a,No defaulted parameters.,
pyo3,vuong_nonnested,vuong_nonnested,keep,"ADR-0028: PyO3 entry points are a private implementation detail, exempt from the public naming rules.",fast_mlsirm._core,function,bic_correction,true,keep,"Out of ADR-0028 policy scope (not a precision control, decision threshold, seed, or model-choice parameter).",
pyo3,woodruff_sawyer_normal,woodruff_sawyer_normal,keep,"ADR-0028: PyO3 entry points are a private implementation detail, exempt from the public naming rules.",fast_mlsirm._core,function,,,n/a,No defaulted parameters.,
pyo3,woodruff_sawyer_sb,woodruff_sawyer_sb,keep,"ADR-0028: PyO3 entry points are a private implementation detail, exempt from the public naming rules.",fast_mlsirm._core,function,,,n/a,No defaulted parameters.,
python,fit,keep,keep,Already conforms to ADR-0028 naming convention.,fast_mlsirm._fit_public,function,anchors,None,keep,"Out of ADR-0028 policy scope (not a precision control, decision threshold, seed, or model-choice parameter).",
python,fit,keep,keep,Already conforms to ADR-0028 naming convention.,fast_mlsirm._fit_public,function,cluster_id,None,keep,"Out of ADR-0028 policy scope (not a precision control, decision threshold, seed, or model-choice parameter).",
python,fit,keep,keep,Already conforms to ADR-0028 naming convention.,fast_mlsirm._fit_public,function,config,None,keep,"Out of ADR-0028 policy scope (not a precision control, decision threshold, seed, or model-choice parameter).",
python,fit,keep,keep,Already conforms to ADR-0028 naming convention.,fast_mlsirm._fit_public,function,covariate,None,keep,"Out of ADR-0028 policy scope (not a precision control, decision threshold, seed, or model-choice parameter).",
python,fit,keep,keep,Already conforms to ADR-0028 naming convention.,fast_mlsirm._fit_public,function,group_id,None,keep,"Out of ADR-0028 policy scope (not a precision control, decision threshold, seed, or model-choice parameter).",
python,fit,keep,keep,Already conforms to ADR-0028 naming convention.,fast_mlsirm._fit_public,function,mask,None,keep,"Out of ADR-0028 policy scope (not a precision control, decision threshold, seed, or model-choice parameter).",
pyo3,py_estimate_crossed_person_effects,py_estimate_crossed_person_effects,keep,"ADR-0028: PyO3 entry points are a private implementation detail, exempt from the public naming rules.",fast_mlsirm._multilevel_core,function,,,n/a,No defaulted parameters.,
pyo3,py_fit_hierarchical_ctar_rasch,py_fit_hierarchical_ctar_rasch,keep,"ADR-0028: PyO3 entry points are a private implementation detail, exempt from the public naming rules.",fast_mlsirm._multilevel_core,function,,,n/a,No defaulted parameters.,
pyo3,py_fit_longitudinal_state,py_fit_longitudinal_state,keep,"ADR-0028: PyO3 entry points are a private implementation detail, exempt from the public naming rules.",fast_mlsirm._multilevel_core,function,,,n/a,No defaulted parameters.,
pyo3,py_simulate_hierarchical_ctar_rasch,py_simulate_hierarchical_ctar_rasch,keep,"ADR-0028: PyO3 entry points are a private implementation detail, exempt from the public naming rules.",fast_mlsirm._multilevel_core,function,,,n/a,No defaulted parameters.,
pyo3,py_weighted_contextual_effect,py_weighted_contextual_effect,keep,"ADR-0028: PyO3 entry points are a private implementation detail, exempt from the public naming rules.",fast_mlsirm._multilevel_core,function,,,n/a,No defaulted parameters.,
pyo3,py_paired_rating_range_evidence,py_paired_rating_range_evidence,keep,"ADR-0028: PyO3 entry points are a private implementation detail, exempt from the public naming rules.",fast_mlsirm._rating_range_core,function,,,n/a,No defaulted parameters.,
pyo3,py_rotate_factor_loadings,py_rotate_factor_loadings,keep,"ADR-0028: PyO3 entry points are a private implementation detail, exempt from the public naming rules.",fast_mlsirm._rotation_core,function,,,n/a,No defaulted parameters.,
pyo3,py_rotation_criterion_value_gradient,py_rotation_criterion_value_gradient,keep,"ADR-0028: PyO3 entry points are a private implementation detail, exempt from the public naming rules.",fast_mlsirm._rotation_core,function,,,n/a,No defaulted parameters.,
pyo3,py_select_rotation_criterion,py_select_rotation_criterion,keep,"ADR-0028: PyO3 entry points are a private implementation detail, exempt from the public naming rules.",fast_mlsirm._rotation_core,function,,,n/a,No defaulted parameters.,
python,AssembledForm,keep,keep,Already conforms to ADR-0028 naming convention.,fast_mlsirm.ata,class,,,n/a,No defaulted parameters.,
python,assemble_to_target,keep,keep,Already conforms to ADR-0028 naming convention.,fast_mlsirm.ata,function,content,None,keep,"Out of ADR-0028 policy scope (not a precision control, decision threshold, seed, or model-choice parameter).",
python,assemble_to_target,keep,keep,Already conforms to ADR-0028 naming convention.,fast_mlsirm.ata,function,exclude,None,keep,"Out of ADR-0028 policy scope (not a precision control, decision threshold, seed, or model-choice parameter).",
python,assemble_to_target,keep,keep,Already conforms to ADR-0028 naming convention.,fast_mlsirm.ata,function,exposure_counts,None,keep,"Out of ADR-0028 policy scope (not a precision control, decision threshold, seed, or model-choice parameter).",
python,assemble_to_target,keep,keep,Already conforms to ADR-0028 naming convention.,fast_mlsirm.ata,function,exposure_max,None,keep,"Out of ADR-0028 policy scope (not a precision control, decision threshold, seed, or model-choice parameter).",
python,assemble_to_target,keep,keep,Already conforms to ADR-0028 naming convention.,fast_mlsirm.ata,function,max_per_content,None,keep,"Out of ADR-0028 policy scope (not a precision control, decision threshold, seed, or model-choice parameter).",
python,assemble_to_target,keep,keep,Already conforms to ADR-0028 naming convention.,fast_mlsirm.ata,function,min_per_content,None,keep,"Out of ADR-0028 policy scope (not a precision control, decision threshold, seed, or model-choice parameter).",
python,assemble_to_target,keep,keep,Already conforms to ADR-0028 naming convention.,fast_mlsirm.ata,function,model,'MLS2PLM',require,ADR-0028 rule 4: function is model-generic (not model-specific by name) -> model choice has no default.,"Deprecation: keep model='MLS2PLM' accepted only when explicitly passed for one minor release (DeprecationWarning), then remove; changelog Changed entry."
python,assemble_to_target,keep,keep,Already conforms to ADR-0028 naming convention.,fast_mlsirm.ata,function,seed,0,require,ADR-0028 rule 3: stochastic routines must not ship a default seed -> required argument.,"Deprecation: keep seed=0 accepted only when explicitly passed for one minor release (DeprecationWarning), then remove; changelog Changed entry."
python,item_information_matrix,keep,keep,Already conforms to ADR-0028 naming convention.,fast_mlsirm.ata,function,model,'MLS2PLM',require,ADR-0028 rule 4: function is model-generic (not model-specific by name) -> model choice has no default.,"Deprecation: keep model='MLS2PLM' accepted only when explicitly passed for one minor release (DeprecationWarning), then remove; changelog Changed entry."
python,load_rust_core,keep,keep,Already conforms to ADR-0028 naming convention.,fast_mlsirm.backend,function,,,n/a,No defaulted parameters.,
python,normalize_backend,keep,keep,Already conforms to ADR-0028 naming convention.,fast_mlsirm.backend,function,,,n/a,No defaulted parameters.,
python,normalize_device,keep,keep,Already conforms to ADR-0028 naming convention.,fast_mlsirm.backend,function,,,n/a,No defaulted parameters.,
python,normalize_production_backend,keep,keep,Already conforms to ADR-0028 naming convention.,fast_mlsirm.backend,function,,,n/a,No defaulted parameters.,
python,resolve_backend,keep,keep,Already conforms to ADR-0028 naming convention.,fast_mlsirm.backend,function,,,n/a,No defaulted parameters.,
python,resolve_reference_backend,keep,keep,Already conforms to ADR-0028 naming convention.,fast_mlsirm.backend,function,name,'numpy',keep,"Out of ADR-0028 policy scope (not a precision control, decision threshold, seed, or model-choice parameter).",
python,BifactorBootstrapResult,keep,keep,Already conforms to ADR-0028 naming convention.,fast_mlsirm.bifactor_bootstrap,class,device,'cpu',keep,"Out of ADR-0028 policy scope (not a precision control, decision threshold, seed, or model-choice parameter).",
python,run_bifactor_bootstrap,keep,keep,Already conforms to ADR-0028 naming convention.,fast_mlsirm.bifactor_bootstrap,function,anchor_mask,None,keep,"Out of ADR-0028 policy scope (not a precision control, decision threshold, seed, or model-choice parameter).",
python,run_bifactor_bootstrap,keep,keep,Already conforms to ADR-0028 naming convention.,fast_mlsirm.bifactor_bootstrap,function,base_seed,42,require,ADR-0028 rule 3: stochastic routines must not ship a default seed -> required argument.,"Deprecation: keep base_seed=42 accepted only when explicitly passed for one minor release (DeprecationWarning), then remove; changelog Changed entry."
python,run_bifactor_bootstrap,keep,keep,Already conforms to ADR-0028 naming convention.,fast_mlsirm.bifactor_bootstrap,function,ci_level,0.95,keep,"Out of ADR-0028 policy scope (not a precision control, decision threshold, seed, or model-choice parameter).",
python,run_bifactor_bootstrap,keep,keep,Already conforms to ADR-0028 naming convention.,fast_mlsirm.bifactor_bootstrap,function,device,'cpu',keep,"Out of ADR-0028 policy scope (not a precision control, decision threshold, seed, or model-choice parameter).",
python,run_bifactor_bootstrap,keep,keep,Already conforms to ADR-0028 naming convention.,fast_mlsirm.bifactor_bootstrap,function,estimate_specific_vars,False,keep,"Out of ADR-0028 policy scope (not a precision control, decision threshold, seed, or model-choice parameter).",
python,run_bifactor_bootstrap,keep,keep,Already conforms to ADR-0028 naming convention.,fast_mlsirm.bifactor_bootstrap,function,group_ids,None,keep,"Out of ADR-0028 policy scope (not a precision control, decision threshold, seed, or model-choice parameter).",
python,run_bifactor_bootstrap,keep,keep,Already conforms to ADR-0028 naming convention.,fast_mlsirm.bifactor_bootstrap,function,max_iter,500,require,ADR-0028 rule 1: iteration/convergence precision control; no documented convergence-criterion source -> required argument.,"Deprecation: keep max_iter=500 accepted only when explicitly passed for one minor release (DeprecationWarning), then remove; changelog Changed entry."
python,run_bifactor_bootstrap,keep,keep,Already conforms to ADR-0028 naming convention.,fast_mlsirm.bifactor_bootstrap,function,n_groups,1,keep,"Out of ADR-0028 policy scope (not a precision control, decision threshold, seed, or model-choice parameter).",
python,run_bifactor_bootstrap,keep,keep,Already conforms to ADR-0028 naming convention.,fast_mlsirm.bifactor_bootstrap,function,n_jobs,-1,keep,"Out of ADR-0028 policy scope (not a precision control, decision threshold, seed, or model-choice parameter).",
python,run_bifactor_bootstrap,keep,keep,Already conforms to ADR-0028 naming convention.,fast_mlsirm.bifactor_bootstrap,function,n_starts,1,require,ADR-0028 rule 1: replicate/bootstrap/draw count; no Monte-Carlo-error source cited -> required argument.,"Deprecation: keep n_starts=1 accepted only when explicitly passed for one minor release (DeprecationWarning), then remove; changelog Changed entry."
python,run_bifactor_bootstrap,keep,keep,Already conforms to ADR-0028 naming convention.,fast_mlsirm.bifactor_bootstrap,function,tol,1e-06,require,ADR-0028 rule 1: iteration/convergence precision control; no documented convergence-criterion source -> required argument.,"Deprecation: keep tol=1e-06 accepted only when explicitly passed for one minor release (DeprecationWarning), then remove; changelog Changed entry."
python,BifactorGrmFit,keep,keep,Already conforms to ADR-0028 naming convention.,fast_mlsirm.bifactor_grm,class,,,n/a,No defaulted parameters.,
python,fit_bifactor_grm,keep,keep,Already conforms to ADR-0028 naming convention.,fast_mlsirm.bifactor_grm,function,device,'cpu',keep,"Out of ADR-0028 policy scope (not a precision control, decision threshold, seed, or model-choice parameter).",
python,fit_bifactor_grm,keep,keep,Already conforms to ADR-0028 naming convention.,fast_mlsirm.bifactor_grm,function,max_iter,500,require,ADR-0028 rule 1: iteration/convergence precision control; no documented convergence-criterion source -> required argument.,"Deprecation: keep max_iter=500 accepted only when explicitly passed for one minor release (DeprecationWarning), then remove; changelog Changed entry."
python,fit_bifactor_grm,keep,keep,Already conforms to ADR-0028 naming convention.,fast_mlsirm.bifactor_grm,function,n_starts,1,require,ADR-0028 rule 1: replicate/bootstrap/draw count; no Monte-Carlo-error source cited -> required argument.,"Deprecation: keep n_starts=1 accepted only when explicitly passed for one minor release (DeprecationWarning), then remove; changelog Changed entry."
python,fit_bifactor_grm,keep,keep,Already conforms to ADR-0028 naming convention.,fast_mlsirm.bifactor_grm,function,seed,11400714819323198485,require,ADR-0028 rule 3: stochastic routines must not ship a default seed -> required argument.,"Deprecation: keep seed=11400714819323198485 accepted only when explicitly passed for one minor release (DeprecationWarning), then remove; changelog Changed entry."
python,fit_bifactor_grm,keep,keep,Already conforms to ADR-0028 naming convention.,fast_mlsirm.bifactor_grm,function,tol,1e-06,require,ADR-0028 rule 1: iteration/convergence precision control; no documented convergence-criterion source -> required argument.,"Deprecation: keep tol=1e-06 accepted only when explicitly passed for one minor release (DeprecationWarning), then remove; changelog Changed entry."
python,BifactorMultigroupFit,keep,keep,Already conforms to ADR-0028 naming convention.,fast_mlsirm.bifactor_multigroup,class,,,n/a,No defaulted parameters.,
python,fit_bifactor_grm_multigroup,keep,keep,Already conforms to ADR-0028 naming convention.,fast_mlsirm.bifactor_multigroup,function,anchor_mask,None,keep,"Out of ADR-0028 policy scope (not a precision control, decision threshold, seed, or model-choice parameter).",
python,fit_bifactor_grm_multigroup,keep,keep,Already conforms to ADR-0028 naming convention.,fast_mlsirm.bifactor_multigroup,function,device,'cpu',keep,"Out of ADR-0028 policy scope (not a precision control, decision threshold, seed, or model-choice parameter).",
python,fit_bifactor_grm_multigroup,keep,keep,Already conforms to ADR-0028 naming convention.,fast_mlsirm.bifactor_multigroup,function,estimate_specific_vars,False,keep,"Out of ADR-0028 policy scope (not a precision control, decision threshold, seed, or model-choice parameter).",
python,fit_bifactor_grm_multigroup,keep,keep,Already conforms to ADR-0028 naming convention.,fast_mlsirm.bifactor_multigroup,function,max_iter,500,require,ADR-0028 rule 1: iteration/convergence precision control; no documented convergence-criterion source -> required argument.,"Deprecation: keep max_iter=500 accepted only when explicitly passed for one minor release (DeprecationWarning), then remove; changelog Changed entry."
python,fit_bifactor_grm_multigroup,keep,keep,Already conforms to ADR-0028 naming convention.,fast_mlsirm.bifactor_multigroup,function,n_starts,1,require,ADR-0028 rule 1: replicate/bootstrap/draw count; no Monte-Carlo-error source cited -> required argument.,"Deprecation: keep n_starts=1 accepted only when explicitly passed for one minor release (DeprecationWarning), then remove; changelog Changed entry."
python,fit_bifactor_grm_multigroup,keep,keep,Already conforms to ADR-0028 naming convention.,fast_mlsirm.bifactor_multigroup,function,seed,11400714819323198485,require,ADR-0028 rule 3: stochastic routines must not ship a default seed -> required argument.,"Deprecation: keep seed=11400714819323198485 accepted only when explicitly passed for one minor release (DeprecationWarning), then remove; changelog Changed entry."
python,fit_bifactor_grm_multigroup,keep,keep,Already conforms to ADR-0028 naming convention.,fast_mlsirm.bifactor_multigroup,function,tol,1e-06,require,ADR-0028 rule 1: iteration/convergence precision control; no documented convergence-criterion source -> required argument.,"Deprecation: keep tol=1e-06 accepted only when explicitly passed for one minor release (DeprecationWarning), then remove; changelog Changed entry."
python,bifactor_lord_wingersky,keep,keep,Already conforms to ADR-0028 naming convention.,fast_mlsirm.bifactor_recursion,function,,,n/a,No defaulted parameters.,
python,direct_enumeration_bifactor,enumerate_bifactor_direct,rename,"ADR-0028 naming convention: model/family token is a prefix immediately after the verb, scope qualifier (data shape) is a trailing suffix, verb always leads.",fast_mlsirm.bifactor_recursion,function,,,n/a,No defaulted parameters.,
python,BifactorScoreabilityResult,keep,keep,Already conforms to ADR-0028 naming convention.,fast_mlsirm.bifactor_scoreability,class,,,n/a,No defaulted parameters.,
python,bifactor_scoreability,keep,keep,Already conforms to ADR-0028 naming convention.,fast_mlsirm.bifactor_scoreability,function,general_factor,0,keep,"Out of ADR-0028 policy scope (not a precision control, decision threshold, seed, or model-choice parameter).",
python,bifactor_scoreability,keep,keep,Already conforms to ADR-0028 naming convention.,fast_mlsirm.bifactor_scoreability,function,zero_tolerance,0.0,require,ADR-0028 rule 2: decision threshold / flag cutoff / stopping rule; no APA 7th source cited for this specific value -> required argument.,"Deprecation: keep zero_tolerance=0.0 accepted only when explicitly passed for one minor release (DeprecationWarning), then remove; changelog Changed entry."
python,bifactor_scoreability_from_logit_slopes,keep,keep,Already conforms to ADR-0028 naming convention.,fast_mlsirm.bifactor_scoreability,function,general_factor,0,keep,"Out of ADR-0028 policy scope (not a precision control, decision threshold, seed, or model-choice parameter).",
python,bifactor_scoreability_from_logit_slopes,keep,keep,Already conforms to ADR-0028 naming convention.,fast_mlsirm.bifactor_scoreability,function,zero_tolerance,0.0,require,ADR-0028 rule 2: decision threshold / flag cutoff / stopping rule; no APA 7th source cited for this specific value -> required argument.,"Deprecation: keep zero_tolerance=0.0 accepted only when explicitly passed for one minor release (DeprecationWarning), then remove; changelog Changed entry."
python,AbilityEstimate,keep,keep,Already conforms to ADR-0028 naming convention.,fast_mlsirm.cat,class,,,n/a,No defaulted parameters.,
python,AdaptiveTestResult,keep,keep,Already conforms to ADR-0028 naming convention.,fast_mlsirm.cat,class,method,'eap',keep,"Out of ADR-0028 policy scope (not a precision control, decision threshold, seed, or model-choice parameter).",
python,AdaptiveTestResult,keep,keep,Already conforms to ADR-0028 naming convention.,fast_mlsirm.cat,class,n_items,0,keep,"Out of ADR-0028 policy scope (not a precision control, decision threshold, seed, or model-choice parameter).",
python,AdaptiveTestResult,keep,keep,Already conforms to ADR-0028 naming convention.,fast_mlsirm.cat,class,se_trace,<factory>,keep,"Out of ADR-0028 policy scope (not a precision control, decision threshold, seed, or model-choice parameter).",
python,AdaptiveTestResult,keep,keep,Already conforms to ADR-0028 naming convention.,fast_mlsirm.cat,class,stop_reason,'',keep,"Out of ADR-0028 policy scope (not a precision control, decision threshold, seed, or model-choice parameter).",
python,AdaptiveTestResult,keep,keep,Already conforms to ADR-0028 naming convention.,fast_mlsirm.cat,class,theta_trace,<factory>,keep,"Out of ADR-0028 policy scope (not a precision control, decision threshold, seed, or model-choice parameter).",
python,administer_adaptive_test,keep,keep,Already conforms to ADR-0028 naming convention.,fast_mlsirm.cat,function,ability_method,'eap',keep,"Out of ADR-0028 policy scope (not a precision control, decision threshold, seed, or model-choice parameter).",
python,administer_adaptive_test,keep,keep,Already conforms to ADR-0028 naming convention.,fast_mlsirm.cat,function,max_items,None,keep,"Out of ADR-0028 policy scope (not a precision control, decision threshold, seed, or model-choice parameter).",
python,administer_adaptive_test,keep,keep,Already conforms to ADR-0028 naming convention.,fast_mlsirm.cat,function,min_items,1,keep,"Out of ADR-0028 policy scope (not a precision control, decision threshold, seed, or model-choice parameter).",
python,administer_adaptive_test,keep,keep,Already conforms to ADR-0028 naming convention.,fast_mlsirm.cat,function,model,'MLS2PLM',require,ADR-0028 rule 4: function is model-generic (not model-specific by name) -> model choice has no default.,"Deprecation: keep model='MLS2PLM' accepted only when explicitly passed for one minor release (DeprecationWarning), then remove; changelog Changed entry."
python,administer_adaptive_test,keep,keep,Already conforms to ADR-0028 naming convention.,fast_mlsirm.cat,function,n_quad,41,require,ADR-0028 rule 1: numerical-precision (quadrature node count) control; no in-repo citation for this value and/or below the AGENTS.md #1929 floor of 121 -> required argument.,"Deprecation: keep n_quad=41 accepted only when explicitly passed for one minor release (DeprecationWarning), then remove; changelog Changed entry."
python,administer_adaptive_test,keep,keep,Already conforms to ADR-0028 naming convention.,fast_mlsirm.cat,function,prior_mean,0.0,keep,"Out of ADR-0028 policy scope (not a precision control, decision threshold, seed, or model-choice parameter).",
python,administer_adaptive_test,keep,keep,Already conforms to ADR-0028 naming convention.,fast_mlsirm.cat,function,prior_sd,1.0,keep,"Out of ADR-0028 policy scope (not a precision control, decision threshold, seed, or model-choice parameter).",
python,administer_adaptive_test,keep,keep,Already conforms to ADR-0028 naming convention.,fast_mlsirm.cat,function,quad_range,6.0,keep,"Out of ADR-0028 policy scope (not a precision control, decision threshold, seed, or model-choice parameter).",
python,administer_adaptive_test,keep,keep,Already conforms to ADR-0028 naming convention.,fast_mlsirm.cat,function,se_threshold,None,require,ADR-0028 rule 2: decision threshold / flag cutoff / stopping rule; no APA 7th source cited for this specific value -> required argument.,"Deprecation: keep se_threshold=None accepted only when explicitly passed for one minor release (DeprecationWarning), then remove; changelog Changed entry."
python,estimate_ability_eap,keep,keep,Already conforms to ADR-0028 naming convention.,fast_mlsirm.cat,function,model,'MLS2PLM',require,ADR-0028 rule 4: function is model-generic (not model-specific by name) -> model choice has no default.,"Deprecation: keep model='MLS2PLM' accepted only when explicitly passed for one minor release (DeprecationWarning), then remove; changelog Changed entry."
python,estimate_ability_eap,keep,keep,Already conforms to ADR-0028 naming convention.,fast_mlsirm.cat,function,n_quad,41,require,ADR-0028 rule 1: numerical-precision (quadrature node count) control; no in-repo citation for this value and/or below the AGENTS.md #1929 floor of 121 -> required argument.,"Deprecation: keep n_quad=41 accepted only when explicitly passed for one minor release (DeprecationWarning), then remove; changelog Changed entry."
python,estimate_ability_eap,keep,keep,Already conforms to ADR-0028 naming convention.,fast_mlsirm.cat,function,prior_mean,0.0,keep,"Out of ADR-0028 policy scope (not a precision control, decision threshold, seed, or model-choice parameter).",
python,estimate_ability_eap,keep,keep,Already conforms to ADR-0028 naming convention.,fast_mlsirm.cat,function,prior_sd,1.0,keep,"Out of ADR-0028 policy scope (not a precision control, decision threshold, seed, or model-choice parameter).",
python,estimate_ability_eap,keep,keep,Already conforms to ADR-0028 naming convention.,fast_mlsirm.cat,function,quad_range,6.0,keep,"Out of ADR-0028 policy scope (not a precision control, decision threshold, seed, or model-choice parameter).",
python,estimate_ability_mle,keep,keep,Already conforms to ADR-0028 naming convention.,fast_mlsirm.cat,function,bound,6.0,keep,"Out of ADR-0028 policy scope (not a precision control, decision threshold, seed, or model-choice parameter).",
python,estimate_ability_mle,keep,keep,Already conforms to ADR-0028 naming convention.,fast_mlsirm.cat,function,max_iter,50,require,ADR-0028 rule 1: iteration/convergence precision control; no documented convergence-criterion source -> required argument.,"Deprecation: keep max_iter=50 accepted only when explicitly passed for one minor release (DeprecationWarning), then remove; changelog Changed entry."
python,estimate_ability_mle,keep,keep,Already conforms to ADR-0028 naming convention.,fast_mlsirm.cat,function,model,'MLS2PLM',require,ADR-0028 rule 4: function is model-generic (not model-specific by name) -> model choice has no default.,"Deprecation: keep model='MLS2PLM' accepted only when explicitly passed for one minor release (DeprecationWarning), then remove; changelog Changed entry."
python,estimate_ability_mle,keep,keep,Already conforms to ADR-0028 naming convention.,fast_mlsirm.cat,function,start,None,keep,"Out of ADR-0028 policy scope (not a precision control, decision threshold, seed, or model-choice parameter).",
python,estimate_ability_mle,keep,keep,Already conforms to ADR-0028 naming convention.,fast_mlsirm.cat,function,tol,1e-06,require,ADR-0028 rule 1: iteration/convergence precision control; no documented convergence-criterion source -> required argument.,"Deprecation: keep tol=1e-06 accepted only when explicitly passed for one minor release (DeprecationWarning), then remove; changelog Changed entry."
python,select_max_information_item,keep,keep,Already conforms to ADR-0028 naming convention.,fast_mlsirm.cat,function,administered,None,keep,"Out of ADR-0028 policy scope (not a precision control, decision threshold, seed, or model-choice parameter).",
python,select_max_information_item,keep,keep,Already conforms to ADR-0028 naming convention.,fast_mlsirm.cat,function,model,'MLS2PLM',require,ADR-0028 rule 4: function is model-generic (not model-specific by name) -> model choice has no default.,"Deprecation: keep model='MLS2PLM' accepted only when explicitly passed for one minor release (DeprecationWarning), then remove; changelog Changed entry."
python,simulate_adaptive_test,keep,keep,Already conforms to ADR-0028 naming convention.,fast_mlsirm.cat,function,ability_method,'eap',keep,"Out of ADR-0028 policy scope (not a precision control, decision threshold, seed, or model-choice parameter).",
python,simulate_adaptive_test,keep,keep,Already conforms to ADR-0028 naming convention.,fast_mlsirm.cat,function,max_items,None,keep,"Out of ADR-0028 policy scope (not a precision control, decision threshold, seed, or model-choice parameter).",
python,simulate_adaptive_test,keep,keep,Already conforms to ADR-0028 naming convention.,fast_mlsirm.cat,function,min_items,1,keep,"Out of ADR-0028 policy scope (not a precision control, decision threshold, seed, or model-choice parameter).",
python,simulate_adaptive_test,keep,keep,Already conforms to ADR-0028 naming convention.,fast_mlsirm.cat,function,model,'MLS2PLM',require,ADR-0028 rule 4: function is model-generic (not model-specific by name) -> model choice has no default.,"Deprecation: keep model='MLS2PLM' accepted only when explicitly passed for one minor release (DeprecationWarning), then remove; changelog Changed entry."
python,simulate_adaptive_test,keep,keep,Already conforms to ADR-0028 naming convention.,fast_mlsirm.cat,function,n_quad,41,require,ADR-0028 rule 1: numerical-precision (quadrature node count) control; no in-repo citation for this value and/or below the AGENTS.md #1929 floor of 121 -> required argument.,"Deprecation: keep n_quad=41 accepted only when explicitly passed for one minor release (DeprecationWarning), then remove; changelog Changed entry."
python,simulate_adaptive_test,keep,keep,Already conforms to ADR-0028 naming convention.,fast_mlsirm.cat,function,prior_mean,0.0,keep,"Out of ADR-0028 policy scope (not a precision control, decision threshold, seed, or model-choice parameter).",
python,simulate_adaptive_test,keep,keep,Already conforms to ADR-0028 naming convention.,fast_mlsirm.cat,function,prior_sd,1.0,keep,"Out of ADR-0028 policy scope (not a precision control, decision threshold, seed, or model-choice parameter).",
python,simulate_adaptive_test,keep,keep,Already conforms to ADR-0028 naming convention.,fast_mlsirm.cat,function,quad_range,6.0,keep,"Out of ADR-0028 policy scope (not a precision control, decision threshold, seed, or model-choice parameter).",
python,simulate_adaptive_test,keep,keep,Already conforms to ADR-0028 naming convention.,fast_mlsirm.cat,function,se_threshold,None,require,ADR-0028 rule 2: decision threshold / flag cutoff / stopping rule; no APA 7th source cited for this specific value -> required argument.,"Deprecation: keep se_threshold=None accepted only when explicitly passed for one minor release (DeprecationWarning), then remove; changelog Changed entry."
python,simulate_adaptive_test,keep,keep,Already conforms to ADR-0028 naming convention.,fast_mlsirm.cat,function,seed,0,require,ADR-0028 rule 3: stochastic routines must not ship a default seed -> required argument.,"Deprecation: keep seed=0 accepted only when explicitly passed for one minor release (DeprecationWarning), then remove; changelog Changed entry."
python,CdmFit,keep,keep,Already conforms to ADR-0028 naming convention.,fast_mlsirm.cdm,class,,,n/a,No defaulted parameters.,
python,GdinaFit,keep,keep,Already conforms to ADR-0028 naming convention.,fast_mlsirm.cdm,class,,,n/a,No defaulted parameters.,
python,HoCdmFit,keep,keep,Already conforms to ADR-0028 naming convention.,fast_mlsirm.cdm,class,,,n/a,No defaulted parameters.,
python,HoGdinaFit,keep,keep,Already conforms to ADR-0028 naming convention.,fast_mlsirm.cdm,class,,,n/a,No defaulted parameters.,
python,QMatrixValidation,keep,keep,Already conforms to ADR-0028 naming convention.,fast_mlsirm.cdm,class,,,n/a,No defaulted parameters.,
python,SeqGdinaFit,keep,keep,Already conforms to ADR-0028 naming convention.,fast_mlsirm.cdm,class,,,n/a,No defaulted parameters.,
python,SeqGdinaQrFit,keep,keep,Already conforms to ADR-0028 naming convention.,fast_mlsirm.cdm,class,,,n/a,No defaulted parameters.,
python,WaldModelSelection,keep,keep,Already conforms to ADR-0028 naming convention.,fast_mlsirm.cdm,class,,,n/a,No defaulted parameters.,
python,fit_cdm,keep,keep,Already conforms to ADR-0028 naming convention.,fast_mlsirm.cdm,function,max_iter,500,require,ADR-0028 rule 1: iteration/convergence precision control; no documented convergence-criterion source -> required argument.,"Deprecation: keep max_iter=500 accepted only when explicitly passed for one minor release (DeprecationWarning), then remove; changelog Changed entry."
python,fit_cdm,keep,keep,Already conforms to ADR-0028 naming convention.,fast_mlsirm.cdm,function,model,'dina',require,ADR-0028 rule 4: function is model-generic (not model-specific by name) -> model choice has no default.,"Deprecation: keep model='dina' accepted only when explicitly passed for one minor release (DeprecationWarning), then remove; changelog Changed entry."
python,fit_cdm,keep,keep,Already conforms to ADR-0028 naming convention.,fast_mlsirm.cdm,function,tol,1e-06,require,ADR-0028 rule 1: iteration/convergence precision control; no documented convergence-criterion source -> required argument.,"Deprecation: keep tol=1e-06 accepted only when explicitly passed for one minor release (DeprecationWarning), then remove; changelog Changed entry."
python,fit_gdina,keep,keep,Already conforms to ADR-0028 naming convention.,fast_mlsirm.cdm,function,max_iter,500,require,ADR-0028 rule 1: iteration/convergence precision control; no documented convergence-criterion source -> required argument.,"Deprecation: keep max_iter=500 accepted only when explicitly passed for one minor release (DeprecationWarning), then remove; changelog Changed entry."
python,fit_gdina,keep,keep,Already conforms to ADR-0028 naming convention.,fast_mlsirm.cdm,function,tol,1e-06,require,ADR-0028 rule 1: iteration/convergence precision control; no documented convergence-criterion source -> required argument.,"Deprecation: keep tol=1e-06 accepted only when explicitly passed for one minor release (DeprecationWarning), then remove; changelog Changed entry."
python,fit_ho_cdm,keep,keep,Already conforms to ADR-0028 naming convention.,fast_mlsirm.cdm,function,max_iter,500,require,ADR-0028 rule 1: iteration/convergence precision control; no documented convergence-criterion source -> required argument.,"Deprecation: keep max_iter=500 accepted only when explicitly passed for one minor release (DeprecationWarning), then remove; changelog Changed entry."
python,fit_ho_cdm,keep,keep,Already conforms to ADR-0028 naming convention.,fast_mlsirm.cdm,function,model,'dina',require,ADR-0028 rule 4: function is model-generic (not model-specific by name) -> model choice has no default.,"Deprecation: keep model='dina' accepted only when explicitly passed for one minor release (DeprecationWarning), then remove; changelog Changed entry."
python,fit_ho_cdm,keep,keep,Already conforms to ADR-0028 naming convention.,fast_mlsirm.cdm,function,tol,1e-06,require,ADR-0028 rule 1: iteration/convergence precision control; no documented convergence-criterion source -> required argument.,"Deprecation: keep tol=1e-06 accepted only when explicitly passed for one minor release (DeprecationWarning), then remove; changelog Changed entry."
python,fit_ho_gdina,keep,keep,Already conforms to ADR-0028 naming convention.,fast_mlsirm.cdm,function,max_iter,500,require,ADR-0028 rule 1: iteration/convergence precision control; no documented convergence-criterion source -> required argument.,"Deprecation: keep max_iter=500 accepted only when explicitly passed for one minor release (DeprecationWarning), then remove; changelog Changed entry."
python,fit_ho_gdina,keep,keep,Already conforms to ADR-0028 naming convention.,fast_mlsirm.cdm,function,tol,1e-06,require,ADR-0028 rule 1: iteration/convergence precision control; no documented convergence-criterion source -> required argument.,"Deprecation: keep tol=1e-06 accepted only when explicitly passed for one minor release (DeprecationWarning), then remove; changelog Changed entry."
python,fit_seq_gdina,keep,keep,Already conforms to ADR-0028 naming convention.,fast_mlsirm.cdm,function,max_iter,500,require,ADR-0028 rule 1: iteration/convergence precision control; no documented convergence-criterion source -> required argument.,"Deprecation: keep max_iter=500 accepted only when explicitly passed for one minor release (DeprecationWarning), then remove; changelog Changed entry."
python,fit_seq_gdina,keep,keep,Already conforms to ADR-0028 naming convention.,fast_mlsirm.cdm,function,tol,1e-06,require,ADR-0028 rule 1: iteration/convergence precision control; no documented convergence-criterion source -> required argument.,"Deprecation: keep tol=1e-06 accepted only when explicitly passed for one minor release (DeprecationWarning), then remove; changelog Changed entry."
python,fit_seq_gdina_qr,keep,keep,Already conforms to ADR-0028 naming convention.,fast_mlsirm.cdm,function,max_iter,500,require,ADR-0028 rule 1: iteration/convergence precision control; no documented convergence-criterion source -> required argument.,"Deprecation: keep max_iter=500 accepted only when explicitly passed for one minor release (DeprecationWarning), then remove; changelog Changed entry."
python,fit_seq_gdina_qr,keep,keep,Already conforms to ADR-0028 naming convention.,fast_mlsirm.cdm,function,tol,1e-06,require,ADR-0028 rule 1: iteration/convergence precision control; no documented convergence-criterion source -> required argument.,"Deprecation: keep tol=1e-06 accepted only when explicitly passed for one minor release (DeprecationWarning), then remove; changelog Changed entry."
python,gdina_wald_selection,keep,keep,Already conforms to ADR-0028 naming convention.,fast_mlsirm.cdm,function,alpha,0.05,require,ADR-0028 rule 2: decision threshold / flag cutoff / stopping rule; no APA 7th source cited for this specific value -> required argument.,"Deprecation: keep alpha=0.05 accepted only when explicitly passed for one minor release (DeprecationWarning), then remove; changelog Changed entry."
python,gdina_wald_selection,keep,keep,Already conforms to ADR-0028 naming convention.,fast_mlsirm.cdm,function,max_iter,500,require,ADR-0028 rule 1: iteration/convergence precision control; no documented convergence-criterion source -> required argument.,"Deprecation: keep max_iter=500 accepted only when explicitly passed for one minor release (DeprecationWarning), then remove; changelog Changed entry."
python,gdina_wald_selection,keep,keep,Already conforms to ADR-0028 naming convention.,fast_mlsirm.cdm,function,tol,1e-06,require,ADR-0028 rule 1: iteration/convergence precision control; no documented convergence-criterion source -> required argument.,"Deprecation: keep tol=1e-06 accepted only when explicitly passed for one minor release (DeprecationWarning), then remove; changelog Changed entry."
python,validate_q_matrix,keep,keep,Already conforms to ADR-0028 naming convention.,fast_mlsirm.cdm,function,epsilon,0.95,require,ADR-0028 rule 1: iteration/convergence precision control; no documented convergence-criterion source -> required argument.,"Deprecation: keep epsilon=0.95 accepted only when explicitly passed for one minor release (DeprecationWarning), then remove; changelog Changed entry."
python,validate_q_matrix,keep,keep,Already conforms to ADR-0028 naming convention.,fast_mlsirm.cdm,function,max_iter,500,require,ADR-0028 rule 1: iteration/convergence precision control; no documented convergence-criterion source -> required argument.,"Deprecation: keep max_iter=500 accepted only when explicitly passed for one minor release (DeprecationWarning), then remove; changelog Changed entry."
python,validate_q_matrix,keep,keep,Already conforms to ADR-0028 naming convention.,fast_mlsirm.cdm,function,tol,1e-06,require,ADR-0028 rule 1: iteration/convergence precision control; no documented convergence-criterion source -> required argument.,"Deprecation: keep tol=1e-06 accepted only when explicitly passed for one minor release (DeprecationWarning), then remove; changelog Changed entry."
python,ClassificationResult,keep,keep,Already conforms to ADR-0028 naming convention.,fast_mlsirm.classification,class,,,n/a,No defaulted parameters.,
python,HansonBrennanResult,keep,keep,Already conforms to ADR-0028 naming convention.,fast_mlsirm.classification,class,,,n/a,No defaulted parameters.,
python,LivingstonLewisResult,keep,keep,Already conforms to ADR-0028 naming convention.,fast_mlsirm.classification,class,,,n/a,No defaulted parameters.,
python,LivingstonResult,keep,keep,Already conforms to ADR-0028 naming convention.,fast_mlsirm.classification,class,,,n/a,No defaulted parameters.,
python,SubkoviakResult,keep,keep,Already conforms to ADR-0028 naming convention.,fast_mlsirm.classification,class,,,n/a,No defaulted parameters.,
python,WoodruffSawyerResult,keep,keep,Already conforms to ADR-0028 naming convention.,fast_mlsirm.classification,class,,,n/a,No defaulted parameters.,
python,hanson_brennan,keep,keep,Already conforms to ADR-0028 naming convention.,fast_mlsirm.classification,function,two_parameter,False,keep,"Out of ADR-0028 policy scope (not a precision control, decision threshold, seed, or model-choice parameter).",
python,hanson_brennan_from_params,keep,keep,Already conforms to ADR-0028 naming convention.,fast_mlsirm.classification,function,,,n/a,No defaulted parameters.,
python,lee_classification,keep,keep,Already conforms to ADR-0028 naming convention.,fast_mlsirm.classification,function,weights,None,keep,"Out of ADR-0028 policy scope (not a precision control, decision threshold, seed, or model-choice parameter).",
python,livingston_correlation,keep,keep,Already conforms to ADR-0028 naming convention.,fast_mlsirm.classification,function,,,n/a,No defaulted parameters.,
python,livingston_k2,keep,keep,Already conforms to ADR-0028 naming convention.,fast_mlsirm.classification,function,n_lengths,"(1.0,)",keep,"Out of ADR-0028 policy scope (not a precision control, decision threshold, seed, or model-choice parameter).",
python,livingston_lewis,keep,keep,Already conforms to ADR-0028 naming convention.,fast_mlsirm.classification,function,,,n/a,No defaulted parameters.,
python,rudner_classification,keep,keep,Already conforms to ADR-0028 naming convention.,fast_mlsirm.classification,function,weights,None,keep,"Out of ADR-0028 policy scope (not a precision control, decision threshold, seed, or model-choice parameter).",
python,subkoviak_agreement,keep,keep,Already conforms to ADR-0028 naming convention.,fast_mlsirm.classification,function,alpha,None,require,ADR-0028 rule 2: decision threshold / flag cutoff / stopping rule; no APA 7th source cited for this specific value -> required argument.,"Deprecation: keep alpha=None accepted only when explicitly passed for one minor release (DeprecationWarning), then remove; changelog Changed entry."
python,woodruff_sawyer_normal,keep,keep,Already conforms to ADR-0028 naming convention.,fast_mlsirm.classification,function,,,n/a,No defaulted parameters.,
python,woodruff_sawyer_sb,keep,keep,Already conforms to ADR-0028 naming convention.,fast_mlsirm.classification,function,,,n/a,No defaulted parameters.,
python,main,keep,keep,Already conforms to ADR-0028 naming convention.,fast_mlsirm.cli,function,argv,None,keep,"Out of ADR-0028 policy scope (not a precision control, decision threshold, seed, or model-choice parameter).",
python,FitConfig,keep,keep,Already conforms to ADR-0028 naming convention.,fast_mlsirm.config,class,backend,'auto',keep,"Out of ADR-0028 policy scope (not a precision control, decision threshold, seed, or model-choice parameter).",
python,FitConfig,keep,keep,Already conforms to ADR-0028 naming convention.,fast_mlsirm.config,class,eps_distance,1e-08,require,ADR-0028 rule 1: iteration/convergence precision control; no documented convergence-criterion source -> required argument.,"Deprecation: keep eps_distance=1e-08 accepted only when explicitly passed for one minor release (DeprecationWarning), then remove; changelog Changed entry."
python,FitConfig,keep,keep,Already conforms to ADR-0028 naming convention.,fast_mlsirm.config,class,estimator,'jmle',keep,"Out of ADR-0028 policy scope (not a precision control, decision threshold, seed, or model-choice parameter).",
python,FitConfig,keep,keep,Already conforms to ADR-0028 naming convention.,fast_mlsirm.config,class,gradient_clip,100.0,keep,"Out of ADR-0028 policy scope (not a precision control, decision threshold, seed, or model-choice parameter).",
python,FitConfig,keep,keep,Already conforms to ADR-0028 naming convention.,fast_mlsirm.config,class,init_gamma,1.0,keep,"Out of ADR-0028 policy scope (not a precision control, decision threshold, seed, or model-choice parameter).",
python,FitConfig,keep,keep,Already conforms to ADR-0028 naming convention.,fast_mlsirm.config,class,latent_dim,2,keep,"Out of ADR-0028 policy scope (not a precision control, decision threshold, seed, or model-choice parameter).",
python,FitConfig,keep,keep,Already conforms to ADR-0028 naming convention.,fast_mlsirm.config,class,lbfgs_history,10,keep,"Out of ADR-0028 policy scope (not a precision control, decision threshold, seed, or model-choice parameter).",
python,FitConfig,keep,keep,Already conforms to ADR-0028 naming convention.,fast_mlsirm.config,class,learning_rate,0.01,keep,"Out of ADR-0028 policy scope (not a precision control, decision threshold, seed, or model-choice parameter).",
python,FitConfig,keep,keep,Already conforms to ADR-0028 naming convention.,fast_mlsirm.config,class,m_steps,4,require,ADR-0028 rule 1: iteration/convergence precision control; no documented convergence-criterion source -> required argument.,"Deprecation: keep m_steps=4 accepted only when explicitly passed for one minor release (DeprecationWarning), then remove; changelog Changed entry."
python,FitConfig,keep,keep,Already conforms to ADR-0028 naming convention.,fast_mlsirm.config,class,max_iter,1000,require,ADR-0028 rule 1: iteration/convergence precision control; no documented convergence-criterion source -> required argument.,"Deprecation: keep max_iter=1000 accepted only when explicitly passed for one minor release (DeprecationWarning), then remove; changelog Changed entry."
python,FitConfig,keep,keep,Already conforms to ADR-0028 naming convention.,fast_mlsirm.config,class,model,'MLS2PLM',require,ADR-0028 rule 4: function is model-generic (not model-specific by name) -> model choice has no default.,"Deprecation: keep model='MLS2PLM' accepted only when explicitly passed for one minor release (DeprecationWarning), then remove; changelog Changed entry."
python,FitConfig,keep,keep,Already conforms to ADR-0028 naming convention.,fast_mlsirm.config,class,n_restarts,5,keep,"Out of ADR-0028 policy scope (not a precision control, decision threshold, seed, or model-choice parameter).",
python,FitConfig,keep,keep,Already conforms to ADR-0028 naming convention.,fast_mlsirm.config,class,optimizer,'adam_lbfgs',keep,"Out of ADR-0028 policy scope (not a precision control, decision threshold, seed, or model-choice parameter).",
python,FitConfig,keep,keep,Already conforms to ADR-0028 naming convention.,fast_mlsirm.config,class,penalty,"PenaltyConfig(lambda_theta=0.01, lambda_xi=0.01, lambda_zeta=0.01, lambda_b=0.001, lambda_alpha=0.001, lambda_tau=0.001, mu_alpha=0.0, mu_tau=0.0)",keep,"Out of ADR-0028 policy scope (not a precision control, decision threshold, seed, or model-choice parameter).",
python,FitConfig,keep,keep,Already conforms to ADR-0028 naming convention.,fast_mlsirm.config,class,q_theta,21,require,ADR-0028 rule 1: numerical-precision (quadrature node count) control; no in-repo citation for this value and/or below the AGENTS.md #1929 floor of 121 -> required argument.,"Deprecation: keep q_theta=21 accepted only when explicitly passed for one minor release (DeprecationWarning), then remove; changelog Changed entry."
python,FitConfig,keep,keep,Already conforms to ADR-0028 naming convention.,fast_mlsirm.config,class,q_u,15,require,ADR-0028 rule 1: numerical-precision (quadrature node count) control; no in-repo citation for this value and/or below the AGENTS.md #1929 floor of 121 -> required argument.,"Deprecation: keep q_u=15 accepted only when explicitly passed for one minor release (DeprecationWarning), then remove; changelog Changed entry."
python,FitConfig,keep,keep,Already conforms to ADR-0028 naming convention.,fast_mlsirm.config,class,q_xi,11,require,ADR-0028 rule 1: numerical-precision (quadrature node count) control; no in-repo citation for this value and/or below the AGENTS.md #1929 floor of 121 -> required argument.,"Deprecation: keep q_xi=11 accepted only when explicitly passed for one minor release (DeprecationWarning), then remove; changelog Changed entry."
python,FitConfig,keep,keep,Already conforms to ADR-0028 naming convention.,fast_mlsirm.config,class,rust_device,'auto',keep,"Out of ADR-0028 policy scope (not a precision control, decision threshold, seed, or model-choice parameter).",
python,FitConfig,keep,keep,Already conforms to ADR-0028 naming convention.,fast_mlsirm.config,class,seed,1,require,ADR-0028 rule 3: stochastic routines must not ship a default seed -> required argument.,"Deprecation: keep seed=1 accepted only when explicitly passed for one minor release (DeprecationWarning), then remove; changelog Changed entry."
python,FitConfig,keep,keep,Already conforms to ADR-0028 naming convention.,fast_mlsirm.config,class,tolerance,1e-06,require,ADR-0028 rule 1: iteration/convergence precision control; no documented convergence-criterion source -> required argument.,"Deprecation: keep tolerance=1e-06 accepted only when explicitly passed for one minor release (DeprecationWarning), then remove; changelog Changed entry."
python,FitConfig,keep,keep,Already conforms to ADR-0028 naming convention.,fast_mlsirm.config,class,verbose,0,keep,"Out of ADR-0028 policy scope (not a precision control, decision threshold, seed, or model-choice parameter).",
python,FitConfig,keep,keep,Already conforms to ADR-0028 naming convention.,fast_mlsirm.config,class,xi_points,256,require,ADR-0028 rule 1: numerical-precision (quadrature node count) control; no in-repo citation for this value and/or below the AGENTS.md #1929 floor of 121 -> required argument.,"Deprecation: keep xi_points=256 accepted only when explicitly passed for one minor release (DeprecationWarning), then remove; changelog Changed entry."
python,FitConfig,keep,keep,Already conforms to ADR-0028 naming convention.,fast_mlsirm.config,class,xi_rule,'gh',keep,"Out of ADR-0028 policy scope (not a precision control, decision threshold, seed, or model-choice parameter).",
python,FitConfig,keep,keep,Already conforms to ADR-0028 naming convention.,fast_mlsirm.config,class,xi_seed,0,require,ADR-0028 rule 3: stochastic routines must not ship a default seed -> required argument.,"Deprecation: keep xi_seed=0 accepted only when explicitly passed for one minor release (DeprecationWarning), then remove; changelog Changed entry."
python,FitConfig,keep,keep,Already conforms to ADR-0028 naming convention.,fast_mlsirm.config,class,zero_inflation,False,keep,"Out of ADR-0028 policy scope (not a precision control, decision threshold, seed, or model-choice parameter).",
python,MLS2PLMConfig,keep,keep,Already conforms to ADR-0028 naming convention.,fast_mlsirm.config,class,dtype,'float64',keep,"Out of ADR-0028 policy scope (not a precision control, decision threshold, seed, or model-choice parameter).",
python,MLS2PLMConfig,keep,keep,Already conforms to ADR-0028 naming convention.,fast_mlsirm.config,class,gamma,1.5,keep,"Out of ADR-0028 policy scope (not a precision control, decision threshold, seed, or model-choice parameter).",
python,MLS2PLMConfig,keep,keep,Already conforms to ADR-0028 naming convention.,fast_mlsirm.config,class,items_per_dim,8,keep,"Out of ADR-0028 policy scope (not a precision control, decision threshold, seed, or model-choice parameter).",
python,MLS2PLMConfig,keep,keep,Already conforms to ADR-0028 naming convention.,fast_mlsirm.config,class,latent_dim,2,keep,"Out of ADR-0028 policy scope (not a precision control, decision threshold, seed, or model-choice parameter).",
python,MLS2PLMConfig,keep,keep,Already conforms to ADR-0028 naming convention.,fast_mlsirm.config,class,n_dims,2,keep,"Out of ADR-0028 policy scope (not a precision control, decision threshold, seed, or model-choice parameter).",
python,MLS2PLMConfig,keep,keep,Already conforms to ADR-0028 naming convention.,fast_mlsirm.config,class,n_persons,500,keep,"Out of ADR-0028 policy scope (not a precision control, decision threshold, seed, or model-choice parameter).",
python,MLS2PLMConfig,keep,keep,Already conforms to ADR-0028 naming convention.,fast_mlsirm.config,class,phi,0.3,keep,"Out of ADR-0028 policy scope (not a precision control, decision threshold, seed, or model-choice parameter).",
python,MLS2PLMConfig,keep,keep,Already conforms to ADR-0028 naming convention.,fast_mlsirm.config,class,seed,1,require,ADR-0028 rule 3: stochastic routines must not ship a default seed -> required argument.,"Deprecation: keep seed=1 accepted only when explicitly passed for one minor release (DeprecationWarning), then remove; changelog Changed entry."
python,PenaltyConfig,keep,keep,Already conforms to ADR-0028 naming convention.,fast_mlsirm.config,class,lambda_alpha,0.001,keep,"Out of ADR-0028 policy scope (not a precision control, decision threshold, seed, or model-choice parameter).",
python,PenaltyConfig,keep,keep,Already conforms to ADR-0028 naming convention.,fast_mlsirm.config,class,lambda_b,0.001,keep,"Out of ADR-0028 policy scope (not a precision control, decision threshold, seed, or model-choice parameter).",
python,PenaltyConfig,keep,keep,Already conforms to ADR-0028 naming convention.,fast_mlsirm.config,class,lambda_tau,0.001,keep,"Out of ADR-0028 policy scope (not a precision control, decision threshold, seed, or model-choice parameter).",
python,PenaltyConfig,keep,keep,Already conforms to ADR-0028 naming convention.,fast_mlsirm.config,class,lambda_theta,0.01,keep,"Out of ADR-0028 policy scope (not a precision control, decision threshold, seed, or model-choice parameter).",
python,PenaltyConfig,keep,keep,Already conforms to ADR-0028 naming convention.,fast_mlsirm.config,class,lambda_xi,0.01,keep,"Out of ADR-0028 policy scope (not a precision control, decision threshold, seed, or model-choice parameter).",
python,PenaltyConfig,keep,keep,Already conforms to ADR-0028 naming convention.,fast_mlsirm.config,class,lambda_zeta,0.01,keep,"Out of ADR-0028 policy scope (not a precision control, decision threshold, seed, or model-choice parameter).",
python,PenaltyConfig,keep,keep,Already conforms to ADR-0028 naming convention.,fast_mlsirm.config,class,mu_alpha,0.0,keep,"Out of ADR-0028 policy scope (not a precision control, decision threshold, seed, or model-choice parameter).",
python,PenaltyConfig,keep,keep,Already conforms to ADR-0028 naming convention.,fast_mlsirm.config,class,mu_tau,0.0,keep,"Out of ADR-0028 policy scope (not a precision control, decision threshold, seed, or model-choice parameter).",
python,CrmFit,keep,keep,Already conforms to ADR-0028 naming convention.,fast_mlsirm.crm,class,final_delta,nan,keep,"Out of ADR-0028 policy scope (not a precision control, decision threshold, seed, or model-choice parameter).",
python,CrmFit,keep,keep,Already conforms to ADR-0028 naming convention.,fast_mlsirm.crm,class,stopping_tolerance,nan,keep,"Out of ADR-0028 policy scope (not a precision control, decision threshold, seed, or model-choice parameter).",
python,CrmFit,keep,keep,Already conforms to ADR-0028 naming convention.,fast_mlsirm.crm,class,termination_reason,'unknown',keep,"Out of ADR-0028 policy scope (not a precision control, decision threshold, seed, or model-choice parameter).",
python,fit_crm,keep,keep,Already conforms to ADR-0028 naming convention.,fast_mlsirm.crm,function,max_iter,500,require,ADR-0028 rule 1: iteration/convergence precision control; no documented convergence-criterion source -> required argument.,"Deprecation: keep max_iter=500 accepted only when explicitly passed for one minor release (DeprecationWarning), then remove; changelog Changed entry."
python,fit_crm,keep,keep,Already conforms to ADR-0028 naming convention.,fast_mlsirm.crm,function,q_theta,41,require,ADR-0028 rule 1: numerical-precision (quadrature node count) control; no in-repo citation for this value and/or below the AGENTS.md #1929 floor of 121 -> required argument.,"Deprecation: keep q_theta=41 accepted only when explicitly passed for one minor release (DeprecationWarning), then remove; changelog Changed entry."
python,fit_crm,keep,keep,Already conforms to ADR-0028 naming convention.,fast_mlsirm.crm,function,tol,1e-06,require,ADR-0028 rule 1: iteration/convergence precision control; no documented convergence-criterion source -> required argument.,"Deprecation: keep tol=1e-06 accepted only when explicitly passed for one minor release (DeprecationWarning), then remove; changelog Changed entry."
python,ComparisonEngine,keep,keep,Already conforms to ADR-0028 naming convention.,fast_mlsirm.cross_engine_conformance,class,,,n/a,No defaulted parameters.,
python,ConformanceCapability,keep,keep,Already conforms to ADR-0028 naming convention.,fast_mlsirm.cross_engine_conformance,class,schema_version,'1.0',keep,"Out of ADR-0028 policy scope (not a precision control, decision threshold, seed, or model-choice parameter).",
python,ConformanceCoverageStatus,keep,keep,Already conforms to ADR-0028 naming convention.,fast_mlsirm.cross_engine_conformance,class,,,n/a,No defaulted parameters.,
python,ConformanceEnvironmentKind,keep,keep,Already conforms to ADR-0028 naming convention.,fast_mlsirm.cross_engine_conformance,class,,,n/a,No defaulted parameters.,
python,ConformanceEvidence,keep,keep,Already conforms to ADR-0028 naming convention.,fast_mlsirm.cross_engine_conformance,class,artifact_sha256,None,keep,"Out of ADR-0028 policy scope (not a precision control, decision threshold, seed, or model-choice parameter).",
python,ConformanceEvidence,keep,keep,Already conforms to ADR-0028 naming convention.,fast_mlsirm.cross_engine_conformance,class,limitation,None,keep,"Out of ADR-0028 policy scope (not a precision control, decision threshold, seed, or model-choice parameter).",
python,ConformanceExecutionStatus,keep,keep,Already conforms to ADR-0028 naming convention.,fast_mlsirm.cross_engine_conformance,class,,,n/a,No defaulted parameters.,
python,ConformanceInventory,keep,keep,Already conforms to ADR-0028 naming convention.,fast_mlsirm.cross_engine_conformance,class,run_provenance,None,keep,"Out of ADR-0028 policy scope (not a precision control, decision threshold, seed, or model-choice parameter).",
python,ConformanceInventory,keep,keep,Already conforms to ADR-0028 naming convention.,fast_mlsirm.cross_engine_conformance,class,schema_version,'1.0',keep,"Out of ADR-0028 policy scope (not a precision control, decision threshold, seed, or model-choice parameter).",
python,ConformanceLayer,keep,keep,Already conforms to ADR-0028 naming convention.,fast_mlsirm.cross_engine_conformance,class,,,n/a,No defaulted parameters.,
python,ConformanceRedistributionStatus,keep,keep,Already conforms to ADR-0028 naming convention.,fast_mlsirm.cross_engine_conformance,class,,,n/a,No defaulted parameters.,
python,ConformanceRunProvenance,keep,keep,Already conforms to ADR-0028 naming convention.,fast_mlsirm.cross_engine_conformance,class,,,n/a,No defaulted parameters.,
python,render_conformance_long_form_json,keep,keep,Already conforms to ADR-0028 naming convention.,fast_mlsirm.cross_engine_report,function,,,n/a,No defaulted parameters.,
python,render_conformance_report,keep,keep,Already conforms to ADR-0028 naming convention.,fast_mlsirm.cross_engine_report,function,,,n/a,No defaulted parameters.,
python,DeltaPlotResult,keep,keep,Already conforms to ADR-0028 naming convention.,fast_mlsirm.deltaplot,class,,,n/a,No defaulted parameters.,
python,delta_plot,keep,keep,Already conforms to ADR-0028 naming convention.,fast_mlsirm.deltaplot,function,alpha,0.05,require,ADR-0028 rule 2: decision threshold / flag cutoff / stopping rule; no APA 7th source cited for this specific value -> required argument.,"Deprecation: keep alpha=0.05 accepted only when explicitly passed for one minor release (DeprecationWarning), then remove; changelog Changed entry."
python,delta_plot,keep,keep,Already conforms to ADR-0028 naming convention.,fast_mlsirm.deltaplot,function,const_range,"(0.001, 0.999)",keep,"Out of ADR-0028 policy scope (not a precision control, decision threshold, seed, or model-choice parameter).",
python,delta_plot,keep,keep,Already conforms to ADR-0028 naming convention.,fast_mlsirm.deltaplot,function,extreme,'constraint',keep,"Out of ADR-0028 policy scope (not a precision control, decision threshold, seed, or model-choice parameter).",
python,delta_plot,keep,keep,Already conforms to ADR-0028 naming convention.,fast_mlsirm.deltaplot,function,fixed_threshold,1.5,keep,"Out of ADR-0028 policy scope (not a precision control, decision threshold, seed, or model-choice parameter).",
python,delta_plot,keep,keep,Already conforms to ADR-0028 naming convention.,fast_mlsirm.deltaplot,function,max_iter,10,require,ADR-0028 rule 1: iteration/convergence precision control; no documented convergence-criterion source -> required argument.,"Deprecation: keep max_iter=10 accepted only when explicitly passed for one minor release (DeprecationWarning), then remove; changelog Changed entry."
python,delta_plot,keep,keep,Already conforms to ADR-0028 naming convention.,fast_mlsirm.deltaplot,function,nr_add,1,keep,"Out of ADR-0028 policy scope (not a precision control, decision threshold, seed, or model-choice parameter).",
python,delta_plot,keep,keep,Already conforms to ADR-0028 naming convention.,fast_mlsirm.deltaplot,function,purify,None,keep,"Out of ADR-0028 policy scope (not a precision control, decision threshold, seed, or model-choice parameter).",
python,delta_plot,keep,keep,Already conforms to ADR-0028 naming convention.,fast_mlsirm.deltaplot,function,threshold,'norm',keep,"Out of ADR-0028 policy scope (not a precision control, decision threshold, seed, or model-choice parameter).",
python,DetectResult,keep,keep,Already conforms to ADR-0028 naming convention.,fast_mlsirm.detect,class,,,n/a,No defaulted parameters.,
python,DimtestResult,keep,keep,Already conforms to ADR-0028 naming convention.,fast_mlsirm.detect,class,,,n/a,No defaulted parameters.,
python,detect_analysis,keep,keep,Already conforms to ADR-0028 naming convention.,fast_mlsirm.detect,function,,,n/a,No defaulted parameters.,
python,dimtest,keep,keep,Already conforms to ADR-0028 naming convention.,fast_mlsirm.detect,function,,,n/a,No defaulted parameters.,
python,align_latent_space,keep,keep,Already conforms to ADR-0028 naming convention.,fast_mlsirm.diagnostics,function,method,'procrustes',keep,"Out of ADR-0028 policy scope (not a precision control, decision threshold, seed, or model-choice parameter).",
python,dimensionality_diagnostics,keep,keep,Already conforms to ADR-0028 naming convention.,fast_mlsirm.diagnostics,function,config,None,keep,"Out of ADR-0028 policy scope (not a precision control, decision threshold, seed, or model-choice parameter).",
python,dimensionality_diagnostics,keep,keep,Already conforms to ADR-0028 naming convention.,fast_mlsirm.diagnostics,function,eps,1e-12,require,ADR-0028 rule 1: iteration/convergence precision control; no documented convergence-criterion source -> required argument.,"Deprecation: keep eps=1e-12 accepted only when explicitly passed for one minor release (DeprecationWarning), then remove; changelog Changed entry."
python,dimensionality_diagnostics,keep,keep,Already conforms to ADR-0028 naming convention.,fast_mlsirm.diagnostics,function,k_folds,5,require,ADR-0028 rule 1: replicate/bootstrap/draw count; no Monte-Carlo-error source cited -> required argument.,"Deprecation: keep k_folds=5 accepted only when explicitly passed for one minor release (DeprecationWarning), then remove; changelog Changed entry."
python,dimensionality_diagnostics,keep,keep,Already conforms to ADR-0028 naming convention.,fast_mlsirm.diagnostics,function,mask,None,keep,"Out of ADR-0028 policy scope (not a precision control, decision threshold, seed, or model-choice parameter).",
python,dimensionality_diagnostics,keep,keep,Already conforms to ADR-0028 naming convention.,fast_mlsirm.diagnostics,function,model,'MLS2PLM',require,ADR-0028 rule 4: function is model-generic (not model-specific by name) -> model choice has no default.,"Deprecation: keep model='MLS2PLM' accepted only when explicitly passed for one minor release (DeprecationWarning), then remove; changelog Changed entry."
python,dimensionality_diagnostics,keep,keep,Already conforms to ADR-0028 naming convention.,fast_mlsirm.diagnostics,function,require_experiment_readiness,False,keep,"Out of ADR-0028 policy scope (not a precision control, decision threshold, seed, or model-choice parameter).",
python,dimensionality_diagnostics,keep,keep,Already conforms to ADR-0028 naming convention.,fast_mlsirm.diagnostics,function,seed,1,require,ADR-0028 rule 3: stochastic routines must not ship a default seed -> required argument.,"Deprecation: keep seed=1 accepted only when explicitly passed for one minor release (DeprecationWarning), then remove; changelog Changed entry."
python,fit_diagnostics,keep,keep,Already conforms to ADR-0028 naming convention.,fast_mlsirm.diagnostics,function,cluster_id,None,keep,"Out of ADR-0028 policy scope (not a precision control, decision threshold, seed, or model-choice parameter).",
python,fit_diagnostics,keep,keep,Already conforms to ADR-0028 naming convention.,fast_mlsirm.diagnostics,function,convergence_status,None,keep,"Out of ADR-0028 policy scope (not a precision control, decision threshold, seed, or model-choice parameter).",
python,fit_diagnostics,keep,keep,Already conforms to ADR-0028 naming convention.,fast_mlsirm.diagnostics,function,eps,1e-12,require,ADR-0028 rule 1: iteration/convergence precision control; no documented convergence-criterion source -> required argument.,"Deprecation: keep eps=1e-12 accepted only when explicitly passed for one minor release (DeprecationWarning), then remove; changelog Changed entry."
python,fit_diagnostics,keep,keep,Already conforms to ADR-0028 naming convention.,fast_mlsirm.diagnostics,function,estimator,None,keep,"Out of ADR-0028 policy scope (not a precision control, decision threshold, seed, or model-choice parameter).",
python,fit_diagnostics,keep,keep,Already conforms to ADR-0028 naming convention.,fast_mlsirm.diagnostics,function,group_id,None,keep,"Out of ADR-0028 policy scope (not a precision control, decision threshold, seed, or model-choice parameter).",
python,fit_diagnostics,keep,keep,Already conforms to ADR-0028 naming convention.,fast_mlsirm.diagnostics,function,include_m2,False,keep,"Out of ADR-0028 policy scope (not a precision control, decision threshold, seed, or model-choice parameter).",
python,fit_diagnostics,keep,keep,Already conforms to ADR-0028 naming convention.,fast_mlsirm.diagnostics,function,m2_q_theta,21,require,ADR-0028 rule 1: numerical-precision (quadrature node count) control; no in-repo citation for this value and/or below the AGENTS.md #1929 floor of 121 -> required argument.,"Deprecation: keep m2_q_theta=21 accepted only when explicitly passed for one minor release (DeprecationWarning), then remove; changelog Changed entry."
python,fit_diagnostics,keep,keep,Already conforms to ADR-0028 naming convention.,fast_mlsirm.diagnostics,function,m2_q_u,11,require,ADR-0028 rule 1: numerical-precision (quadrature node count) control; no in-repo citation for this value and/or below the AGENTS.md #1929 floor of 121 -> required argument.,"Deprecation: keep m2_q_u=11 accepted only when explicitly passed for one minor release (DeprecationWarning), then remove; changelog Changed entry."
python,fit_diagnostics,keep,keep,Already conforms to ADR-0028 naming convention.,fast_mlsirm.diagnostics,function,m2_q_xi,11,require,ADR-0028 rule 1: numerical-precision (quadrature node count) control; no in-repo citation for this value and/or below the AGENTS.md #1929 floor of 121 -> required argument.,"Deprecation: keep m2_q_xi=11 accepted only when explicitly passed for one minor release (DeprecationWarning), then remove; changelog Changed entry."
python,fit_diagnostics,keep,keep,Already conforms to ADR-0028 naming convention.,fast_mlsirm.diagnostics,function,mask,None,keep,"Out of ADR-0028 policy scope (not a precision control, decision threshold, seed, or model-choice parameter).",
python,fit_diagnostics,keep,keep,Already conforms to ADR-0028 naming convention.,fast_mlsirm.diagnostics,function,model,'MLS2PLM',require,ADR-0028 rule 4: function is model-generic (not model-specific by name) -> model choice has no default.,"Deprecation: keep model='MLS2PLM' accepted only when explicitly passed for one minor release (DeprecationWarning), then remove; changelog Changed entry."
python,fit_diagnostics,keep,keep,Already conforms to ADR-0028 naming convention.,fast_mlsirm.diagnostics,function,parameter_count,None,keep,"Out of ADR-0028 policy scope (not a precision control, decision threshold, seed, or model-choice parameter).",
python,fit_diagnostics,keep,keep,Already conforms to ADR-0028 naming convention.,fast_mlsirm.diagnostics,function,population,None,keep,"Out of ADR-0028 policy scope (not a precision control, decision threshold, seed, or model-choice parameter).",
python,fixed_item_calibration_diagnostics,keep,keep,Already conforms to ADR-0028 naming convention.,fast_mlsirm.diagnostics,function,eps,1e-12,require,ADR-0028 rule 1: iteration/convergence precision control; no documented convergence-criterion source -> required argument.,"Deprecation: keep eps=1e-12 accepted only when explicitly passed for one minor release (DeprecationWarning), then remove; changelog Changed entry."
python,fixed_item_calibration_diagnostics,keep,keep,Already conforms to ADR-0028 naming convention.,fast_mlsirm.diagnostics,function,fixed_items,None,keep,"Out of ADR-0028 policy scope (not a precision control, decision threshold, seed, or model-choice parameter).",
python,fixed_item_calibration_diagnostics,keep,keep,Already conforms to ADR-0028 naming convention.,fast_mlsirm.diagnostics,function,item_type,'polytomous',keep,"Out of ADR-0028 policy scope (not a precision control, decision threshold, seed, or model-choice parameter).",
python,fixed_item_calibration_diagnostics,keep,keep,Already conforms to ADR-0028 naming convention.,fast_mlsirm.diagnostics,function,itemfit_penalty_weight,1.0,require,ADR-0028 rule 2: decision threshold / flag cutoff / stopping rule; no APA 7th source cited for this specific value -> required argument.,"Deprecation: keep itemfit_penalty_weight=1.0 accepted only when explicitly passed for one minor release (DeprecationWarning), then remove; changelog Changed entry."
python,fixed_item_calibration_diagnostics,keep,keep,Already conforms to ADR-0028 naming convention.,fast_mlsirm.diagnostics,function,mask,None,keep,"Out of ADR-0028 policy scope (not a precision control, decision threshold, seed, or model-choice parameter).",
python,fixed_item_calibration_diagnostics,keep,keep,Already conforms to ADR-0028 naming convention.,fast_mlsirm.diagnostics,function,response_process,'cumulative',keep,"Out of ADR-0028 policy scope (not a precision control, decision threshold, seed, or model-choice parameter).",
python,predict_proba,keep,keep,Already conforms to ADR-0028 naming convention.,fast_mlsirm.diagnostics,function,items,None,keep,"Out of ADR-0028 policy scope (not a precision control, decision threshold, seed, or model-choice parameter).",
python,predict_proba,keep,keep,Already conforms to ADR-0028 naming convention.,fast_mlsirm.diagnostics,function,model,'MLS2PLM',require,ADR-0028 rule 4: function is model-generic (not model-specific by name) -> model choice has no default.,"Deprecation: keep model='MLS2PLM' accepted only when explicitly passed for one minor release (DeprecationWarning), then remove; changelog Changed entry."
python,predict_proba,keep,keep,Already conforms to ADR-0028 naming convention.,fast_mlsirm.diagnostics,function,persons,None,keep,"Out of ADR-0028 policy scope (not a precision control, decision threshold, seed, or model-choice parameter).",
python,recovery_report,keep,keep,Already conforms to ADR-0028 naming convention.,fast_mlsirm.diagnostics,function,align,True,keep,"Out of ADR-0028 policy scope (not a precision control, decision threshold, seed, or model-choice parameter).",
python,response_process_dimensionality_diagnostics,keep,keep,Already conforms to ADR-0028 naming convention.,fast_mlsirm.diagnostics,function,eps,1e-12,require,ADR-0028 rule 1: iteration/convergence precision control; no documented convergence-criterion source -> required argument.,"Deprecation: keep eps=1e-12 accepted only when explicitly passed for one minor release (DeprecationWarning), then remove; changelog Changed entry."
python,response_process_dimensionality_diagnostics,keep,keep,Already conforms to ADR-0028 naming convention.,fast_mlsirm.diagnostics,function,item_type,'polytomous',keep,"Out of ADR-0028 policy scope (not a precision control, decision threshold, seed, or model-choice parameter).",
python,response_process_dimensionality_diagnostics,keep,keep,Already conforms to ADR-0028 naming convention.,fast_mlsirm.diagnostics,function,mask,None,keep,"Out of ADR-0028 policy scope (not a precision control, decision threshold, seed, or model-choice parameter).",
python,response_process_dimensionality_diagnostics,keep,keep,Already conforms to ADR-0028 naming convention.,fast_mlsirm.diagnostics,function,response_process,'cumulative',keep,"Out of ADR-0028 policy scope (not a precision control, decision threshold, seed, or model-choice parameter).",
python,response_process_fit_diagnostics,keep,keep,Already conforms to ADR-0028 naming convention.,fast_mlsirm.diagnostics,function,cluster_id,None,keep,"Out of ADR-0028 policy scope (not a precision control, decision threshold, seed, or model-choice parameter).",
python,response_process_fit_diagnostics,keep,keep,Already conforms to ADR-0028 naming convention.,fast_mlsirm.diagnostics,function,eps,1e-12,require,ADR-0028 rule 1: iteration/convergence precision control; no documented convergence-criterion source -> required argument.,"Deprecation: keep eps=1e-12 accepted only when explicitly passed for one minor release (DeprecationWarning), then remove; changelog Changed entry."
python,response_process_fit_diagnostics,keep,keep,Already conforms to ADR-0028 naming convention.,fast_mlsirm.diagnostics,function,group_id,None,keep,"Out of ADR-0028 policy scope (not a precision control, decision threshold, seed, or model-choice parameter).",
python,response_process_fit_diagnostics,keep,keep,Already conforms to ADR-0028 naming convention.,fast_mlsirm.diagnostics,function,item_type,'polytomous',keep,"Out of ADR-0028 policy scope (not a precision control, decision threshold, seed, or model-choice parameter).",
python,response_process_fit_diagnostics,keep,keep,Already conforms to ADR-0028 naming convention.,fast_mlsirm.diagnostics,function,mask,None,keep,"Out of ADR-0028 policy scope (not a precision control, decision threshold, seed, or model-choice parameter).",
python,response_process_fit_diagnostics,keep,keep,Already conforms to ADR-0028 naming convention.,fast_mlsirm.diagnostics,function,response_process,'cumulative',keep,"Out of ADR-0028 policy scope (not a precision control, decision threshold, seed, or model-choice parameter).",
python,breslow_day_dif,detect_dif_breslow_day,rename,"ADR-0028 naming convention: model/family token is a prefix immediately after the verb, scope qualifier (data shape) is a trailing suffix, verb always leads.",fast_mlsirm.dif,function,exclude_studied_item,False,keep,"Out of ADR-0028 policy scope (not a precision control, decision threshold, seed, or model-choice parameter).",
python,breslow_day_dif,detect_dif_breslow_day,rename,"ADR-0028 naming convention: model/family token is a prefix immediately after the verb, scope qualifier (data shape) is a trailing suffix, verb always leads.",fast_mlsirm.dif,function,fdr_q,0.05,require,ADR-0028 rule 2: decision threshold / flag cutoff / stopping rule; no APA 7th source cited for this specific value -> required argument.,"Deprecation: keep fdr_q=0.05 accepted only when explicitly passed for one minor release (DeprecationWarning), then remove; changelog Changed entry."
python,gmh_dif,detect_dif_gmh,rename,"ADR-0028 naming convention: model/family token is a prefix immediately after the verb, scope qualifier (data shape) is a trailing suffix, verb always leads.",fast_mlsirm.dif,function,,,n/a,No defaulted parameters.,
python,logistic_dif,detect_dif_logistic,rename,"ADR-0028 naming convention: model/family token is a prefix immediately after the verb, scope qualifier (data shape) is a trailing suffix, verb always leads.",fast_mlsirm.dif,function,exclude_studied_item,False,keep,"Out of ADR-0028 policy scope (not a precision control, decision threshold, seed, or model-choice parameter).",
python,logistic_dif,detect_dif_logistic,rename,"ADR-0028 naming convention: model/family token is a prefix immediately after the verb, scope qualifier (data shape) is a trailing suffix, verb always leads.",fast_mlsirm.dif,function,fdr_q,0.05,require,ADR-0028 rule 2: decision threshold / flag cutoff / stopping rule; no APA 7th source cited for this specific value -> required argument.,"Deprecation: keep fdr_q=0.05 accepted only when explicitly passed for one minor release (DeprecationWarning), then remove; changelog Changed entry."
python,logistic_dif,detect_dif_logistic,rename,"ADR-0028 naming convention: model/family token is a prefix immediately after the verb, scope qualifier (data shape) is a trailing suffix, verb always leads.",fast_mlsirm.dif,function,max_iter,50,require,ADR-0028 rule 1: iteration/convergence precision control; no documented convergence-criterion source -> required argument.,"Deprecation: keep max_iter=50 accepted only when explicitly passed for one minor release (DeprecationWarning), then remove; changelog Changed entry."
python,logistic_dif_purified,detect_dif_logistic_purified,rename,"ADR-0028 naming convention: model/family token is a prefix immediately after the verb, scope qualifier (data shape) is a trailing suffix, verb always leads.",fast_mlsirm.dif,function,exclude_studied_item,False,keep,"Out of ADR-0028 policy scope (not a precision control, decision threshold, seed, or model-choice parameter).",
python,logistic_dif_purified,detect_dif_logistic_purified,rename,"ADR-0028 naming convention: model/family token is a prefix immediately after the verb, scope qualifier (data shape) is a trailing suffix, verb always leads.",fast_mlsirm.dif,function,fdr_q,0.05,require,ADR-0028 rule 2: decision threshold / flag cutoff / stopping rule; no APA 7th source cited for this specific value -> required argument.,"Deprecation: keep fdr_q=0.05 accepted only when explicitly passed for one minor release (DeprecationWarning), then remove; changelog Changed entry."
python,logistic_dif_purified,detect_dif_logistic_purified,rename,"ADR-0028 naming convention: model/family token is a prefix immediately after the verb, scope qualifier (data shape) is a trailing suffix, verb always leads.",fast_mlsirm.dif,function,max_iter,50,require,ADR-0028 rule 1: iteration/convergence precision control; no documented convergence-criterion source -> required argument.,"Deprecation: keep max_iter=50 accepted only when explicitly passed for one minor release (DeprecationWarning), then remove; changelog Changed entry."
python,logistic_dif_purified,detect_dif_logistic_purified,rename,"ADR-0028 naming convention: model/family token is a prefix immediately after the verb, scope qualifier (data shape) is a trailing suffix, verb always leads.",fast_mlsirm.dif,function,max_rounds,3,require,ADR-0028 rule 2: decision threshold / flag cutoff / stopping rule; no APA 7th source cited for this specific value -> required argument.,"Deprecation: keep max_rounds=3 accepted only when explicitly passed for one minor release (DeprecationWarning), then remove; changelog Changed entry."
python,logistic_dif_purified,detect_dif_logistic_purified,rename,"ADR-0028 naming convention: model/family token is a prefix immediately after the verb, scope qualifier (data shape) is a trailing suffix, verb always leads.",fast_mlsirm.dif,function,min_anchor_items,4,require,ADR-0028 rule 2: decision threshold / flag cutoff / stopping rule; no APA 7th source cited for this specific value -> required argument.,"Deprecation: keep min_anchor_items=4 accepted only when explicitly passed for one minor release (DeprecationWarning), then remove; changelog Changed entry."
python,mantel_haenszel_dif,detect_dif_mantel_haenszel,rename,"ADR-0028 naming convention: model/family token is a prefix immediately after the verb, scope qualifier (data shape) is a trailing suffix, verb always leads.",fast_mlsirm.dif,function,exclude_studied_item,False,keep,"Out of ADR-0028 policy scope (not a precision control, decision threshold, seed, or model-choice parameter).",
python,mantel_haenszel_dif,detect_dif_mantel_haenszel,rename,"ADR-0028 naming convention: model/family token is a prefix immediately after the verb, scope qualifier (data shape) is a trailing suffix, verb always leads.",fast_mlsirm.dif,function,fdr_q,0.05,require,ADR-0028 rule 2: decision threshold / flag cutoff / stopping rule; no APA 7th source cited for this specific value -> required argument.,"Deprecation: keep fdr_q=0.05 accepted only when explicitly passed for one minor release (DeprecationWarning), then remove; changelog Changed entry."
python,mantel_haenszel_dif_purified,detect_dif_mantel_haenszel_purified,rename,"ADR-0028 naming convention: model/family token is a prefix immediately after the verb, scope qualifier (data shape) is a trailing suffix, verb always leads.",fast_mlsirm.dif,function,exclude_studied_item,False,keep,"Out of ADR-0028 policy scope (not a precision control, decision threshold, seed, or model-choice parameter).",
python,mantel_haenszel_dif_purified,detect_dif_mantel_haenszel_purified,rename,"ADR-0028 naming convention: model/family token is a prefix immediately after the verb, scope qualifier (data shape) is a trailing suffix, verb always leads.",fast_mlsirm.dif,function,fdr_q,0.05,require,ADR-0028 rule 2: decision threshold / flag cutoff / stopping rule; no APA 7th source cited for this specific value -> required argument.,"Deprecation: keep fdr_q=0.05 accepted only when explicitly passed for one minor release (DeprecationWarning), then remove; changelog Changed entry."
python,mantel_haenszel_dif_purified,detect_dif_mantel_haenszel_purified,rename,"ADR-0028 naming convention: model/family token is a prefix immediately after the verb, scope qualifier (data shape) is a trailing suffix, verb always leads.",fast_mlsirm.dif,function,max_rounds,3,require,ADR-0028 rule 2: decision threshold / flag cutoff / stopping rule; no APA 7th source cited for this specific value -> required argument.,"Deprecation: keep max_rounds=3 accepted only when explicitly passed for one minor release (DeprecationWarning), then remove; changelog Changed entry."
python,mantel_haenszel_dif_purified,detect_dif_mantel_haenszel_purified,rename,"ADR-0028 naming convention: model/family token is a prefix immediately after the verb, scope qualifier (data shape) is a trailing suffix, verb always leads.",fast_mlsirm.dif,function,min_anchor_items,4,require,ADR-0028 rule 2: decision threshold / flag cutoff / stopping rule; no APA 7th source cited for this specific value -> required argument.,"Deprecation: keep min_anchor_items=4 accepted only when explicitly passed for one minor release (DeprecationWarning), then remove; changelog Changed entry."
python,mantel_smd_dif,keep,keep,Already conforms to ADR-0028 naming convention.,fast_mlsirm.dif,function,,,n/a,No defaulted parameters.,
python,raju_area,keep,keep,Already conforms to ADR-0028 naming convention.,fast_mlsirm.dif,function,alpha,0.05,require,ADR-0028 rule 2: decision threshold / flag cutoff / stopping rule; no APA 7th source cited for this specific value -> required argument.,"Deprecation: keep alpha=0.05 accepted only when explicitly passed for one minor release (DeprecationWarning), then remove; changelog Changed entry."
python,raju_area,keep,keep,Already conforms to ADR-0028 naming convention.,fast_mlsirm.dif,function,guess,None,keep,"Out of ADR-0028 policy scope (not a precision control, decision threshold, seed, or model-choice parameter).",
python,raju_area,keep,keep,Already conforms to ADR-0028 naming convention.,fast_mlsirm.dif,function,signed,False,keep,"Out of ADR-0028 policy scope (not a precision control, decision threshold, seed, or model-choice parameter).",
python,sibtest,keep,keep,Already conforms to ADR-0028 naming convention.,fast_mlsirm.dif,function,fdr_q,0.05,require,ADR-0028 rule 2: decision threshold / flag cutoff / stopping rule; no APA 7th source cited for this specific value -> required argument.,"Deprecation: keep fdr_q=0.05 accepted only when explicitly passed for one minor release (DeprecationWarning), then remove; changelog Changed entry."
python,sibtest,keep,keep,Already conforms to ADR-0028 naming convention.,fast_mlsirm.dif,function,j_min,5,require,ADR-0028 rule 2: decision threshold / flag cutoff / stopping rule; no APA 7th source cited for this specific value -> required argument.,"Deprecation: keep j_min=5 accepted only when explicitly passed for one minor release (DeprecationWarning), then remove; changelog Changed entry."
python,EbDifResult,keep,keep,Already conforms to ADR-0028 naming convention.,fast_mlsirm.ebdif,class,,,n/a,No defaulted parameters.,
python,eb_mh_dif,keep,keep,Already conforms to ADR-0028 naming convention.,fast_mlsirm.ebdif,function,,,n/a,No defaulted parameters.,
python,CircleArcResult,keep,keep,Already conforms to ADR-0028 naming convention.,fast_mlsirm.equating,class,,,n/a,No defaulted parameters.,
python,EquateResult,keep,keep,Already conforms to ADR-0028 naming convention.,fast_mlsirm.equating,class,h_x,nan,keep,"Out of ADR-0028 policy scope (not a precision control, decision threshold, seed, or model-choice parameter).",
python,EquateResult,keep,keep,Already conforms to ADR-0028 naming convention.,fast_mlsirm.equating,class,h_y,nan,keep,"Out of ADR-0028 policy scope (not a precision control, decision threshold, seed, or model-choice parameter).",
python,circle_arc_equate,keep,keep,Already conforms to ADR-0028 naming convention.,fast_mlsirm.equating,function,method,'arc2',keep,"Out of ADR-0028 policy scope (not a precision control, decision threshold, seed, or model-choice parameter).",
python,circle_arc_middle_anchor,keep,keep,Already conforms to ADR-0028 naming convention.,fast_mlsirm.equating,function,,,n/a,No defaulted parameters.,
python,composite_linking,keep,keep,Already conforms to ADR-0028 naming convention.,fast_mlsirm.equating,function,p,1.0,keep,"Out of ADR-0028 policy scope (not a precision control, decision threshold, seed, or model-choice parameter).",
python,composite_linking,keep,keep,Already conforms to ADR-0028 naming convention.,fast_mlsirm.equating,function,slopes,None,keep,"Out of ADR-0028 policy scope (not a precision control, decision threshold, seed, or model-choice parameter).",
python,equate_neat,keep,keep,Already conforms to ADR-0028 naming convention.,fast_mlsirm.equating,function,k_v,None,keep,"Out of ADR-0028 policy scope (not a precision control, decision threshold, seed, or model-choice parameter).",
python,equate_neat,keep,keep,Already conforms to ADR-0028 naming convention.,fast_mlsirm.equating,function,k_x,None,keep,"Out of ADR-0028 policy scope (not a precision control, decision threshold, seed, or model-choice parameter).",
python,equate_neat,keep,keep,Already conforms to ADR-0028 naming convention.,fast_mlsirm.equating,function,k_y,None,keep,"Out of ADR-0028 policy scope (not a precision control, decision threshold, seed, or model-choice parameter).",
python,equate_neat,keep,keep,Already conforms to ADR-0028 naming convention.,fast_mlsirm.equating,function,method,'chained',keep,"Out of ADR-0028 policy scope (not a precision control, decision threshold, seed, or model-choice parameter).",
python,equate_neat,keep,keep,Already conforms to ADR-0028 naming convention.,fast_mlsirm.equating,function,w1,0.5,keep,"Out of ADR-0028 policy scope (not a precision control, decision threshold, seed, or model-choice parameter).",
python,equate_neat_linear,keep,keep,Already conforms to ADR-0028 naming convention.,fast_mlsirm.equating,function,anchor_kind,'internal',keep,"Out of ADR-0028 policy scope (not a precision control, decision threshold, seed, or model-choice parameter).",
python,equate_neat_linear,keep,keep,Already conforms to ADR-0028 naming convention.,fast_mlsirm.equating,function,k_x,None,keep,"Out of ADR-0028 policy scope (not a precision control, decision threshold, seed, or model-choice parameter).",
python,equate_neat_linear,keep,keep,Already conforms to ADR-0028 naming convention.,fast_mlsirm.equating,function,k_y,None,keep,"Out of ADR-0028 policy scope (not a precision control, decision threshold, seed, or model-choice parameter).",
python,equate_neat_linear,keep,keep,Already conforms to ADR-0028 naming convention.,fast_mlsirm.equating,function,method,'tucker',keep,"Out of ADR-0028 policy scope (not a precision control, decision threshold, seed, or model-choice parameter).",
python,equate_neat_linear,keep,keep,Already conforms to ADR-0028 naming convention.,fast_mlsirm.equating,function,w1,0.5,keep,"Out of ADR-0028 policy scope (not a precision control, decision threshold, seed, or model-choice parameter).",
python,equate_observed_scores,keep,keep,Already conforms to ADR-0028 naming convention.,fast_mlsirm.equating,function,k_x,None,keep,"Out of ADR-0028 policy scope (not a precision control, decision threshold, seed, or model-choice parameter).",
python,equate_observed_scores,keep,keep,Already conforms to ADR-0028 naming convention.,fast_mlsirm.equating,function,k_y,None,keep,"Out of ADR-0028 policy scope (not a precision control, decision threshold, seed, or model-choice parameter).",
python,equate_observed_scores,keep,keep,Already conforms to ADR-0028 naming convention.,fast_mlsirm.equating,function,method,'equipercentile',keep,"Out of ADR-0028 policy scope (not a precision control, decision threshold, seed, or model-choice parameter).",
python,equate_observed_scores_kernel,keep,keep,Already conforms to ADR-0028 naming convention.,fast_mlsirm.equating,function,bandwidth_x,None,keep,"Out of ADR-0028 policy scope (not a precision control, decision threshold, seed, or model-choice parameter).",
python,equate_observed_scores_kernel,keep,keep,Already conforms to ADR-0028 naming convention.,fast_mlsirm.equating,function,bandwidth_y,None,keep,"Out of ADR-0028 policy scope (not a precision control, decision threshold, seed, or model-choice parameter).",
python,equate_observed_scores_kernel,keep,keep,Already conforms to ADR-0028 naming convention.,fast_mlsirm.equating,function,continuization,'gaussian',keep,"Out of ADR-0028 policy scope (not a precision control, decision threshold, seed, or model-choice parameter).",
python,equate_observed_scores_kernel,keep,keep,Already conforms to ADR-0028 naming convention.,fast_mlsirm.equating,function,k_x,None,keep,"Out of ADR-0028 policy scope (not a precision control, decision threshold, seed, or model-choice parameter).",
python,equate_observed_scores_kernel,keep,keep,Already conforms to ADR-0028 naming convention.,fast_mlsirm.equating,function,k_y,None,keep,"Out of ADR-0028 policy scope (not a precision control, decision threshold, seed, or model-choice parameter).",
python,equate_observed_scores_kernel,keep,keep,Already conforms to ADR-0028 naming convention.,fast_mlsirm.equating,function,smooth_x,None,keep,"Out of ADR-0028 policy scope (not a precision control, decision threshold, seed, or model-choice parameter).",
python,equate_observed_scores_kernel,keep,keep,Already conforms to ADR-0028 naming convention.,fast_mlsirm.equating,function,smooth_y,None,keep,"Out of ADR-0028 policy scope (not a precision control, decision threshold, seed, or model-choice parameter).",
python,equating_standard_errors,keep,keep,Already conforms to ADR-0028 naming convention.,fast_mlsirm.equating,function,ci_level,0.95,keep,"Out of ADR-0028 policy scope (not a precision control, decision threshold, seed, or model-choice parameter).",
python,equating_standard_errors,keep,keep,Already conforms to ADR-0028 naming convention.,fast_mlsirm.equating,function,k_x,None,keep,"Out of ADR-0028 policy scope (not a precision control, decision threshold, seed, or model-choice parameter).",
python,equating_standard_errors,keep,keep,Already conforms to ADR-0028 naming convention.,fast_mlsirm.equating,function,k_y,None,keep,"Out of ADR-0028 policy scope (not a precision control, decision threshold, seed, or model-choice parameter).",
python,equating_standard_errors,keep,keep,Already conforms to ADR-0028 naming convention.,fast_mlsirm.equating,function,method,'equipercentile',keep,"Out of ADR-0028 policy scope (not a precision control, decision threshold, seed, or model-choice parameter).",
python,equating_standard_errors,keep,keep,Already conforms to ADR-0028 naming convention.,fast_mlsirm.equating,function,n_boot,1000,require,ADR-0028 rule 1: replicate/bootstrap/draw count; no Monte-Carlo-error source cited -> required argument.,"Deprecation: keep n_boot=1000 accepted only when explicitly passed for one minor release (DeprecationWarning), then remove; changelog Changed entry."
python,equating_standard_errors,keep,keep,Already conforms to ADR-0028 naming convention.,fast_mlsirm.equating,function,route,'bootstrap',keep,"Out of ADR-0028 policy scope (not a precision control, decision threshold, seed, or model-choice parameter).",
python,equating_standard_errors,keep,keep,Already conforms to ADR-0028 naming convention.,fast_mlsirm.equating,function,seed,0,require,ADR-0028 rule 3: stochastic routines must not ship a default seed -> required argument.,"Deprecation: keep seed=0 accepted only when explicitly passed for one minor release (DeprecationWarning), then remove; changelog Changed entry."
python,loglinear_smooth,keep,keep,Already conforms to ADR-0028 naming convention.,fast_mlsirm.equating,function,degree,6,keep,"Out of ADR-0028 policy scope (not a precision control, decision threshold, seed, or model-choice parameter).",
python,nominal_weights_mean_equate,keep,keep,Already conforms to ADR-0028 naming convention.,fast_mlsirm.equating,function,w1,0.5,keep,"Out of ADR-0028 policy scope (not a precision control, decision threshold, seed, or model-choice parameter).",
python,category_logprobs,keep,keep,Already conforms to ADR-0028 naming convention.,fast_mlsirm.estimators.marginal,function,,,n/a,No defaulted parameters.,
python,fit_gpcm_numpy,keep,keep,Already conforms to ADR-0028 naming convention.,fast_mlsirm.estimators.marginal,function,max_iter,80,require,ADR-0028 rule 1: iteration/convergence precision control; no documented convergence-criterion source -> required argument.,"Deprecation: keep max_iter=80 accepted only when explicitly passed for one minor release (DeprecationWarning), then remove; changelog Changed entry."
python,fit_gpcm_numpy,keep,keep,Already conforms to ADR-0028 naming convention.,fast_mlsirm.estimators.marginal,function,q_theta,21,require,ADR-0028 rule 1: numerical-precision (quadrature node count) control; no in-repo citation for this value and/or below the AGENTS.md #1929 floor of 121 -> required argument.,"Deprecation: keep q_theta=21 accepted only when explicitly passed for one minor release (DeprecationWarning), then remove; changelog Changed entry."
python,fit_gpcm_numpy,keep,keep,Already conforms to ADR-0028 naming convention.,fast_mlsirm.estimators.marginal,function,tol,1e-06,require,ADR-0028 rule 1: iteration/convergence precision control; no documented convergence-criterion source -> required argument.,"Deprecation: keep tol=1e-06 accepted only when explicitly passed for one minor release (DeprecationWarning), then remove; changelog Changed entry."
python,fit_marginal_numpy,keep,keep,Already conforms to ADR-0028 naming convention.,fast_mlsirm.estimators.marginal,function,anchors,None,keep,"Out of ADR-0028 policy scope (not a precision control, decision threshold, seed, or model-choice parameter).",
python,fit_marginal_numpy,keep,keep,Already conforms to ADR-0028 naming convention.,fast_mlsirm.estimators.marginal,function,covariate,None,keep,"Out of ADR-0028 policy scope (not a precision control, decision threshold, seed, or model-choice parameter).",
python,fit_marginal_numpy,keep,keep,Already conforms to ADR-0028 naming convention.,fast_mlsirm.estimators.marginal,function,eps_distance,1e-08,require,ADR-0028 rule 1: iteration/convergence precision control; no documented convergence-criterion source -> required argument.,"Deprecation: keep eps_distance=1e-08 accepted only when explicitly passed for one minor release (DeprecationWarning), then remove; changelog Changed entry."
python,fit_marginal_numpy,keep,keep,Already conforms to ADR-0028 naming convention.,fast_mlsirm.estimators.marginal,function,init_sigma_u,0.3,keep,"Out of ADR-0028 policy scope (not a precision control, decision threshold, seed, or model-choice parameter).",
python,fit_marginal_numpy,keep,keep,Already conforms to ADR-0028 naming convention.,fast_mlsirm.estimators.marginal,function,init_zeta_radius,0.5,keep,"Out of ADR-0028 policy scope (not a precision control, decision threshold, seed, or model-choice parameter).",
python,fit_marginal_numpy,keep,keep,Already conforms to ADR-0028 naming convention.,fast_mlsirm.estimators.marginal,function,latent_dim,2,keep,"Out of ADR-0028 policy scope (not a precision control, decision threshold, seed, or model-choice parameter).",
python,fit_marginal_numpy,keep,keep,Already conforms to ADR-0028 naming convention.,fast_mlsirm.estimators.marginal,function,m_steps,4,require,ADR-0028 rule 1: iteration/convergence precision control; no documented convergence-criterion source -> required argument.,"Deprecation: keep m_steps=4 accepted only when explicitly passed for one minor release (DeprecationWarning), then remove; changelog Changed entry."
python,fit_marginal_numpy,keep,keep,Already conforms to ADR-0028 naming convention.,fast_mlsirm.estimators.marginal,function,max_iter,200,require,ADR-0028 rule 1: iteration/convergence precision control; no documented convergence-criterion source -> required argument.,"Deprecation: keep max_iter=200 accepted only when explicitly passed for one minor release (DeprecationWarning), then remove; changelog Changed entry."
python,fit_marginal_numpy,keep,keep,Already conforms to ADR-0028 naming convention.,fast_mlsirm.estimators.marginal,function,model,'MLS2PLM',require,ADR-0028 rule 4: function is model-generic (not model-specific by name) -> model choice has no default.,"Deprecation: keep model='MLS2PLM' accepted only when explicitly passed for one minor release (DeprecationWarning), then remove; changelog Changed entry."
python,fit_marginal_numpy,keep,keep,Already conforms to ADR-0028 naming convention.,fast_mlsirm.estimators.marginal,function,n_dims,None,keep,"Out of ADR-0028 policy scope (not a precision control, decision threshold, seed, or model-choice parameter).",
python,fit_marginal_numpy,keep,keep,Already conforms to ADR-0028 naming convention.,fast_mlsirm.estimators.marginal,function,penalty,None,keep,"Out of ADR-0028 policy scope (not a precision control, decision threshold, seed, or model-choice parameter).",
python,fit_marginal_numpy,keep,keep,Already conforms to ADR-0028 naming convention.,fast_mlsirm.estimators.marginal,function,pop,None,keep,"Out of ADR-0028 policy scope (not a precision control, decision threshold, seed, or model-choice parameter).",
python,fit_marginal_numpy,keep,keep,Already conforms to ADR-0028 naming convention.,fast_mlsirm.estimators.marginal,function,q_theta,21,require,ADR-0028 rule 1: numerical-precision (quadrature node count) control; no in-repo citation for this value and/or below the AGENTS.md #1929 floor of 121 -> required argument.,"Deprecation: keep q_theta=21 accepted only when explicitly passed for one minor release (DeprecationWarning), then remove; changelog Changed entry."
python,fit_marginal_numpy,keep,keep,Already conforms to ADR-0028 naming convention.,fast_mlsirm.estimators.marginal,function,q_u,15,require,ADR-0028 rule 1: numerical-precision (quadrature node count) control; no in-repo citation for this value and/or below the AGENTS.md #1929 floor of 121 -> required argument.,"Deprecation: keep q_u=15 accepted only when explicitly passed for one minor release (DeprecationWarning), then remove; changelog Changed entry."
python,fit_marginal_numpy,keep,keep,Already conforms to ADR-0028 naming convention.,fast_mlsirm.estimators.marginal,function,q_xi,11,require,ADR-0028 rule 1: numerical-precision (quadrature node count) control; no in-repo citation for this value and/or below the AGENTS.md #1929 floor of 121 -> required argument.,"Deprecation: keep q_xi=11 accepted only when explicitly passed for one minor release (DeprecationWarning), then remove; changelog Changed entry."
python,fit_marginal_numpy,keep,keep,Already conforms to ADR-0028 naming convention.,fast_mlsirm.estimators.marginal,function,tol,1e-05,require,ADR-0028 rule 1: iteration/convergence precision control; no documented convergence-criterion source -> required argument.,"Deprecation: keep tol=1e-05 accepted only when explicitly passed for one minor release (DeprecationWarning), then remove; changelog Changed entry."
python,fit_marginal_numpy,keep,keep,Already conforms to ADR-0028 naming convention.,fast_mlsirm.estimators.marginal,function,xi_points,256,require,ADR-0028 rule 1: numerical-precision (quadrature node count) control; no in-repo citation for this value and/or below the AGENTS.md #1929 floor of 121 -> required argument.,"Deprecation: keep xi_points=256 accepted only when explicitly passed for one minor release (DeprecationWarning), then remove; changelog Changed entry."
python,fit_marginal_numpy,keep,keep,Already conforms to ADR-0028 naming convention.,fast_mlsirm.estimators.marginal,function,xi_rule,'gh',keep,"Out of ADR-0028 policy scope (not a precision control, decision threshold, seed, or model-choice parameter).",
python,fit_marginal_numpy,keep,keep,Already conforms to ADR-0028 naming convention.,fast_mlsirm.estimators.marginal,function,xi_seed,0,require,ADR-0028 rule 3: stochastic routines must not ship a default seed -> required argument.,"Deprecation: keep xi_seed=0 accepted only when explicitly passed for one minor release (DeprecationWarning), then remove; changelog Changed entry."
python,fit_marginal_numpy,keep,keep,Already conforms to ADR-0028 naming convention.,fast_mlsirm.estimators.marginal,function,zero_inflation,False,keep,"Out of ADR-0028 policy scope (not a precision control, decision threshold, seed, or model-choice parameter).",
python,gpcm_node_gradient,keep,keep,Already conforms to ADR-0028 naming convention.,fast_mlsirm.estimators.marginal,function,,,n/a,No defaulted parameters.,
python,grm_category_logprobs,keep,keep,Already conforms to ADR-0028 naming convention.,fast_mlsirm.estimators.marginal,function,,,n/a,No defaulted parameters.,
python,score_eap,keep,keep,Already conforms to ADR-0028 naming convention.,fast_mlsirm.estimators.marginal,function,eps_distance,1e-08,require,ADR-0028 rule 1: iteration/convergence precision control; no documented convergence-criterion source -> required argument.,"Deprecation: keep eps_distance=1e-08 accepted only when explicitly passed for one minor release (DeprecationWarning), then remove; changelog Changed entry."
python,score_eap,keep,keep,Already conforms to ADR-0028 naming convention.,fast_mlsirm.estimators.marginal,function,model,'MLS2PLM',require,ADR-0028 rule 4: function is model-generic (not model-specific by name) -> model choice has no default.,"Deprecation: keep model='MLS2PLM' accepted only when explicitly passed for one minor release (DeprecationWarning), then remove; changelog Changed entry."
python,score_eap,keep,keep,Already conforms to ADR-0028 naming convention.,fast_mlsirm.estimators.marginal,function,n_dims,None,keep,"Out of ADR-0028 policy scope (not a precision control, decision threshold, seed, or model-choice parameter).",
python,score_eap,keep,keep,Already conforms to ADR-0028 naming convention.,fast_mlsirm.estimators.marginal,function,q_theta,21,require,ADR-0028 rule 1: numerical-precision (quadrature node count) control; no in-repo citation for this value and/or below the AGENTS.md #1929 floor of 121 -> required argument.,"Deprecation: keep q_theta=21 accepted only when explicitly passed for one minor release (DeprecationWarning), then remove; changelog Changed entry."
python,score_eap,keep,keep,Already conforms to ADR-0028 naming convention.,fast_mlsirm.estimators.marginal,function,q_xi,11,require,ADR-0028 rule 1: numerical-precision (quadrature node count) control; no in-repo citation for this value and/or below the AGENTS.md #1929 floor of 121 -> required argument.,"Deprecation: keep q_xi=11 accepted only when explicitly passed for one minor release (DeprecationWarning), then remove; changelog Changed entry."
python,fit_mmle_2pl,keep,keep,Already conforms to ADR-0028 naming convention.,fast_mlsirm.estimators.mmle,function,max_iter,500,require,ADR-0028 rule 1: iteration/convergence precision control; no documented convergence-criterion source -> required argument.,"Deprecation: keep max_iter=500 accepted only when explicitly passed for one minor release (DeprecationWarning), then remove; changelog Changed entry."
python,fit_mmle_2pl,keep,keep,Already conforms to ADR-0028 naming convention.,fast_mlsirm.estimators.mmle,function,n_nodes,41,require,ADR-0028 rule 1: numerical-precision (quadrature node count) control; no in-repo citation for this value and/or below the AGENTS.md #1929 floor of 121 -> required argument.,"Deprecation: keep n_nodes=41 accepted only when explicitly passed for one minor release (DeprecationWarning), then remove; changelog Changed entry."
python,fit_mmle_2pl,keep,keep,Already conforms to ADR-0028 naming convention.,fast_mlsirm.estimators.mmle,function,ridge_a,0.001,keep,"Out of ADR-0028 policy scope (not a precision control, decision threshold, seed, or model-choice parameter).",
python,fit_mmle_2pl,keep,keep,Already conforms to ADR-0028 naming convention.,fast_mlsirm.estimators.mmle,function,ridge_b,0.001,keep,"Out of ADR-0028 policy scope (not a precision control, decision threshold, seed, or model-choice parameter).",
python,fit_mmle_2pl,keep,keep,Already conforms to ADR-0028 naming convention.,fast_mlsirm.estimators.mmle,function,seed,1,require,ADR-0028 rule 3: stochastic routines must not ship a default seed -> required argument.,"Deprecation: keep seed=1 accepted only when explicitly passed for one minor release (DeprecationWarning), then remove; changelog Changed entry."
python,fit_mmle_2pl,keep,keep,Already conforms to ADR-0028 naming convention.,fast_mlsirm.estimators.mmle,function,tol,1e-06,require,ADR-0028 rule 1: iteration/convergence precision control; no documented convergence-criterion source -> required argument.,"Deprecation: keep tol=1e-06 accepted only when explicitly passed for one minor release (DeprecationWarning), then remove; changelog Changed entry."
python,gauss_hermite_nodes,keep,keep,Already conforms to ADR-0028 naming convention.,fast_mlsirm.estimators.mmle,function,,,n/a,No defaulted parameters.,
python,AStratifiedResult,keep,keep,Already conforms to ADR-0028 naming convention.,fast_mlsirm.exposure,class,,,n/a,No defaulted parameters.,
python,SympsonHetterResult,keep,keep,Already conforms to ADR-0028 naming convention.,fast_mlsirm.exposure,class,,,n/a,No defaulted parameters.,
python,a_stratified,keep,keep,Already conforms to ADR-0028 naming convention.,fast_mlsirm.exposure,function,c,None,keep,"Out of ADR-0028 policy scope (not a precision control, decision threshold, seed, or model-choice parameter).",
python,a_stratified,keep,keep,Already conforms to ADR-0028 naming convention.,fast_mlsirm.exposure,function,n_simulees,1000,keep,"Out of ADR-0028 policy scope (not a precision control, decision threshold, seed, or model-choice parameter).",
python,a_stratified,keep,keep,Already conforms to ADR-0028 naming convention.,fast_mlsirm.exposure,function,n_strata,4,keep,"Out of ADR-0028 policy scope (not a precision control, decision threshold, seed, or model-choice parameter).",
python,a_stratified,keep,keep,Already conforms to ADR-0028 naming convention.,fast_mlsirm.exposure,function,q_theta,41,require,ADR-0028 rule 1: numerical-precision (quadrature node count) control; no in-repo citation for this value and/or below the AGENTS.md #1929 floor of 121 -> required argument.,"Deprecation: keep q_theta=41 accepted only when explicitly passed for one minor release (DeprecationWarning), then remove; changelog Changed entry."
python,a_stratified,keep,keep,Already conforms to ADR-0028 naming convention.,fast_mlsirm.exposure,function,seed,20250724,require,ADR-0028 rule 3: stochastic routines must not ship a default seed -> required argument.,"Deprecation: keep seed=20250724 accepted only when explicitly passed for one minor release (DeprecationWarning), then remove; changelog Changed entry."
python,a_stratified,keep,keep,Already conforms to ADR-0028 naming convention.,fast_mlsirm.exposure,function,test_length,20,keep,"Out of ADR-0028 policy scope (not a precision control, decision threshold, seed, or model-choice parameter).",
python,ccat_select,keep,keep,Already conforms to ADR-0028 naming convention.,fast_mlsirm.exposure,function,c,None,keep,"Out of ADR-0028 policy scope (not a precision control, decision threshold, seed, or model-choice parameter).",
python,ci_classify,keep,keep,Already conforms to ADR-0028 naming convention.,fast_mlsirm.exposure,function,c,None,keep,"Out of ADR-0028 policy scope (not a precision control, decision threshold, seed, or model-choice parameter).",
python,epv_select,keep,keep,Already conforms to ADR-0028 naming convention.,fast_mlsirm.exposure,function,c,None,keep,"Out of ADR-0028 policy scope (not a precision control, decision threshold, seed, or model-choice parameter).",
python,flexilevel_administer,keep,keep,Already conforms to ADR-0028 naming convention.,fast_mlsirm.exposure,function,,,n/a,No defaulted parameters.,
python,flexilevel_score_distribution,keep,keep,Already conforms to ADR-0028 naming convention.,fast_mlsirm.exposure,function,,,n/a,No defaulted parameters.,
python,kl_information,keep,keep,Already conforms to ADR-0028 naming convention.,fast_mlsirm.exposure,function,c,None,keep,"Out of ADR-0028 policy scope (not a precision control, decision threshold, seed, or model-choice parameter).",
python,kl_select,keep,keep,Already conforms to ADR-0028 naming convention.,fast_mlsirm.exposure,function,c,None,keep,"Out of ADR-0028 policy scope (not a precision control, decision threshold, seed, or model-choice parameter).",
python,kl_select,keep,keep,Already conforms to ADR-0028 naming convention.,fast_mlsirm.exposure,function,r,3.0,keep,"Out of ADR-0028 policy scope (not a precision control, decision threshold, seed, or model-choice parameter).",
python,owen_cat,keep,keep,Already conforms to ADR-0028 naming convention.,fast_mlsirm.exposure,function,c,None,keep,"Out of ADR-0028 policy scope (not a precision control, decision threshold, seed, or model-choice parameter).",
python,owen_cat,keep,keep,Already conforms to ADR-0028 naming convention.,fast_mlsirm.exposure,function,mu0,0.0,keep,"Out of ADR-0028 policy scope (not a precision control, decision threshold, seed, or model-choice parameter).",
python,owen_cat,keep,keep,Already conforms to ADR-0028 naming convention.,fast_mlsirm.exposure,function,sig2_0,1.0,keep,"Out of ADR-0028 policy scope (not a precision control, decision threshold, seed, or model-choice parameter).",
python,owen_cat,keep,keep,Already conforms to ADR-0028 naming convention.,fast_mlsirm.exposure,function,sig2_stop,None,require,ADR-0028 rule 1: iteration/convergence precision control; no documented convergence-criterion source -> required argument.,"Deprecation: keep sig2_stop=None accepted only when explicitly passed for one minor release (DeprecationWarning), then remove; changelog Changed entry."
python,owen_update,keep,keep,Already conforms to ADR-0028 naming convention.,fast_mlsirm.exposure,function,c,0.0,keep,"Out of ADR-0028 policy scope (not a precision control, decision threshold, seed, or model-choice parameter).",
python,pyramidal_administer,keep,keep,Already conforms to ADR-0028 naming convention.,fast_mlsirm.exposure,function,b_next,None,keep,"Out of ADR-0028 policy scope (not a precision control, decision threshold, seed, or model-choice parameter).",
python,sprt_classify,keep,keep,Already conforms to ADR-0028 naming convention.,fast_mlsirm.exposure,function,alpha,0.05,require,ADR-0028 rule 2: decision threshold / flag cutoff / stopping rule; no APA 7th source cited for this specific value -> required argument.,"Deprecation: keep alpha=0.05 accepted only when explicitly passed for one minor release (DeprecationWarning), then remove; changelog Changed entry."
python,sprt_classify,keep,keep,Already conforms to ADR-0028 naming convention.,fast_mlsirm.exposure,function,beta,0.05,keep,"Out of ADR-0028 policy scope (not a precision control, decision threshold, seed, or model-choice parameter).",
python,sprt_classify,keep,keep,Already conforms to ADR-0028 naming convention.,fast_mlsirm.exposure,function,c,None,keep,"Out of ADR-0028 policy scope (not a precision control, decision threshold, seed, or model-choice parameter).",
python,stradaptive_administer,keep,keep,Already conforms to ADR-0028 naming convention.,fast_mlsirm.exposure,function,max_items,40,keep,"Out of ADR-0028 policy scope (not a precision control, decision threshold, seed, or model-choice parameter).",
python,stradaptive_administer,keep,keep,Already conforms to ADR-0028 naming convention.,fast_mlsirm.exposure,function,min_items,5,keep,"Out of ADR-0028 policy scope (not a precision control, decision threshold, seed, or model-choice parameter).",
python,sympson_hetter,keep,keep,Already conforms to ADR-0028 naming convention.,fast_mlsirm.exposure,function,c,None,keep,"Out of ADR-0028 policy scope (not a precision control, decision threshold, seed, or model-choice parameter).",
python,sympson_hetter,keep,keep,Already conforms to ADR-0028 naming convention.,fast_mlsirm.exposure,function,max_iter,20,require,ADR-0028 rule 1: iteration/convergence precision control; no documented convergence-criterion source -> required argument.,"Deprecation: keep max_iter=20 accepted only when explicitly passed for one minor release (DeprecationWarning), then remove; changelog Changed entry."
python,sympson_hetter,keep,keep,Already conforms to ADR-0028 naming convention.,fast_mlsirm.exposure,function,n_simulees,1000,keep,"Out of ADR-0028 policy scope (not a precision control, decision threshold, seed, or model-choice parameter).",
python,sympson_hetter,keep,keep,Already conforms to ADR-0028 naming convention.,fast_mlsirm.exposure,function,q_theta,41,require,ADR-0028 rule 1: numerical-precision (quadrature node count) control; no in-repo citation for this value and/or below the AGENTS.md #1929 floor of 121 -> required argument.,"Deprecation: keep q_theta=41 accepted only when explicitly passed for one minor release (DeprecationWarning), then remove; changelog Changed entry."
python,sympson_hetter,keep,keep,Already conforms to ADR-0028 naming convention.,fast_mlsirm.exposure,function,r_max,0.25,keep,"Out of ADR-0028 policy scope (not a precision control, decision threshold, seed, or model-choice parameter).",
python,sympson_hetter,keep,keep,Already conforms to ADR-0028 naming convention.,fast_mlsirm.exposure,function,seed,20250724,require,ADR-0028 rule 3: stochastic routines must not ship a default seed -> required argument.,"Deprecation: keep seed=20250724 accepted only when explicitly passed for one minor release (DeprecationWarning), then remove; changelog Changed entry."
python,sympson_hetter,keep,keep,Already conforms to ADR-0028 naming convention.,fast_mlsirm.exposure,function,test_length,20,keep,"Out of ADR-0028 policy scope (not a precision control, decision threshold, seed, or model-choice parameter).",
python,sympson_hetter,keep,keep,Already conforms to ADR-0028 naming convention.,fast_mlsirm.exposure,function,tol,0.02,require,ADR-0028 rule 1: iteration/convergence precision control; no documented convergence-criterion source -> required argument.,"Deprecation: keep tol=0.02 accepted only when explicitly passed for one minor release (DeprecationWarning), then remove; changelog Changed entry."
python,two_stage_route,keep,keep,Already conforms to ADR-0028 naming convention.,fast_mlsirm.exposure,function,,,n/a,No defaulted parameters.,
python,two_stage_score,keep,keep,Already conforms to ADR-0028 naming convention.,fast_mlsirm.exposure,function,,,n/a,No defaulted parameters.,
python,EvidenceClass,keep,keep,Already conforms to ADR-0028 naming convention.,fast_mlsirm.external_validation,class,,,n/a,No defaulted parameters.,
python,EvidenceStatus,keep,keep,Already conforms to ADR-0028 naming convention.,fast_mlsirm.external_validation,class,,,n/a,No defaulted parameters.,
python,ExternalValidationProfile,keep,keep,Already conforms to ADR-0028 naming convention.,fast_mlsirm.external_validation,class,schema_version,'1.0',keep,"Out of ADR-0028 policy scope (not a precision control, decision threshold, seed, or model-choice parameter).",
python,ValidationEvidence,keep,keep,Already conforms to ADR-0028 naming convention.,fast_mlsirm.external_validation,class,artifact_sha256,None,keep,"Out of ADR-0028 policy scope (not a precision control, decision threshold, seed, or model-choice parameter).",
python,ValidationEvidence,keep,keep,Already conforms to ADR-0028 naming convention.,fast_mlsirm.external_validation,class,limitation,None,keep,"Out of ADR-0028 policy scope (not a precision control, decision threshold, seed, or model-choice parameter).",
python,FacetsFit,keep,keep,Already conforms to ADR-0028 naming convention.,fast_mlsirm.facets,class,,,n/a,No defaulted parameters.,
python,fit_facets,keep,keep,Already conforms to ADR-0028 naming convention.,fast_mlsirm.facets,function,max_iter,500,require,ADR-0028 rule 1: iteration/convergence precision control; no documented convergence-criterion source -> required argument.,"Deprecation: keep max_iter=500 accepted only when explicitly passed for one minor release (DeprecationWarning), then remove; changelog Changed entry."
python,fit_facets,keep,keep,Already conforms to ADR-0028 naming convention.,fast_mlsirm.facets,function,n_cat,None,keep,"Out of ADR-0028 policy scope (not a precision control, decision threshold, seed, or model-choice parameter).",
python,fit_facets,keep,keep,Already conforms to ADR-0028 naming convention.,fast_mlsirm.facets,function,q_theta,41,require,ADR-0028 rule 1: numerical-precision (quadrature node count) control; no in-repo citation for this value and/or below the AGENTS.md #1929 floor of 121 -> required argument.,"Deprecation: keep q_theta=41 accepted only when explicitly passed for one minor release (DeprecationWarning), then remove; changelog Changed entry."
python,fit_facets,keep,keep,Already conforms to ADR-0028 naming convention.,fast_mlsirm.facets,function,tol,1e-06,require,ADR-0028 rule 1: iteration/convergence precision control; no documented convergence-criterion source -> required argument.,"Deprecation: keep tol=1e-06 accepted only when explicitly passed for one minor release (DeprecationWarning), then remove; changelog Changed entry."
python,GlbFaResult,keep,keep,Already conforms to ADR-0028 naming convention.,fast_mlsirm.factor,class,,,n/a,No defaulted parameters.,
python,MinresFaResult,keep,keep,Already conforms to ADR-0028 naming convention.,fast_mlsirm.factor,class,,,n/a,No defaulted parameters.,
python,OmegaResult,keep,keep,Already conforms to ADR-0028 naming convention.,fast_mlsirm.factor,class,,,n/a,No defaulted parameters.,
python,VelicerMapResult,keep,keep,Already conforms to ADR-0028 naming convention.,fast_mlsirm.factor,class,,,n/a,No defaulted parameters.,
python,glb_fa,keep,keep,Already conforms to ADR-0028 naming convention.,fast_mlsirm.factor,function,,,n/a,No defaulted parameters.,
python,glb_fa_from_data,keep,keep,Already conforms to ADR-0028 naming convention.,fast_mlsirm.factor,function,,,n/a,No defaulted parameters.,
python,minres_fa,keep,keep,Already conforms to ADR-0028 naming convention.,fast_mlsirm.factor,function,,,n/a,No defaulted parameters.,
python,minres_fa_from_data,keep,keep,Already conforms to ADR-0028 naming convention.,fast_mlsirm.factor,function,,,n/a,No defaulted parameters.,
python,omega_total_1f,keep,keep,Already conforms to ADR-0028 naming convention.,fast_mlsirm.factor,function,,,n/a,No defaulted parameters.,
python,omega_total_1f_from_data,keep,keep,Already conforms to ADR-0028 naming convention.,fast_mlsirm.factor,function,,,n/a,No defaulted parameters.,
python,velicer_map,keep,keep,Already conforms to ADR-0028 naming convention.,fast_mlsirm.factor,function,max_m,None,keep,"Out of ADR-0028 policy scope (not a precision control, decision threshold, seed, or model-choice parameter).",
python,velicer_map_from_data,keep,keep,Already conforms to ADR-0028 naming convention.,fast_mlsirm.factor,function,max_m,None,keep,"Out of ADR-0028 policy scope (not a precision control, decision threshold, seed, or model-choice parameter).",
python,FactorRetentionDecision,keep,keep,Already conforms to ADR-0028 naming convention.,fast_mlsirm.factor_retention,class,,,n/a,No defaulted parameters.,
python,FactorRetentionEvidence,keep,keep,Already conforms to ADR-0028 naming convention.,fast_mlsirm.factor_retention,class,,,n/a,No defaulted parameters.,
python,FactorRetentionMethod,keep,keep,Already conforms to ADR-0028 naming convention.,fast_mlsirm.factor_retention,class,,,n/a,No defaulted parameters.,
python,FactorRetentionResult,keep,keep,Already conforms to ADR-0028 naming convention.,fast_mlsirm.factor_retention,class,,,n/a,No defaulted parameters.,
python,govern_factor_retention,keep,keep,Already conforms to ADR-0028 naming convention.,fast_mlsirm.factor_retention,function,,,n/a,No defaulted parameters.,
python,fit,keep,keep,Already conforms to ADR-0028 naming convention.,fast_mlsirm.fit,function,anchors,None,keep,"Out of ADR-0028 policy scope (not a precision control, decision threshold, seed, or model-choice parameter).",
python,fit,keep,keep,Already conforms to ADR-0028 naming convention.,fast_mlsirm.fit,function,cluster_id,None,keep,"Out of ADR-0028 policy scope (not a precision control, decision threshold, seed, or model-choice parameter).",
python,fit,keep,keep,Already conforms to ADR-0028 naming convention.,fast_mlsirm.fit,function,config,None,keep,"Out of ADR-0028 policy scope (not a precision control, decision threshold, seed, or model-choice parameter).",
python,fit,keep,keep,Already conforms to ADR-0028 naming convention.,fast_mlsirm.fit,function,covariate,None,keep,"Out of ADR-0028 policy scope (not a precision control, decision threshold, seed, or model-choice parameter).",
python,fit,keep,keep,Already conforms to ADR-0028 naming convention.,fast_mlsirm.fit,function,group_id,None,keep,"Out of ADR-0028 policy scope (not a precision control, decision threshold, seed, or model-choice parameter).",
python,fit,keep,keep,Already conforms to ADR-0028 naming convention.,fast_mlsirm.fit,function,mask,None,keep,"Out of ADR-0028 policy scope (not a precision control, decision threshold, seed, or model-choice parameter).",
python,DIFResult,keep,keep,Already conforms to ADR-0028 naming convention.,fast_mlsirm.fitstats,class,,,n/a,No defaulted parameters.,
python,ItemScreeningResult,keep,keep,Already conforms to ADR-0028 naming convention.,fast_mlsirm.fitstats,class,,,n/a,No defaulted parameters.,
python,ItemScreeningRound,keep,keep,Already conforms to ADR-0028 naming convention.,fast_mlsirm.fitstats,class,flags,<factory>,keep,"Out of ADR-0028 policy scope (not a precision control, decision threshold, seed, or model-choice parameter).",
python,M2Result,keep,keep,Already conforms to ADR-0028 naming convention.,fast_mlsirm.fitstats,class,estimator,'mmle',keep,"Out of ADR-0028 policy scope (not a precision control, decision threshold, seed, or model-choice parameter).",
python,M2Result,keep,keep,Already conforms to ADR-0028 naming convention.,fast_mlsirm.fitstats,class,inference_note,'',keep,"Out of ADR-0028 policy scope (not a precision control, decision threshold, seed, or model-choice parameter).",
python,M2Result,keep,keep,Already conforms to ADR-0028 naming convention.,fast_mlsirm.fitstats,class,inference_valid,True,keep,"Out of ADR-0028 policy scope (not a precision control, decision threshold, seed, or model-choice parameter).",
python,M2Result,keep,keep,Already conforms to ADR-0028 naming convention.,fast_mlsirm.fitstats,class,n_clusters,None,keep,"Out of ADR-0028 policy scope (not a precision control, decision threshold, seed, or model-choice parameter).",
python,M2Result,keep,keep,Already conforms to ADR-0028 naming convention.,fast_mlsirm.fitstats,class,n_groups,1,keep,"Out of ADR-0028 policy scope (not a precision control, decision threshold, seed, or model-choice parameter).",
python,PersonFitResult,keep,keep,Already conforms to ADR-0028 naming convention.,fast_mlsirm.fitstats,class,,,n/a,No defaulted parameters.,
python,SX2Result,keep,keep,Already conforms to ADR-0028 naming convention.,fast_mlsirm.fitstats,class,rms_residual,None,keep,"Out of ADR-0028 policy scope (not a precision control, decision threshold, seed, or model-choice parameter).",
python,adjusted_chi2_pairs,keep,keep,Already conforms to ADR-0028 naming convention.,fast_mlsirm.fitstats,function,eps_distance,1e-08,require,ADR-0028 rule 1: iteration/convergence precision control; no documented convergence-criterion source -> required argument.,"Deprecation: keep eps_distance=1e-08 accepted only when explicitly passed for one minor release (DeprecationWarning), then remove; changelog Changed entry."
python,adjusted_chi2_pairs,keep,keep,Already conforms to ADR-0028 naming convention.,fast_mlsirm.fitstats,function,mask,None,keep,"Out of ADR-0028 policy scope (not a precision control, decision threshold, seed, or model-choice parameter).",
python,adjusted_chi2_pairs,keep,keep,Already conforms to ADR-0028 naming convention.,fast_mlsirm.fitstats,function,q_theta,21,require,ADR-0028 rule 1: numerical-precision (quadrature node count) control; no in-repo citation for this value and/or below the AGENTS.md #1929 floor of 121 -> required argument.,"Deprecation: keep q_theta=21 accepted only when explicitly passed for one minor release (DeprecationWarning), then remove; changelog Changed entry."
python,adjusted_chi2_pairs,keep,keep,Already conforms to ADR-0028 naming convention.,fast_mlsirm.fitstats,function,q_xi,11,require,ADR-0028 rule 1: numerical-precision (quadrature node count) control; no in-repo citation for this value and/or below the AGENTS.md #1929 floor of 121 -> required argument.,"Deprecation: keep q_xi=11 accepted only when explicitly passed for one minor release (DeprecationWarning), then remove; changelog Changed entry."
python,benjamini_hochberg,keep,keep,Already conforms to ADR-0028 naming convention.,fast_mlsirm.fitstats,function,q,0.05,keep,"Out of ADR-0028 policy scope (not a precision control, decision threshold, seed, or model-choice parameter).",
python,chi2_sf,keep,keep,Already conforms to ADR-0028 naming convention.,fast_mlsirm.fitstats,function,,,n/a,No defaulted parameters.,
python,dif_analysis,detect_dif_summary,rename,"ADR-0028 naming convention: model/family token is a prefix immediately after the verb, scope qualifier (data shape) is a trailing suffix, verb always leads.",fast_mlsirm.fitstats,function,config,None,keep,"Out of ADR-0028 policy scope (not a precision control, decision threshold, seed, or model-choice parameter).",
python,dif_analysis,detect_dif_summary,rename,"ADR-0028 naming convention: model/family token is a prefix immediately after the verb, scope qualifier (data shape) is a trailing suffix, verb always leads.",fast_mlsirm.fitstats,function,fdr_q,0.05,require,ADR-0028 rule 2: decision threshold / flag cutoff / stopping rule; no APA 7th source cited for this specific value -> required argument.,"Deprecation: keep fdr_q=0.05 accepted only when explicitly passed for one minor release (DeprecationWarning), then remove; changelog Changed entry."
python,dif_analysis,detect_dif_summary,rename,"ADR-0028 naming convention: model/family token is a prefix immediately after the verb, scope qualifier (data shape) is a trailing suffix, verb always leads.",fast_mlsirm.fitstats,function,item_codes,None,keep,"Out of ADR-0028 policy scope (not a precision control, decision threshold, seed, or model-choice parameter).",
python,dif_analysis,detect_dif_summary,rename,"ADR-0028 naming convention: model/family token is a prefix immediately after the verb, scope qualifier (data shape) is a trailing suffix, verb always leads.",fast_mlsirm.fitstats,function,mask,None,keep,"Out of ADR-0028 policy scope (not a precision control, decision threshold, seed, or model-choice parameter).",
python,dif_analysis,detect_dif_summary,rename,"ADR-0028 naming convention: model/family token is a prefix immediately after the verb, scope qualifier (data shape) is a trailing suffix, verb always leads.",fast_mlsirm.fitstats,function,studied_items,None,keep,"Out of ADR-0028 policy scope (not a precision control, decision threshold, seed, or model-choice parameter).",
python,dimensionality_residuals,keep,keep,Already conforms to ADR-0028 naming convention.,fast_mlsirm.fitstats,function,convergence_status,None,keep,"Out of ADR-0028 policy scope (not a precision control, decision threshold, seed, or model-choice parameter).",
python,dimensionality_residuals,keep,keep,Already conforms to ADR-0028 naming convention.,fast_mlsirm.fitstats,function,eps_distance,1e-08,require,ADR-0028 rule 1: iteration/convergence precision control; no documented convergence-criterion source -> required argument.,"Deprecation: keep eps_distance=1e-08 accepted only when explicitly passed for one minor release (DeprecationWarning), then remove; changelog Changed entry."
python,dimensionality_residuals,keep,keep,Already conforms to ADR-0028 naming convention.,fast_mlsirm.fitstats,function,mask,None,keep,"Out of ADR-0028 policy scope (not a precision control, decision threshold, seed, or model-choice parameter).",
python,empirical_reliability,keep,keep,Already conforms to ADR-0028 naming convention.,fast_mlsirm.fitstats,function,device,'auto',keep,"Out of ADR-0028 policy scope (not a precision control, decision threshold, seed, or model-choice parameter).",
python,infit_outfit,keep,keep,Already conforms to ADR-0028 naming convention.,fast_mlsirm.fitstats,function,eps_distance,1e-08,require,ADR-0028 rule 1: iteration/convergence precision control; no documented convergence-criterion source -> required argument.,"Deprecation: keep eps_distance=1e-08 accepted only when explicitly passed for one minor release (DeprecationWarning), then remove; changelog Changed entry."
python,infit_outfit,keep,keep,Already conforms to ADR-0028 naming convention.,fast_mlsirm.fitstats,function,mask,None,keep,"Out of ADR-0028 policy scope (not a precision control, decision threshold, seed, or model-choice parameter).",
python,m2,keep,keep,Already conforms to ADR-0028 naming convention.,fast_mlsirm.fitstats,function,eps_distance,1e-08,require,ADR-0028 rule 1: iteration/convergence precision control; no documented convergence-criterion source -> required argument.,"Deprecation: keep eps_distance=1e-08 accepted only when explicitly passed for one minor release (DeprecationWarning), then remove; changelog Changed entry."
python,m2,keep,keep,Already conforms to ADR-0028 naming convention.,fast_mlsirm.fitstats,function,estimate_population,False,keep,"Out of ADR-0028 policy scope (not a precision control, decision threshold, seed, or model-choice parameter).",
python,m2,keep,keep,Already conforms to ADR-0028 naming convention.,fast_mlsirm.fitstats,function,estimator,'mmle',keep,"Out of ADR-0028 policy scope (not a precision control, decision threshold, seed, or model-choice parameter).",
python,m2,keep,keep,Already conforms to ADR-0028 naming convention.,fast_mlsirm.fitstats,function,fixed_items,None,keep,"Out of ADR-0028 policy scope (not a precision control, decision threshold, seed, or model-choice parameter).",
python,m2,keep,keep,Already conforms to ADR-0028 naming convention.,fast_mlsirm.fitstats,function,mask,None,keep,"Out of ADR-0028 policy scope (not a precision control, decision threshold, seed, or model-choice parameter).",
python,m2,keep,keep,Already conforms to ADR-0028 naming convention.,fast_mlsirm.fitstats,function,prior_mean,None,keep,"Out of ADR-0028 policy scope (not a precision control, decision threshold, seed, or model-choice parameter).",
python,m2,keep,keep,Already conforms to ADR-0028 naming convention.,fast_mlsirm.fitstats,function,prior_sd,None,keep,"Out of ADR-0028 policy scope (not a precision control, decision threshold, seed, or model-choice parameter).",
python,m2,keep,keep,Already conforms to ADR-0028 naming convention.,fast_mlsirm.fitstats,function,q_theta,21,require,ADR-0028 rule 1: numerical-precision (quadrature node count) control; no in-repo citation for this value and/or below the AGENTS.md #1929 floor of 121 -> required argument.,"Deprecation: keep q_theta=21 accepted only when explicitly passed for one minor release (DeprecationWarning), then remove; changelog Changed entry."
python,m2,keep,keep,Already conforms to ADR-0028 naming convention.,fast_mlsirm.fitstats,function,q_xi,11,require,ADR-0028 rule 1: numerical-precision (quadrature node count) control; no in-repo citation for this value and/or below the AGENTS.md #1929 floor of 121 -> required argument.,"Deprecation: keep q_xi=11 accepted only when explicitly passed for one minor release (DeprecationWarning), then remove; changelog Changed entry."
python,m2,keep,keep,Already conforms to ADR-0028 naming convention.,fast_mlsirm.fitstats,function,tau_fixed,False,keep,"Out of ADR-0028 policy scope (not a precision control, decision threshold, seed, or model-choice parameter).",
python,m2_cmle_rasch,keep,keep,Already conforms to ADR-0028 naming convention.,fast_mlsirm.fitstats,function,mask,None,keep,"Out of ADR-0028 policy scope (not a precision control, decision threshold, seed, or model-choice parameter).",
python,m2_multigroup,keep,keep,Already conforms to ADR-0028 naming convention.,fast_mlsirm.fitstats,function,eps_distance,1e-08,require,ADR-0028 rule 1: iteration/convergence precision control; no documented convergence-criterion source -> required argument.,"Deprecation: keep eps_distance=1e-08 accepted only when explicitly passed for one minor release (DeprecationWarning), then remove; changelog Changed entry."
python,m2_multigroup,keep,keep,Already conforms to ADR-0028 naming convention.,fast_mlsirm.fitstats,function,mask,None,keep,"Out of ADR-0028 policy scope (not a precision control, decision threshold, seed, or model-choice parameter).",
python,m2_multigroup,keep,keep,Already conforms to ADR-0028 naming convention.,fast_mlsirm.fitstats,function,q_theta,21,require,ADR-0028 rule 1: numerical-precision (quadrature node count) control; no in-repo citation for this value and/or below the AGENTS.md #1929 floor of 121 -> required argument.,"Deprecation: keep q_theta=21 accepted only when explicitly passed for one minor release (DeprecationWarning), then remove; changelog Changed entry."
python,m2_multigroup,keep,keep,Already conforms to ADR-0028 naming convention.,fast_mlsirm.fitstats,function,q_xi,11,require,ADR-0028 rule 1: numerical-precision (quadrature node count) control; no in-repo citation for this value and/or below the AGENTS.md #1929 floor of 121 -> required argument.,"Deprecation: keep q_xi=11 accepted only when explicitly passed for one minor release (DeprecationWarning), then remove; changelog Changed entry."
python,m2_multilevel,keep,keep,Already conforms to ADR-0028 naming convention.,fast_mlsirm.fitstats,function,eps_distance,1e-08,require,ADR-0028 rule 1: iteration/convergence precision control; no documented convergence-criterion source -> required argument.,"Deprecation: keep eps_distance=1e-08 accepted only when explicitly passed for one minor release (DeprecationWarning), then remove; changelog Changed entry."
python,m2_multilevel,keep,keep,Already conforms to ADR-0028 naming convention.,fast_mlsirm.fitstats,function,mask,None,keep,"Out of ADR-0028 policy scope (not a precision control, decision threshold, seed, or model-choice parameter).",
python,m2_multilevel,keep,keep,Already conforms to ADR-0028 naming convention.,fast_mlsirm.fitstats,function,q_theta,21,require,ADR-0028 rule 1: numerical-precision (quadrature node count) control; no in-repo citation for this value and/or below the AGENTS.md #1929 floor of 121 -> required argument.,"Deprecation: keep q_theta=21 accepted only when explicitly passed for one minor release (DeprecationWarning), then remove; changelog Changed entry."
python,m2_multilevel,keep,keep,Already conforms to ADR-0028 naming convention.,fast_mlsirm.fitstats,function,q_u,11,require,ADR-0028 rule 1: numerical-precision (quadrature node count) control; no in-repo citation for this value and/or below the AGENTS.md #1929 floor of 121 -> required argument.,"Deprecation: keep q_u=11 accepted only when explicitly passed for one minor release (DeprecationWarning), then remove; changelog Changed entry."
python,m2_multilevel,keep,keep,Already conforms to ADR-0028 naming convention.,fast_mlsirm.fitstats,function,q_xi,11,require,ADR-0028 rule 1: numerical-precision (quadrature node count) control; no in-repo citation for this value and/or below the AGENTS.md #1929 floor of 121 -> required argument.,"Deprecation: keep q_xi=11 accepted only when explicitly passed for one minor release (DeprecationWarning), then remove; changelog Changed entry."
python,n_dims_of,keep,keep,Already conforms to ADR-0028 naming convention.,fast_mlsirm.fitstats,function,,,n/a,No defaulted parameters.,
python,person_fit,keep,keep,Already conforms to ADR-0028 naming convention.,fast_mlsirm.fitstats,function,eps_distance,1e-08,require,ADR-0028 rule 1: iteration/convergence precision control; no documented convergence-criterion source -> required argument.,"Deprecation: keep eps_distance=1e-08 accepted only when explicitly passed for one minor release (DeprecationWarning), then remove; changelog Changed entry."
python,person_fit,keep,keep,Already conforms to ADR-0028 naming convention.,fast_mlsirm.fitstats,function,flag_threshold,-1.645,require,ADR-0028 rule 2: decision threshold / flag cutoff / stopping rule; no APA 7th source cited for this specific value -> required argument.,"Deprecation: keep flag_threshold=-1.645 accepted only when explicitly passed for one minor release (DeprecationWarning), then remove; changelog Changed entry."
python,person_fit,keep,keep,Already conforms to ADR-0028 naming convention.,fast_mlsirm.fitstats,function,mask,None,keep,"Out of ADR-0028 policy scope (not a precision control, decision threshold, seed, or model-choice parameter).",
python,person_fit,keep,keep,Already conforms to ADR-0028 naming convention.,fast_mlsirm.fitstats,function,prior_mean,None,keep,"Out of ADR-0028 policy scope (not a precision control, decision threshold, seed, or model-choice parameter).",
python,person_fit_resampling,keep,keep,Already conforms to ADR-0028 naming convention.,fast_mlsirm.fitstats,function,eps_distance,1e-08,require,ADR-0028 rule 1: iteration/convergence precision control; no documented convergence-criterion source -> required argument.,"Deprecation: keep eps_distance=1e-08 accepted only when explicitly passed for one minor release (DeprecationWarning), then remove; changelog Changed entry."
python,person_fit_resampling,keep,keep,Already conforms to ADR-0028 naming convention.,fast_mlsirm.fitstats,function,mask,None,keep,"Out of ADR-0028 policy scope (not a precision control, decision threshold, seed, or model-choice parameter).",
python,person_fit_resampling,keep,keep,Already conforms to ADR-0028 naming convention.,fast_mlsirm.fitstats,function,n_replicates,200,require,ADR-0028 rule 1: replicate/bootstrap/draw count; no Monte-Carlo-error source cited -> required argument.,"Deprecation: keep n_replicates=200 accepted only when explicitly passed for one minor release (DeprecationWarning), then remove; changelog Changed entry."
python,person_fit_resampling,keep,keep,Already conforms to ADR-0028 naming convention.,fast_mlsirm.fitstats,function,prior_mean,None,keep,"Out of ADR-0028 policy scope (not a precision control, decision threshold, seed, or model-choice parameter).",
python,person_fit_resampling,keep,keep,Already conforms to ADR-0028 naming convention.,fast_mlsirm.fitstats,function,seed,1,require,ADR-0028 rule 3: stochastic routines must not ship a default seed -> required argument.,"Deprecation: keep seed=1 accepted only when explicitly passed for one minor release (DeprecationWarning), then remove; changelog Changed entry."
python,residual_item_fit,keep,keep,Already conforms to ADR-0028 naming convention.,fast_mlsirm.fitstats,function,eps_distance,1e-08,require,ADR-0028 rule 1: iteration/convergence precision control; no documented convergence-criterion source -> required argument.,"Deprecation: keep eps_distance=1e-08 accepted only when explicitly passed for one minor release (DeprecationWarning), then remove; changelog Changed entry."
python,residual_item_fit,keep,keep,Already conforms to ADR-0028 naming convention.,fast_mlsirm.fitstats,function,mask,None,keep,"Out of ADR-0028 policy scope (not a precision control, decision threshold, seed, or model-choice parameter).",
python,residual_item_fit,keep,keep,Already conforms to ADR-0028 naming convention.,fast_mlsirm.fitstats,function,n_bins,10,keep,"Out of ADR-0028 policy scope (not a precision control, decision threshold, seed, or model-choice parameter).",
python,s_x2,keep,keep,Already conforms to ADR-0028 naming convention.,fast_mlsirm.fitstats,function,eps_distance,1e-08,require,ADR-0028 rule 1: iteration/convergence precision control; no documented convergence-criterion source -> required argument.,"Deprecation: keep eps_distance=1e-08 accepted only when explicitly passed for one minor release (DeprecationWarning), then remove; changelog Changed entry."
python,s_x2,keep,keep,Already conforms to ADR-0028 naming convention.,fast_mlsirm.fitstats,function,fdr_q,0.05,require,ADR-0028 rule 2: decision threshold / flag cutoff / stopping rule; no APA 7th source cited for this specific value -> required argument.,"Deprecation: keep fdr_q=0.05 accepted only when explicitly passed for one minor release (DeprecationWarning), then remove; changelog Changed entry."
python,s_x2,keep,keep,Already conforms to ADR-0028 naming convention.,fast_mlsirm.fitstats,function,mask,None,keep,"Out of ADR-0028 policy scope (not a precision control, decision threshold, seed, or model-choice parameter).",
python,s_x2,keep,keep,Already conforms to ADR-0028 naming convention.,fast_mlsirm.fitstats,function,min_effect,0.0,require,ADR-0028 rule 2: decision threshold / flag cutoff / stopping rule; no APA 7th source cited for this specific value -> required argument.,"Deprecation: keep min_effect=0.0 accepted only when explicitly passed for one minor release (DeprecationWarning), then remove; changelog Changed entry."
python,s_x2,keep,keep,Already conforms to ADR-0028 naming convention.,fast_mlsirm.fitstats,function,min_expected,1.0,require,ADR-0028 rule 2: decision threshold / flag cutoff / stopping rule; no APA 7th source cited for this specific value -> required argument.,"Deprecation: keep min_expected=1.0 accepted only when explicitly passed for one minor release (DeprecationWarning), then remove; changelog Changed entry."
python,s_x2,keep,keep,Already conforms to ADR-0028 naming convention.,fast_mlsirm.fitstats,function,person_weight,None,keep,"Out of ADR-0028 policy scope (not a precision control, decision threshold, seed, or model-choice parameter).",
python,s_x2,keep,keep,Already conforms to ADR-0028 naming convention.,fast_mlsirm.fitstats,function,prior_mean,None,keep,"Out of ADR-0028 policy scope (not a precision control, decision threshold, seed, or model-choice parameter).",
python,s_x2,keep,keep,Already conforms to ADR-0028 naming convention.,fast_mlsirm.fitstats,function,q_theta,21,require,ADR-0028 rule 1: numerical-precision (quadrature node count) control; no in-repo citation for this value and/or below the AGENTS.md #1929 floor of 121 -> required argument.,"Deprecation: keep q_theta=21 accepted only when explicitly passed for one minor release (DeprecationWarning), then remove; changelog Changed entry."
python,s_x2,keep,keep,Already conforms to ADR-0028 naming convention.,fast_mlsirm.fitstats,function,q_xi,11,require,ADR-0028 rule 1: numerical-precision (quadrature node count) control; no in-repo citation for this value and/or below the AGENTS.md #1929 floor of 121 -> required argument.,"Deprecation: keep q_xi=11 accepted only when explicitly passed for one minor release (DeprecationWarning), then remove; changelog Changed entry."
python,select_items,keep,keep,Already conforms to ADR-0028 naming convention.,fast_mlsirm.fitstats,function,cluster_id,None,keep,"Out of ADR-0028 policy scope (not a precision control, decision threshold, seed, or model-choice parameter).",
python,select_items,keep,keep,Already conforms to ADR-0028 naming convention.,fast_mlsirm.fitstats,function,config,None,keep,"Out of ADR-0028 policy scope (not a precision control, decision threshold, seed, or model-choice parameter).",
python,select_items,keep,keep,Already conforms to ADR-0028 naming convention.,fast_mlsirm.fitstats,function,fdr_q,0.05,require,ADR-0028 rule 2: decision threshold / flag cutoff / stopping rule; no APA 7th source cited for this specific value -> required argument.,"Deprecation: keep fdr_q=0.05 accepted only when explicitly passed for one minor release (DeprecationWarning), then remove; changelog Changed entry."
python,select_items,keep,keep,Already conforms to ADR-0028 naming convention.,fast_mlsirm.fitstats,function,group_id,None,keep,"Out of ADR-0028 policy scope (not a precision control, decision threshold, seed, or model-choice parameter).",
python,select_items,keep,keep,Already conforms to ADR-0028 naming convention.,fast_mlsirm.fitstats,function,isolation_z,3.0,require,ADR-0028 rule 2: decision threshold / flag cutoff / stopping rule; no APA 7th source cited for this specific value -> required argument.,"Deprecation: keep isolation_z=3.0 accepted only when explicitly passed for one minor release (DeprecationWarning), then remove; changelog Changed entry."
python,select_items,keep,keep,Already conforms to ADR-0028 naming convention.,fast_mlsirm.fitstats,function,item_codes,None,keep,"Out of ADR-0028 policy scope (not a precision control, decision threshold, seed, or model-choice parameter).",
python,select_items,keep,keep,Already conforms to ADR-0028 naming convention.,fast_mlsirm.fitstats,function,mask,None,keep,"Out of ADR-0028 policy scope (not a precision control, decision threshold, seed, or model-choice parameter).",
python,select_items,keep,keep,Already conforms to ADR-0028 naming convention.,fast_mlsirm.fitstats,function,max_rounds,5,require,ADR-0028 rule 2: decision threshold / flag cutoff / stopping rule; no APA 7th source cited for this specific value -> required argument.,"Deprecation: keep max_rounds=5 accepted only when explicitly passed for one minor release (DeprecationWarning), then remove; changelog Changed entry."
python,select_items,keep,keep,Already conforms to ADR-0028 naming convention.,fast_mlsirm.fitstats,function,min_discrimination,0.35,require,ADR-0028 rule 2: decision threshold / flag cutoff / stopping rule; no APA 7th source cited for this specific value -> required argument.,"Deprecation: keep min_discrimination=0.35 accepted only when explicitly passed for one minor release (DeprecationWarning), then remove; changelog Changed entry."
python,select_items,keep,keep,Already conforms to ADR-0028 naming convention.,fast_mlsirm.fitstats,function,min_flags_to_remove,2,require,ADR-0028 rule 2: decision threshold / flag cutoff / stopping rule; no APA 7th source cited for this specific value -> required argument.,"Deprecation: keep min_flags_to_remove=2 accepted only when explicitly passed for one minor release (DeprecationWarning), then remove; changelog Changed entry."
python,select_items,keep,keep,Already conforms to ADR-0028 naming convention.,fast_mlsirm.fitstats,function,min_items_per_dim,4,keep,"Out of ADR-0028 policy scope (not a precision control, decision threshold, seed, or model-choice parameter).",
python,select_items,keep,keep,Already conforms to ADR-0028 naming convention.,fast_mlsirm.fitstats,function,min_positive,20,keep,"Out of ADR-0028 policy scope (not a precision control, decision threshold, seed, or model-choice parameter).",
python,select_items,keep,keep,Already conforms to ADR-0028 naming convention.,fast_mlsirm.fitstats,function,msq_band,"(0.7, 1.3)",require,ADR-0028 rule 2: decision threshold / flag cutoff / stopping rule; no APA 7th source cited for this specific value -> required argument.,"Deprecation: keep msq_band=(0.7, 1.3) accepted only when explicitly passed for one minor release (DeprecationWarning), then remove; changelog Changed entry."
python,select_items,keep,keep,Already conforms to ADR-0028 naming convention.,fast_mlsirm.fitstats,function,person_flag_threshold,-1.645,require,ADR-0028 rule 2: decision threshold / flag cutoff / stopping rule; no APA 7th source cited for this specific value -> required argument.,"Deprecation: keep person_flag_threshold=-1.645 accepted only when explicitly passed for one minor release (DeprecationWarning), then remove; changelog Changed entry."
python,select_items,keep,keep,Already conforms to ADR-0028 naming convention.,fast_mlsirm.fitstats,function,sx2_min_effect,0.02,require,ADR-0028 rule 2: decision threshold / flag cutoff / stopping rule; no APA 7th source cited for this specific value -> required argument.,"Deprecation: keep sx2_min_effect=0.02 accepted only when explicitly passed for one minor release (DeprecationWarning), then remove; changelog Changed entry."
python,tcc_drift,keep,keep,Already conforms to ADR-0028 naming convention.,fast_mlsirm.fitstats,function,eps_distance,1e-08,require,ADR-0028 rule 1: iteration/convergence precision control; no documented convergence-criterion source -> required argument.,"Deprecation: keep eps_distance=1e-08 accepted only when explicitly passed for one minor release (DeprecationWarning), then remove; changelog Changed entry."
python,tcc_drift,keep,keep,Already conforms to ADR-0028 naming convention.,fast_mlsirm.fitstats,function,q_theta,21,require,ADR-0028 rule 1: numerical-precision (quadrature node count) control; no in-repo citation for this value and/or below the AGENTS.md #1929 floor of 121 -> required argument.,"Deprecation: keep q_theta=21 accepted only when explicitly passed for one minor release (DeprecationWarning), then remove; changelog Changed entry."
python,tcc_drift,keep,keep,Already conforms to ADR-0028 naming convention.,fast_mlsirm.fitstats,function,q_xi,11,require,ADR-0028 rule 1: numerical-precision (quadrature node count) control; no in-repo citation for this value and/or below the AGENTS.md #1929 floor of 121 -> required argument.,"Deprecation: keep q_xi=11 accepted only when explicitly passed for one minor release (DeprecationWarning), then remove; changelog Changed entry."
python,tcc_drift,keep,keep,Already conforms to ADR-0028 naming convention.,fast_mlsirm.fitstats,function,threshold,0.05,keep,"Out of ADR-0028 policy scope (not a precision control, decision threshold, seed, or model-choice parameter).",
python,vuong_nonnested,keep,keep,Already conforms to ADR-0028 naming convention.,fast_mlsirm.fitstats,function,bic_correction,True,keep,"Out of ADR-0028 policy scope (not a precision control, decision threshold, seed, or model-choice parameter).",
python,GpcmFit,keep,keep,Already conforms to ADR-0028 naming convention.,fast_mlsirm.gpcm,class,,,n/a,No defaulted parameters.,
python,fit_gpcm,keep,keep,Already conforms to ADR-0028 naming convention.,fast_mlsirm.gpcm,function,max_iter,500,require,ADR-0028 rule 1: iteration/convergence precision control; no documented convergence-criterion source -> required argument.,"Deprecation: keep max_iter=500 accepted only when explicitly passed for one minor release (DeprecationWarning), then remove; changelog Changed entry."
python,fit_gpcm,keep,keep,Already conforms to ADR-0028 naming convention.,fast_mlsirm.gpcm,function,model,1,require,ADR-0028 rule 4: function is model-generic (not model-specific by name) -> model choice has no default.,"Deprecation: keep model=1 accepted only when explicitly passed for one minor release (DeprecationWarning), then remove; changelog Changed entry."
python,fit_gpcm,keep,keep,Already conforms to ADR-0028 naming convention.,fast_mlsirm.gpcm,function,node_rule,'gh',keep,"Out of ADR-0028 policy scope (not a precision control, decision threshold, seed, or model-choice parameter).",
python,fit_gpcm,keep,keep,Already conforms to ADR-0028 naming convention.,fast_mlsirm.gpcm,function,q,21,keep,"Out of ADR-0028 policy scope (not a precision control, decision threshold, seed, or model-choice parameter).",
python,fit_gpcm,keep,keep,Already conforms to ADR-0028 naming convention.,fast_mlsirm.gpcm,function,tol,1e-06,require,ADR-0028 rule 1: iteration/convergence precision control; no documented convergence-criterion source -> required argument.,"Deprecation: keep tol=1e-06 accepted only when explicitly passed for one minor release (DeprecationWarning), then remove; changelog Changed entry."
python,fit_gpcm,keep,keep,Already conforms to ADR-0028 naming convention.,fast_mlsirm.gpcm,function,xi_points,4000,require,ADR-0028 rule 1: numerical-precision (quadrature node count) control; no in-repo citation for this value and/or below the AGENTS.md #1929 floor of 121 -> required argument.,"Deprecation: keep xi_points=4000 accepted only when explicitly passed for one minor release (DeprecationWarning), then remove; changelog Changed entry."
python,fit_gpcm,keep,keep,Already conforms to ADR-0028 naming convention.,fast_mlsirm.gpcm,function,xi_seed,11400714819323198485,require,ADR-0028 rule 3: stochastic routines must not ship a default seed -> required argument.,"Deprecation: keep xi_seed=11400714819323198485 accepted only when explicitly passed for one minor release (DeprecationWarning), then remove; changelog Changed entry."
python,GrmFit,keep,keep,Already conforms to ADR-0028 naming convention.,fast_mlsirm.grm,class,,,n/a,No defaulted parameters.,
python,fit_grm,keep,keep,Already conforms to ADR-0028 naming convention.,fast_mlsirm.grm,function,max_iter,500,require,ADR-0028 rule 1: iteration/convergence precision control; no documented convergence-criterion source -> required argument.,"Deprecation: keep max_iter=500 accepted only when explicitly passed for one minor release (DeprecationWarning), then remove; changelog Changed entry."
python,fit_grm,keep,keep,Already conforms to ADR-0028 naming convention.,fast_mlsirm.grm,function,model,1,require,ADR-0028 rule 4: function is model-generic (not model-specific by name) -> model choice has no default.,"Deprecation: keep model=1 accepted only when explicitly passed for one minor release (DeprecationWarning), then remove; changelog Changed entry."
python,fit_grm,keep,keep,Already conforms to ADR-0028 naming convention.,fast_mlsirm.grm,function,node_rule,'gh',keep,"Out of ADR-0028 policy scope (not a precision control, decision threshold, seed, or model-choice parameter).",
python,fit_grm,keep,keep,Already conforms to ADR-0028 naming convention.,fast_mlsirm.grm,function,q,21,keep,"Out of ADR-0028 policy scope (not a precision control, decision threshold, seed, or model-choice parameter).",
python,fit_grm,keep,keep,Already conforms to ADR-0028 naming convention.,fast_mlsirm.grm,function,tol,1e-06,require,ADR-0028 rule 1: iteration/convergence precision control; no documented convergence-criterion source -> required argument.,"Deprecation: keep tol=1e-06 accepted only when explicitly passed for one minor release (DeprecationWarning), then remove; changelog Changed entry."
python,fit_grm,keep,keep,Already conforms to ADR-0028 naming convention.,fast_mlsirm.grm,function,xi_points,4000,require,ADR-0028 rule 1: numerical-precision (quadrature node count) control; no in-repo citation for this value and/or below the AGENTS.md #1929 floor of 121 -> required argument.,"Deprecation: keep xi_points=4000 accepted only when explicitly passed for one minor release (DeprecationWarning), then remove; changelog Changed entry."
python,fit_grm,keep,keep,Already conforms to ADR-0028 naming convention.,fast_mlsirm.grm,function,xi_seed,11400714819323198485,require,ADR-0028 rule 3: stochastic routines must not ship a default seed -> required argument.,"Deprecation: keep xi_seed=11400714819323198485 accepted only when explicitly passed for one minor release (DeprecationWarning), then remove; changelog Changed entry."
python,GTheoryDStudyRow,keep,keep,Already conforms to ADR-0028 naming convention.,fast_mlsirm.gtheory,class,,,n/a,No defaulted parameters.,
python,GTheoryResult,keep,keep,Already conforms to ADR-0028 naming convention.,fast_mlsirm.gtheory,class,,,n/a,No defaulted parameters.,
python,PhiLambdaResult,keep,keep,Already conforms to ADR-0028 naming convention.,fast_mlsirm.gtheory,class,,,n/a,No defaulted parameters.,
python,gtheory_pi,keep,keep,Already conforms to ADR-0028 naming convention.,fast_mlsirm.gtheory,function,n_i_prime,"(5, 10, 15, 20)",keep,"Out of ADR-0028 policy scope (not a precision control, decision threshold, seed, or model-choice parameter).",
python,gtheory_pio,keep,keep,Already conforms to ADR-0028 naming convention.,fast_mlsirm.gtheory,function,n_prime,"((5, 2), (10, 2), (15, 2), (20, 2))",keep,"Out of ADR-0028 policy scope (not a precision control, decision threshold, seed, or model-choice parameter).",
python,phi_lambda,keep,keep,Already conforms to ADR-0028 naming convention.,fast_mlsirm.gtheory,function,n_i_prime,"(5, 10, 15, 20)",keep,"Out of ADR-0028 policy scope (not a precision control, decision threshold, seed, or model-choice parameter).",
python,oakes_standard_errors,keep,keep,Already conforms to ADR-0028 naming convention.,fast_mlsirm.inference,function,cluster_id,None,keep,"Out of ADR-0028 policy scope (not a precision control, decision threshold, seed, or model-choice parameter).",
python,oakes_standard_errors,keep,keep,Already conforms to ADR-0028 naming convention.,fast_mlsirm.inference,function,config,None,keep,"Out of ADR-0028 policy scope (not a precision control, decision threshold, seed, or model-choice parameter).",
python,oakes_standard_errors,keep,keep,Already conforms to ADR-0028 naming convention.,fast_mlsirm.inference,function,group_id,None,keep,"Out of ADR-0028 policy scope (not a precision control, decision threshold, seed, or model-choice parameter).",
python,oakes_standard_errors,keep,keep,Already conforms to ADR-0028 naming convention.,fast_mlsirm.inference,function,h,1e-05,keep,"Out of ADR-0028 policy scope (not a precision control, decision threshold, seed, or model-choice parameter).",
python,oakes_standard_errors,keep,keep,Already conforms to ADR-0028 naming convention.,fast_mlsirm.inference,function,mask,None,keep,"Out of ADR-0028 policy scope (not a precision control, decision threshold, seed, or model-choice parameter).",
python,observed_information,keep,keep,Already conforms to ADR-0028 naming convention.,fast_mlsirm.inference,function,backend,None,keep,"Out of ADR-0028 policy scope (not a precision control, decision threshold, seed, or model-choice parameter).",
python,observed_information,keep,keep,Already conforms to ADR-0028 naming convention.,fast_mlsirm.inference,function,config,None,keep,"Out of ADR-0028 policy scope (not a precision control, decision threshold, seed, or model-choice parameter).",
python,observed_information,keep,keep,Already conforms to ADR-0028 naming convention.,fast_mlsirm.inference,function,device,'cpu',keep,"Out of ADR-0028 policy scope (not a precision control, decision threshold, seed, or model-choice parameter).",
python,observed_information,keep,keep,Already conforms to ADR-0028 naming convention.,fast_mlsirm.inference,function,mask,None,keep,"Out of ADR-0028 policy scope (not a precision control, decision threshold, seed, or model-choice parameter).",
python,observed_information,keep,keep,Already conforms to ADR-0028 naming convention.,fast_mlsirm.inference,function,step,0.0001,keep,"Out of ADR-0028 policy scope (not a precision control, decision threshold, seed, or model-choice parameter).",
python,second_order_test,keep,keep,Already conforms to ADR-0028 naming convention.,fast_mlsirm.inference,function,tol,1e-08,require,ADR-0028 rule 1: iteration/convergence precision control; no documented convergence-criterion source -> required argument.,"Deprecation: keep tol=1e-08 accepted only when explicitly passed for one minor release (DeprecationWarning), then remove; changelog Changed entry."
python,standard_errors_from_vcov,keep,keep,Already conforms to ADR-0028 naming convention.,fast_mlsirm.inference,function,,,n/a,No defaulted parameters.,
python,vcov_from_hessian,keep,keep,Already conforms to ADR-0028 naming convention.,fast_mlsirm.inference,function,rcond,1e-10,keep,"Out of ADR-0028 policy scope (not a precision control, decision threshold, seed, or model-choice parameter).",
python,ResidualInteractionMap,keep,keep,Already conforms to ADR-0028 naming convention.,fast_mlsirm.interaction_map,class,,,n/a,No defaulted parameters.,
python,residual_interaction_map,keep,keep,Already conforms to ADR-0028 naming convention.,fast_mlsirm.interaction_map,function,,,n/a,No defaulted parameters.,
python,load_factor_csv,keep,keep,Already conforms to ADR-0028 naming convention.,fast_mlsirm.io,function,,,n/a,No defaulted parameters.,
python,load_params,keep,keep,Already conforms to ADR-0028 naming convention.,fast_mlsirm.io,function,,,n/a,No defaulted parameters.,
python,save_dimensionality_diagnostics,keep,keep,Already conforms to ADR-0028 naming convention.,fast_mlsirm.io,function,,,n/a,No defaulted parameters.,
python,save_fit_diagnostics,keep,keep,Already conforms to ADR-0028 naming convention.,fast_mlsirm.io,function,,,n/a,No defaulted parameters.,
python,save_fit_result,keep,keep,Already conforms to ADR-0028 naming convention.,fast_mlsirm.io,function,,,n/a,No defaulted parameters.,
python,save_simulation,keep,keep,Already conforms to ADR-0028 naming convention.,fast_mlsirm.io,function,,,n/a,No defaulted parameters.,
python,fit_irt_experiment,keep,keep,Already conforms to ADR-0028 naming convention.,fast_mlsirm.irt_contract,function,factor_ids,None,keep,"Out of ADR-0028 policy scope (not a precision control, decision threshold, seed, or model-choice parameter).",
python,fit_irt_experiment,keep,keep,Already conforms to ADR-0028 naming convention.,fast_mlsirm.irt_contract,function,n_categories,None,keep,"Out of ADR-0028 policy scope (not a precision control, decision threshold, seed, or model-choice parameter).",
python,validate_irt_experiment_readiness,keep,keep,Already conforms to ADR-0028 naming convention.,fast_mlsirm.irt_contract,function,factor_ids,None,keep,"Out of ADR-0028 policy scope (not a precision control, decision threshold, seed, or model-choice parameter).",
python,validate_irt_experiment_readiness,keep,keep,Already conforms to ADR-0028 naming convention.,fast_mlsirm.irt_contract,function,min_item_distinct_values,2,keep,"Out of ADR-0028 policy scope (not a precision control, decision threshold, seed, or model-choice parameter).",
python,validate_irt_experiment_readiness,keep,keep,Already conforms to ADR-0028 naming convention.,fast_mlsirm.irt_contract,function,min_items_per_factor,2,keep,"Out of ADR-0028 policy scope (not a precision control, decision threshold, seed, or model-choice parameter).",
python,validate_irt_experiment_readiness,keep,keep,Already conforms to ADR-0028 naming convention.,fast_mlsirm.irt_contract,function,min_observed_per_item,3,keep,"Out of ADR-0028 policy scope (not a precision control, decision threshold, seed, or model-choice parameter).",
python,validate_irt_experiment_readiness,keep,keep,Already conforms to ADR-0028 naming convention.,fast_mlsirm.irt_contract,function,min_persons,5,keep,"Out of ADR-0028 policy scope (not a precision control, decision threshold, seed, or model-choice parameter).",
python,validate_irt_experiment_readiness,keep,keep,Already conforms to ADR-0028 naming convention.,fast_mlsirm.irt_contract,function,n_categories,None,keep,"Out of ADR-0028 policy scope (not a precision control, decision threshold, seed, or model-choice parameter).",
python,validate_irt_response_matrix,keep,keep,Already conforms to ADR-0028 naming convention.,fast_mlsirm.irt_contract,function,n_categories,None,keep,"Out of ADR-0028 policy scope (not a precision control, decision threshold, seed, or model-choice parameter).",
python,JudgeCalibrationCase,keep,keep,Already conforms to ADR-0028 naming convention.,fast_mlsirm.judge_calibration,class,contamination_status,'unknown',keep,"Out of ADR-0028 policy scope (not a precision control, decision threshold, seed, or model-choice parameter).",
python,JudgeCalibrationCase,keep,keep,Already conforms to ADR-0028 naming convention.,fast_mlsirm.judge_calibration,class,gold_categories,None,keep,"Out of ADR-0028 policy scope (not a precision control, decision threshold, seed, or model-choice parameter).",
python,JudgeCalibrationCase,keep,keep,Already conforms to ADR-0028 naming convention.,fast_mlsirm.judge_calibration,class,metadata,<factory>,keep,"Out of ADR-0028 policy scope (not a precision control, decision threshold, seed, or model-choice parameter).",
python,JudgeCalibrationCase,keep,keep,Already conforms to ADR-0028 naming convention.,fast_mlsirm.judge_calibration,class,option_count,None,keep,"Out of ADR-0028 policy scope (not a precision control, decision threshold, seed, or model-choice parameter).",
python,JudgeCalibrationCase,keep,keep,Already conforms to ADR-0028 naming convention.,fast_mlsirm.judge_calibration,class,reference_answer,None,keep,"Out of ADR-0028 policy scope (not a precision control, decision threshold, seed, or model-choice parameter).",
python,JudgeCalibrationOutcome,keep,keep,Already conforms to ADR-0028 naming convention.,fast_mlsirm.judge_calibration,class,error,None,keep,"Out of ADR-0028 policy scope (not a precision control, decision threshold, seed, or model-choice parameter).",
python,JudgeCalibrationOutcome,keep,keep,Already conforms to ADR-0028 naming convention.,fast_mlsirm.judge_calibration,class,error_type,None,keep,"Out of ADR-0028 policy scope (not a precision control, decision threshold, seed, or model-choice parameter).",
python,JudgeCalibrationOutcome,keep,keep,Already conforms to ADR-0028 naming convention.,fast_mlsirm.judge_calibration,class,evidence,None,keep,"Out of ADR-0028 policy scope (not a precision control, decision threshold, seed, or model-choice parameter).",
python,JudgeCalibrationOutcome,keep,keep,Already conforms to ADR-0028 naming convention.,fast_mlsirm.judge_calibration,class,gold_exact,None,keep,"Out of ADR-0028 policy scope (not a precision control, decision threshold, seed, or model-choice parameter).",
python,JudgeCalibrationOutcome,keep,keep,Already conforms to ADR-0028 naming convention.,fast_mlsirm.judge_calibration,class,irt_row,None,keep,"Out of ADR-0028 policy scope (not a precision control, decision threshold, seed, or model-choice parameter).",
python,JudgeCalibrationOutcome,keep,keep,Already conforms to ADR-0028 naming convention.,fast_mlsirm.judge_calibration,class,result,None,keep,"Out of ADR-0028 policy scope (not a precision control, decision threshold, seed, or model-choice parameter).",
python,JudgeCalibrationReport,keep,keep,Already conforms to ADR-0028 naming convention.,fast_mlsirm.judge_calibration,class,,,n/a,No defaulted parameters.,
python,build_multiple_choice_calibration_cases,keep,keep,Already conforms to ADR-0028 naming convention.,fast_mlsirm.judge_calibration,function,contamination_status,'unknown',keep,"Out of ADR-0028 policy scope (not a precision control, decision threshold, seed, or model-choice parameter).",
python,build_multiple_choice_calibration_cases,keep,keep,Already conforms to ADR-0028 naming convention.,fast_mlsirm.judge_calibration,function,gold_categories,None,keep,"Out of ADR-0028 policy scope (not a precision control, decision threshold, seed, or model-choice parameter).",
python,build_multiple_choice_calibration_cases,keep,keep,Already conforms to ADR-0028 naming convention.,fast_mlsirm.judge_calibration,function,reference_answer,None,keep,"Out of ADR-0028 policy scope (not a precision control, decision threshold, seed, or model-choice parameter).",
python,build_multiple_choice_calibration_cases,keep,keep,Already conforms to ADR-0028 naming convention.,fast_mlsirm.judge_calibration,function,shuffle_seed,0,require,ADR-0028 rule 3: stochastic routines must not ship a default seed -> required argument.,"Deprecation: keep shuffle_seed=0 accepted only when explicitly passed for one minor release (DeprecationWarning), then remove; changelog Changed entry."
python,evaluate_paired_calibration,keep,keep,Already conforms to ADR-0028 naming convention.,fast_mlsirm.judge_calibration,function,category_method,None,keep,"Out of ADR-0028 policy scope (not a precision control, decision threshold, seed, or model-choice parameter).",
python,JudgeConstructPolicy,keep,keep,Already conforms to ADR-0028 naming convention.,fast_mlsirm.judge_construct,class,max_items,11,keep,"Out of ADR-0028 policy scope (not a precision control, decision threshold, seed, or model-choice parameter).",
python,JudgeConstructPolicy,keep,keep,Already conforms to ADR-0028 naming convention.,fast_mlsirm.judge_construct,class,min_items,5,keep,"Out of ADR-0028 policy scope (not a precision control, decision threshold, seed, or model-choice parameter).",
python,JudgeConstructPolicy,keep,keep,Already conforms to ADR-0028 naming convention.,fast_mlsirm.judge_construct,class,recommended_items,7,keep,"Out of ADR-0028 policy scope (not a precision control, decision threshold, seed, or model-choice parameter).",
python,JudgeConstructSpec,keep,keep,Already conforms to ADR-0028 naming convention.,fast_mlsirm.judge_construct,class,policy,None,keep,"Out of ADR-0028 policy scope (not a precision control, decision threshold, seed, or model-choice parameter).",
python,JudgeConstructSpec,keep,keep,Already conforms to ADR-0028 naming convention.,fast_mlsirm.judge_construct,class,warnings,<factory>,keep,"Out of ADR-0028 policy scope (not a precision control, decision threshold, seed, or model-choice parameter).",
python,describe_measurement_contract,keep,keep,Already conforms to ADR-0028 naming convention.,fast_mlsirm.judge_construct,function,,,n/a,No defaulted parameters.,
python,project_judge_results_to_matrix,keep,keep,Already conforms to ADR-0028 naming convention.,fast_mlsirm.judge_construct,function,,,n/a,No defaulted parameters.,
python,validate_judge_construct,keep,keep,Already conforms to ADR-0028 naming convention.,fast_mlsirm.judge_construct,function,allow_short_form,False,keep,"Out of ADR-0028 policy scope (not a precision control, decision threshold, seed, or model-choice parameter).",
python,validate_judge_construct,keep,keep,Already conforms to ADR-0028 naming convention.,fast_mlsirm.judge_construct,function,item_type,'polytomous',keep,"Out of ADR-0028 policy scope (not a precision control, decision threshold, seed, or model-choice parameter).",
python,validate_judge_construct,keep,keep,Already conforms to ADR-0028 naming convention.,fast_mlsirm.judge_construct,function,n_categories,None,keep,"Out of ADR-0028 policy scope (not a precision control, decision threshold, seed, or model-choice parameter).",
python,validate_judge_construct,keep,keep,Already conforms to ADR-0028 naming convention.,fast_mlsirm.judge_construct,function,policy,None,keep,"Out of ADR-0028 policy scope (not a precision control, decision threshold, seed, or model-choice parameter).",
python,KsirtResult,keep,keep,Already conforms to ADR-0028 naming convention.,fast_mlsirm.ksirt,class,,,n/a,No defaulted parameters.,
python,ksirt_analysis,keep,keep,Already conforms to ADR-0028 naming convention.,fast_mlsirm.ksirt,function,bandwidth,None,keep,"Out of ADR-0028 policy scope (not a precision control, decision threshold, seed, or model-choice parameter).",
python,ksirt_analysis,keep,keep,Already conforms to ADR-0028 naming convention.,fast_mlsirm.ksirt,function,kernel,'gaussian',keep,"Out of ADR-0028 policy scope (not a precision control, decision threshold, seed, or model-choice parameter).",
python,ksirt_analysis,keep,keep,Already conforms to ADR-0028 naming convention.,fast_mlsirm.ksirt,function,nevalpoints,51,require,ADR-0028 rule 1: numerical-precision (quadrature node count) control; no in-repo citation for this value and/or below the AGENTS.md #1929 floor of 121 -> required argument.,"Deprecation: keep nevalpoints=51 accepted only when explicitly passed for one minor release (DeprecationWarning), then remove; changelog Changed entry."
python,IrtLinkResult,keep,keep,Already conforms to ADR-0028 naming convention.,fast_mlsirm.linking,class,converged,True,keep,"Out of ADR-0028 policy scope (not a precision control, decision threshold, seed, or model-choice parameter).",
python,IrtLinkResult,keep,keep,Already conforms to ADR-0028 naming convention.,fast_mlsirm.linking,class,final_objective_span,0.0,keep,"Out of ADR-0028 policy scope (not a precision control, decision threshold, seed, or model-choice parameter).",
python,IrtLinkResult,keep,keep,Already conforms to ADR-0028 naming convention.,fast_mlsirm.linking,class,final_parameter_span,0.0,keep,"Out of ADR-0028 policy scope (not a precision control, decision threshold, seed, or model-choice parameter).",
python,IrtLinkResult,keep,keep,Already conforms to ADR-0028 naming convention.,fast_mlsirm.linking,class,max_iter,0,require,ADR-0028 rule 1: iteration/convergence precision control; no documented convergence-criterion source -> required argument.,"Deprecation: keep max_iter=0 accepted only when explicitly passed for one minor release (DeprecationWarning), then remove; changelog Changed entry."
python,IrtLinkResult,keep,keep,Already conforms to ADR-0028 naming convention.,fast_mlsirm.linking,class,objective_tolerance,0.0,keep,"Out of ADR-0028 policy scope (not a precision control, decision threshold, seed, or model-choice parameter).",
python,IrtLinkResult,keep,keep,Already conforms to ADR-0028 naming convention.,fast_mlsirm.linking,class,parameter_tolerance,0.0,keep,"Out of ADR-0028 policy scope (not a precision control, decision threshold, seed, or model-choice parameter).",
python,IrtLinkResult,keep,keep,Already conforms to ADR-0028 naming convention.,fast_mlsirm.linking,class,termination_reason,'closed_form',keep,"Out of ADR-0028 policy scope (not a precision control, decision threshold, seed, or model-choice parameter).",
python,irt_link,keep,keep,Already conforms to ADR-0028 naming convention.,fast_mlsirm.linking,function,method,'stocking_lord',keep,"Out of ADR-0028 policy scope (not a precision control, decision threshold, seed, or model-choice parameter).",
python,irt_link,keep,keep,Already conforms to ADR-0028 naming convention.,fast_mlsirm.linking,function,q_theta,41,require,ADR-0028 rule 1: numerical-precision (quadrature node count) control; no in-repo citation for this value and/or below the AGENTS.md #1929 floor of 121 -> required argument.,"Deprecation: keep q_theta=41 accepted only when explicitly passed for one minor release (DeprecationWarning), then remove; changelog Changed entry."
python,link_fixed_item_parameters,keep,keep,Already conforms to ADR-0028 naming convention.,fast_mlsirm.linking,function,factor_id,None,keep,"Out of ADR-0028 policy scope (not a precision control, decision threshold, seed, or model-choice parameter).",
python,ContextualOrchestratorJudge,keep,keep,Already conforms to ADR-0028 naming convention.,fast_mlsirm.llm_judge,class,accept_threshold,0.7,keep,"Out of ADR-0028 policy scope (not a precision control, decision threshold, seed, or model-choice parameter).",
python,ContextualOrchestratorJudge,keep,keep,Already conforms to ADR-0028 naming convention.,fast_mlsirm.llm_judge,class,mode,'auto',keep,"Out of ADR-0028 policy scope (not a precision control, decision threshold, seed, or model-choice parameter).",
python,JudgeCriterion,keep,keep,Already conforms to ADR-0028 naming convention.,fast_mlsirm.llm_judge,class,category_anchors,None,keep,"Out of ADR-0028 policy scope (not a precision control, decision threshold, seed, or model-choice parameter).",
python,JudgeCriterion,keep,keep,Already conforms to ADR-0028 naming convention.,fast_mlsirm.llm_judge,class,weight,1.0,keep,"Out of ADR-0028 policy scope (not a precision control, decision threshold, seed, or model-choice parameter).",
python,JudgeFormatError,keep,keep,Already conforms to ADR-0028 naming convention.,fast_mlsirm.llm_judge,class,evidence,None,keep,"Out of ADR-0028 policy scope (not a precision control, decision threshold, seed, or model-choice parameter).",
python,LLMJudgeResult,keep,keep,Already conforms to ADR-0028 naming convention.,fast_mlsirm.llm_judge,class,category_anchors_provided,False,keep,"Out of ADR-0028 policy scope (not a precision control, decision threshold, seed, or model-choice parameter).",
python,LLMJudgeResult,keep,keep,Already conforms to ADR-0028 naming convention.,fast_mlsirm.llm_judge,class,category_count,None,keep,"Out of ADR-0028 policy scope (not a precision control, decision threshold, seed, or model-choice parameter).",
python,LLMJudgeResult,keep,keep,Already conforms to ADR-0028 naming convention.,fast_mlsirm.llm_judge,class,category_method,'direct',keep,"Out of ADR-0028 policy scope (not a precision control, decision threshold, seed, or model-choice parameter).",
python,LLMJudgeResult,keep,keep,Already conforms to ADR-0028 naming convention.,fast_mlsirm.llm_judge,class,criterion_categories,None,keep,"Out of ADR-0028 policy scope (not a precision control, decision threshold, seed, or model-choice parameter).",
python,LltmFit,keep,keep,Already conforms to ADR-0028 naming convention.,fast_mlsirm.lltm,class,,,n/a,No defaulted parameters.,
python,fit_lltm,keep,keep,Already conforms to ADR-0028 naming convention.,fast_mlsirm.lltm,function,compute_lr,True,keep,"Out of ADR-0028 policy scope (not a precision control, decision threshold, seed, or model-choice parameter).",
python,fit_lltm,keep,keep,Already conforms to ADR-0028 naming convention.,fast_mlsirm.lltm,function,fit_intercept,True,keep,"Out of ADR-0028 policy scope (not a precision control, decision threshold, seed, or model-choice parameter).",
python,fit_lltm,keep,keep,Already conforms to ADR-0028 naming convention.,fast_mlsirm.lltm,function,max_iter,500,require,ADR-0028 rule 1: iteration/convergence precision control; no documented convergence-criterion source -> required argument.,"Deprecation: keep max_iter=500 accepted only when explicitly passed for one minor release (DeprecationWarning), then remove; changelog Changed entry."
python,fit_lltm,keep,keep,Already conforms to ADR-0028 naming convention.,fast_mlsirm.lltm,function,tol,1e-06,require,ADR-0028 rule 1: iteration/convergence precision control; no documented convergence-criterion source -> required argument.,"Deprecation: keep tol=1e-06 accepted only when explicitly passed for one minor release (DeprecationWarning), then remove; changelog Changed entry."
python,logit,keep,keep,Already conforms to ADR-0028 naming convention.,fast_mlsirm.math,function,eps,1e-06,require,ADR-0028 rule 1: iteration/convergence precision control; no documented convergence-criterion source -> required argument.,"Deprecation: keep eps=1e-06 accepted only when explicitly passed for one minor release (DeprecationWarning), then remove; changelog Changed entry."
python,normalize_latent_positions,keep,keep,Already conforms to ADR-0028 naming convention.,fast_mlsirm.math,function,,,n/a,No defaulted parameters.,
python,sigmoid,keep,keep,Already conforms to ADR-0028 naming convention.,fast_mlsirm.math,function,,,n/a,No defaulted parameters.,
python,softplus,keep,keep,Already conforms to ADR-0028 naming convention.,fast_mlsirm.math,function,,,n/a,No defaulted parameters.,
python,standardize,keep,keep,Already conforms to ADR-0028 naming convention.,fast_mlsirm.math,function,,,n/a,No defaulted parameters.,
python,BinaryResponseCell,keep,keep,Already conforms to ADR-0028 naming convention.,fast_mlsirm.measurement.binary_response,class,_admission_token,None,keep,"Out of ADR-0028 policy scope (not a precision control, decision threshold, seed, or model-choice parameter).",
python,BinaryResponseCell,keep,keep,Already conforms to ADR-0028 naming convention.,fast_mlsirm.measurement.binary_response,class,adjudication_ref,None,keep,"Out of ADR-0028 policy scope (not a precision control, decision threshold, seed, or model-choice parameter).",
python,BinaryResponseContractError,keep,keep,Already conforms to ADR-0028 naming convention.,fast_mlsirm.measurement.binary_response,class,,,n/a,No defaulted parameters.,
python,BinaryResponseMatrix,keep,keep,Already conforms to ADR-0028 naming convention.,fast_mlsirm.measurement.binary_response,class,_admission_token,None,keep,"Out of ADR-0028 policy scope (not a precision control, decision threshold, seed, or model-choice parameter).",
python,BinaryResponseState,keep,keep,Already conforms to ADR-0028 naming convention.,fast_mlsirm.measurement.binary_response,class,,,n/a,No defaulted parameters.,
python,build_binary_response_cell,keep,keep,Already conforms to ADR-0028 naming convention.,fast_mlsirm.measurement.binary_response,function,adjudication_ref,None,keep,"Out of ADR-0028 policy scope (not a precision control, decision threshold, seed, or model-choice parameter).",
python,build_binary_response_matrix,keep,keep,Already conforms to ADR-0028 naming convention.,fast_mlsirm.measurement.binary_response,function,,,n/a,No defaulted parameters.,
python,MhrmFit,keep,keep,Already conforms to ADR-0028 naming convention.,fast_mlsirm.mhrm,class,,,n/a,No defaulted parameters.,
python,fit_mhrm,keep,keep,Already conforms to ADR-0028 naming convention.,fast_mlsirm.mhrm,function,burn_in,200,require,ADR-0028 rule 1: iteration/convergence precision control; no documented convergence-criterion source -> required argument.,"Deprecation: keep burn_in=200 accepted only when explicitly passed for one minor release (DeprecationWarning), then remove; changelog Changed entry."
python,fit_mhrm,keep,keep,Already conforms to ADR-0028 naming convention.,fast_mlsirm.mhrm,function,estimate_corr,False,keep,"Out of ADR-0028 policy scope (not a precision control, decision threshold, seed, or model-choice parameter).",
python,fit_mhrm,keep,keep,Already conforms to ADR-0028 naming convention.,fast_mlsirm.mhrm,function,estimate_se,True,keep,"Out of ADR-0028 policy scope (not a precision control, decision threshold, seed, or model-choice parameter).",
python,fit_mhrm,keep,keep,Already conforms to ADR-0028 naming convention.,fast_mlsirm.mhrm,function,family,'2pl',keep,"Out of ADR-0028 policy scope (not a precision control, decision threshold, seed, or model-choice parameter).",
python,fit_mhrm,keep,keep,Already conforms to ADR-0028 naming convention.,fast_mlsirm.mhrm,function,max_cycles,2000,require,ADR-0028 rule 1: iteration/convergence precision control; no documented convergence-criterion source -> required argument.,"Deprecation: keep max_cycles=2000 accepted only when explicitly passed for one minor release (DeprecationWarning), then remove; changelog Changed entry."
python,fit_mhrm,keep,keep,Already conforms to ADR-0028 naming convention.,fast_mlsirm.mhrm,function,mh_steps,5,require,ADR-0028 rule 1: iteration/convergence precision control; no documented convergence-criterion source -> required argument.,"Deprecation: keep mh_steps=5 accepted only when explicitly passed for one minor release (DeprecationWarning), then remove; changelog Changed entry."
python,fit_mhrm,keep,keep,Already conforms to ADR-0028 naming convention.,fast_mlsirm.mhrm,function,model,1,require,ADR-0028 rule 4: function is model-generic (not model-specific by name) -> model choice has no default.,"Deprecation: keep model=1 accepted only when explicitly passed for one minor release (DeprecationWarning), then remove; changelog Changed entry."
python,fit_mhrm,keep,keep,Already conforms to ADR-0028 naming convention.,fast_mlsirm.mhrm,function,n_cat,2,keep,"Out of ADR-0028 policy scope (not a precision control, decision threshold, seed, or model-choice parameter).",
python,fit_mhrm,keep,keep,Already conforms to ADR-0028 naming convention.,fast_mlsirm.mhrm,function,proposal_sd,1.0,keep,"Out of ADR-0028 policy scope (not a precision control, decision threshold, seed, or model-choice parameter).",
python,fit_mhrm,keep,keep,Already conforms to ADR-0028 naming convention.,fast_mlsirm.mhrm,function,seed,11400714819323198485,require,ADR-0028 rule 3: stochastic routines must not ship a default seed -> required argument.,"Deprecation: keep seed=11400714819323198485 accepted only when explicitly passed for one minor release (DeprecationWarning), then remove; changelog Changed entry."
python,fit_mhrm,keep,keep,Already conforms to ADR-0028 naming convention.,fast_mlsirm.mhrm,function,target_accept,0.3,require,ADR-0028 rule 1: iteration/convergence precision control; no documented convergence-criterion source -> required argument.,"Deprecation: keep target_accept=0.3 accepted only when explicitly passed for one minor release (DeprecationWarning), then remove; changelog Changed entry."
python,fit_mhrm,keep,keep,Already conforms to ADR-0028 naming convention.,fast_mlsirm.mhrm,function,tol,0.001,require,ADR-0028 rule 1: iteration/convergence precision control; no documented convergence-criterion source -> required argument.,"Deprecation: keep tol=0.001 accepted only when explicitly passed for one minor release (DeprecationWarning), then remove; changelog Changed entry."
python,MixedFormatFit,keep,keep,Already conforms to ADR-0028 naming convention.,fast_mlsirm.mixed,class,,,n/a,No defaulted parameters.,
python,MixedItemParameters,keep,keep,Already conforms to ADR-0028 naming convention.,fast_mlsirm.mixed,class,at_bound,(),keep,"Out of ADR-0028 policy scope (not a precision control, decision threshold, seed, or model-choice parameter).",
python,MixedItemParameters,keep,keep,Already conforms to ADR-0028 naming convention.,fast_mlsirm.mixed,class,lower_asymptote,None,keep,"Out of ADR-0028 policy scope (not a precision control, decision threshold, seed, or model-choice parameter).",
python,MixedItemParameters,keep,keep,Already conforms to ADR-0028 naming convention.,fast_mlsirm.mixed,class,upper_asymptote,None,keep,"Out of ADR-0028 policy scope (not a precision control, decision threshold, seed, or model-choice parameter).",
python,fit_mixed_items,keep,keep,Already conforms to ADR-0028 naming convention.,fast_mlsirm.mixed,function,latent_dim,2,keep,"Out of ADR-0028 policy scope (not a precision control, decision threshold, seed, or model-choice parameter).",
python,fit_mixed_items,keep,keep,Already conforms to ADR-0028 naming convention.,fast_mlsirm.mixed,function,mask,None,keep,"Out of ADR-0028 policy scope (not a precision control, decision threshold, seed, or model-choice parameter).",
python,fit_mixed_items,keep,keep,Already conforms to ADR-0028 naming convention.,fast_mlsirm.mixed,function,max_iter,100,require,ADR-0028 rule 1: iteration/convergence precision control; no documented convergence-criterion source -> required argument.,"Deprecation: keep max_iter=100 accepted only when explicitly passed for one minor release (DeprecationWarning), then remove; changelog Changed entry."
python,fit_mixed_items,keep,keep,Already conforms to ADR-0028 naming convention.,fast_mlsirm.mixed,function,n_categories,None,keep,"Out of ADR-0028 policy scope (not a precision control, decision threshold, seed, or model-choice parameter).",
python,fit_mixed_items,keep,keep,Already conforms to ADR-0028 naming convention.,fast_mlsirm.mixed,function,n_threads,0,keep,"Out of ADR-0028 policy scope (not a precision control, decision threshold, seed, or model-choice parameter).",
python,fit_mixed_items,keep,keep,Already conforms to ADR-0028 naming convention.,fast_mlsirm.mixed,function,q_theta,21,require,ADR-0028 rule 1: numerical-precision (quadrature node count) control; no in-repo citation for this value and/or below the AGENTS.md #1929 floor of 121 -> required argument.,"Deprecation: keep q_theta=21 accepted only when explicitly passed for one minor release (DeprecationWarning), then remove; changelog Changed entry."
python,fit_mixed_items,keep,keep,Already conforms to ADR-0028 naming convention.,fast_mlsirm.mixed,function,q_xi,7,require,ADR-0028 rule 1: numerical-precision (quadrature node count) control; no in-repo citation for this value and/or below the AGENTS.md #1929 floor of 121 -> required argument.,"Deprecation: keep q_xi=7 accepted only when explicitly passed for one minor release (DeprecationWarning), then remove; changelog Changed entry."
python,fit_mixed_items,keep,keep,Already conforms to ADR-0028 naming convention.,fast_mlsirm.mixed,function,require_convergence,False,keep,"Out of ADR-0028 policy scope (not a precision control, decision threshold, seed, or model-choice parameter).",
python,fit_mixed_items,keep,keep,Already conforms to ADR-0028 naming convention.,fast_mlsirm.mixed,function,tol,1e-05,require,ADR-0028 rule 1: iteration/convergence precision control; no documented convergence-criterion source -> required argument.,"Deprecation: keep tol=1e-05 accepted only when explicitly passed for one minor release (DeprecationWarning), then remove; changelog Changed entry."
python,MixtureFit,keep,keep,Already conforms to ADR-0028 naming convention.,fast_mlsirm.mixture,class,,,n/a,No defaulted parameters.,
python,fit_mixture,keep,keep,Already conforms to ADR-0028 naming convention.,fast_mlsirm.mixture,function,max_iter,500,require,ADR-0028 rule 1: iteration/convergence precision control; no documented convergence-criterion source -> required argument.,"Deprecation: keep max_iter=500 accepted only when explicitly passed for one minor release (DeprecationWarning), then remove; changelog Changed entry."
python,fit_mixture,keep,keep,Already conforms to ADR-0028 naming convention.,fast_mlsirm.mixture,function,model,'rasch',require,ADR-0028 rule 4: function is model-generic (not model-specific by name) -> model choice has no default.,"Deprecation: keep model='rasch' accepted only when explicitly passed for one minor release (DeprecationWarning), then remove; changelog Changed entry."
python,fit_mixture,keep,keep,Already conforms to ADR-0028 naming convention.,fast_mlsirm.mixture,function,n_classes,2,keep,"Out of ADR-0028 policy scope (not a precision control, decision threshold, seed, or model-choice parameter).",
python,fit_mixture,keep,keep,Already conforms to ADR-0028 naming convention.,fast_mlsirm.mixture,function,n_starts,1,require,ADR-0028 rule 1: replicate/bootstrap/draw count; no Monte-Carlo-error source cited -> required argument.,"Deprecation: keep n_starts=1 accepted only when explicitly passed for one minor release (DeprecationWarning), then remove; changelog Changed entry."
python,fit_mixture,keep,keep,Already conforms to ADR-0028 naming convention.,fast_mlsirm.mixture,function,seed,625341585,require,ADR-0028 rule 3: stochastic routines must not ship a default seed -> required argument.,"Deprecation: keep seed=625341585 accepted only when explicitly passed for one minor release (DeprecationWarning), then remove; changelog Changed entry."
python,fit_mixture,keep,keep,Already conforms to ADR-0028 naming convention.,fast_mlsirm.mixture,function,tol,1e-06,require,ADR-0028 rule 1: iteration/convergence precision control; no documented convergence-criterion source -> required argument.,"Deprecation: keep tol=1e-06 accepted only when explicitly passed for one minor release (DeprecationWarning), then remove; changelog Changed entry."
python,ComparisonStatus,keep,keep,Already conforms to ADR-0028 naming convention.,fast_mlsirm.model_comparison,class,,,n/a,No defaulted parameters.,
python,ModelComparisonResult,keep,keep,Already conforms to ADR-0028 naming convention.,fast_mlsirm.model_comparison,class,,,n/a,No defaulted parameters.,
python,ModelRelation,keep,keep,Already conforms to ADR-0028 naming convention.,fast_mlsirm.model_comparison,class,,,n/a,No defaulted parameters.,
python,VuongKernelError,keep,keep,Already conforms to ADR-0028 naming convention.,fast_mlsirm.model_comparison,class,,,n/a,No defaulted parameters.,
python,compare_nonnested_models,keep,keep,Already conforms to ADR-0028 naming convention.,fast_mlsirm.model_comparison,function,alpha,0.05,require,ADR-0028 rule 2: decision threshold / flag cutoff / stopping rule; no APA 7th source cited for this specific value -> required argument.,"Deprecation: keep alpha=0.05 accepted only when explicitly passed for one minor release (DeprecationWarning), then remove; changelog Changed entry."
python,compare_nonnested_models,keep,keep,Already conforms to ADR-0028 naming convention.,fast_mlsirm.model_comparison,function,bic_correction,True,keep,"Out of ADR-0028 policy scope (not a precision control, decision threshold, seed, or model-choice parameter).",
python,compare_nonnested_models,keep,keep,Already conforms to ADR-0028 naming convention.,fast_mlsirm.model_comparison,function,model_a,'A',keep,"Out of ADR-0028 policy scope (not a precision control, decision threshold, seed, or model-choice parameter).",
python,compare_nonnested_models,keep,keep,Already conforms to ADR-0028 naming convention.,fast_mlsirm.model_comparison,function,model_b,'B',keep,"Out of ADR-0028 policy scope (not a precision control, decision threshold, seed, or model-choice parameter).",
python,compare_nonnested_models,keep,keep,Already conforms to ADR-0028 naming convention.,fast_mlsirm.model_comparison,function,omega_tol,1e-12,require,ADR-0028 rule 1: iteration/convergence precision control; no documented convergence-criterion source -> required argument.,"Deprecation: keep omega_tol=1e-12 accepted only when explicitly passed for one minor release (DeprecationWarning), then remove; changelog Changed entry."
python,compare_nonnested_models,keep,keep,Already conforms to ADR-0028 naming convention.,fast_mlsirm.model_comparison,function,relation,<ModelRelation.UNKNOWN: 'unknown'>,keep,"Out of ADR-0028 policy scope (not a precision control, decision threshold, seed, or model-choice parameter).",
python,MeasurementModelRelation,keep,keep,Already conforms to ADR-0028 naming convention.,fast_mlsirm.model_relation,class,,,n/a,No defaulted parameters.,
python,ModelComparisonProcedure,keep,keep,Already conforms to ADR-0028 naming convention.,fast_mlsirm.model_relation,class,,,n/a,No defaulted parameters.,
python,ModelRelationEvidence,keep,keep,Already conforms to ADR-0028 naming convention.,fast_mlsirm.model_relation,class,formal_distinguishability,None,keep,"Out of ADR-0028 policy scope (not a precision control, decision threshold, seed, or model-choice parameter).",
python,ModelRelationEvidence,keep,keep,Already conforms to ADR-0028 naming convention.,fast_mlsirm.model_relation,class,nonlinear_constraints,False,keep,"Out of ADR-0028 policy scope (not a precision control, decision threshold, seed, or model-choice parameter).",
python,ModelRelationEvidence,keep,keep,Already conforms to ADR-0028 naming convention.,fast_mlsirm.model_relation,class,null_on_boundary,False,keep,"Out of ADR-0028 policy scope (not a precision control, decision threshold, seed, or model-choice parameter).",
python,ModelRelationEvidence,keep,keep,Already conforms to ADR-0028 naming convention.,fast_mlsirm.model_relation,class,parameter_spaces_overlap,None,keep,"Out of ADR-0028 policy scope (not a precision control, decision threshold, seed, or model-choice parameter).",
python,ModelRelationEvidence,keep,keep,Already conforms to ADR-0028 naming convention.,fast_mlsirm.model_relation,class,unidentified_under_null,False,keep,"Out of ADR-0028 policy scope (not a precision control, decision threshold, seed, or model-choice parameter).",
python,ModelRelationResult,keep,keep,Already conforms to ADR-0028 naming convention.,fast_mlsirm.model_relation,class,,,n/a,No defaulted parameters.,
python,classify_model_relation,keep,keep,Already conforms to ADR-0028 naming convention.,fast_mlsirm.model_relation,function,,,n/a,No defaulted parameters.,
python,GeneralizationUnit,keep,keep,Already conforms to ADR-0028 naming convention.,fast_mlsirm.model_validation,class,,,n/a,No defaulted parameters.,
python,ModelValidationPlan,keep,keep,Already conforms to ADR-0028 naming convention.,fast_mlsirm.model_validation,class,,,n/a,No defaulted parameters.,
python,ValidationStrategy,keep,keep,Already conforms to ADR-0028 naming convention.,fast_mlsirm.model_validation,class,,,n/a,No defaulted parameters.,
python,validate_group_partition,keep,keep,Already conforms to ADR-0028 naming convention.,fast_mlsirm.model_validation,function,,,n/a,No defaulted parameters.,
python,validate_temporal_forward_window,keep,keep,Already conforms to ADR-0028 naming convention.,fast_mlsirm.model_validation,function,,,n/a,No defaulted parameters.,
python,ConfirmatoryModel,keep,keep,Already conforms to ADR-0028 naming convention.,fast_mlsirm.models,class,,,n/a,No defaulted parameters.,
python,ExploratoryModel,keep,keep,Already conforms to ADR-0028 naming convention.,fast_mlsirm.models,class,dimensions,1,keep,"Out of ADR-0028 policy scope (not a precision control, decision threshold, seed, or model-choice parameter).",
python,confirmatory,keep,keep,Already conforms to ADR-0028 naming convention.,fast_mlsirm.models,function,,,n/a,No defaulted parameters.,
python,exploratory,keep,keep,Already conforms to ADR-0028 naming convention.,fast_mlsirm.models,function,dimensions,1,keep,"Out of ADR-0028 policy scope (not a precision control, decision threshold, seed, or model-choice parameter).",
python,MokkenResult,keep,keep,Already conforms to ADR-0028 naming convention.,fast_mlsirm.mokken,class,,,n/a,No defaulted parameters.,
python,mokken_analysis,keep,keep,Already conforms to ADR-0028 naming convention.,fast_mlsirm.mokken,function,alpha,0.05,require,ADR-0028 rule 2: decision threshold / flag cutoff / stopping rule; no APA 7th source cited for this specific value -> required argument.,"Deprecation: keep alpha=0.05 accepted only when explicitly passed for one minor release (DeprecationWarning), then remove; changelog Changed entry."
python,mokken_analysis,keep,keep,Already conforms to ADR-0028 naming convention.,fast_mlsirm.mokken,function,lower_bound,0.3,keep,"Out of ADR-0028 policy scope (not a precision control, decision threshold, seed, or model-choice parameter).",
python,ContextMembership,keep,keep,Already conforms to ADR-0028 naming convention.,fast_mlsirm.multilevel.contracts,class,_membership_token,None,keep,"Out of ADR-0028 policy scope (not a precision control, decision threshold, seed, or model-choice parameter).",
python,ContextMembership,keep,keep,Already conforms to ADR-0028 naming convention.,fast_mlsirm.multilevel.contracts,class,schema_version,'1.0',keep,"Out of ADR-0028 policy scope (not a precision control, decision threshold, seed, or model-choice parameter).",
python,ContextMembershipDesign,keep,keep,Already conforms to ADR-0028 naming convention.,fast_mlsirm.multilevel.contracts,class,_design_token,None,keep,"Out of ADR-0028 policy scope (not a precision control, decision threshold, seed, or model-choice parameter).",
python,ContextMembershipDesign,keep,keep,Already conforms to ADR-0028 naming convention.,fast_mlsirm.multilevel.contracts,class,schema_version,'1.0',keep,"Out of ADR-0028 policy scope (not a precision control, decision threshold, seed, or model-choice parameter).",
python,LongitudinalDesign,keep,keep,Already conforms to ADR-0028 naming convention.,fast_mlsirm.multilevel.contracts,class,_design_token,None,keep,"Out of ADR-0028 policy scope (not a precision control, decision threshold, seed, or model-choice parameter).",
python,LongitudinalDesign,keep,keep,Already conforms to ADR-0028 naming convention.,fast_mlsirm.multilevel.contracts,class,schema_version,'1.0',keep,"Out of ADR-0028 policy scope (not a precision control, decision threshold, seed, or model-choice parameter).",
python,LongitudinalStateKind,keep,keep,Already conforms to ADR-0028 naming convention.,fast_mlsirm.multilevel.contracts,class,,,n/a,No defaulted parameters.,
python,LongitudinalStateSpec,keep,keep,Already conforms to ADR-0028 naming convention.,fast_mlsirm.multilevel.contracts,class,_state_spec_token,None,keep,"Out of ADR-0028 policy scope (not a precision control, decision threshold, seed, or model-choice parameter).",
python,LongitudinalStateSpec,keep,keep,Already conforms to ADR-0028 naming convention.,fast_mlsirm.multilevel.contracts,class,schema_version,'1.0',keep,"Out of ADR-0028 policy scope (not a precision control, decision threshold, seed, or model-choice parameter).",
python,TemporalOccasion,keep,keep,Already conforms to ADR-0028 naming convention.,fast_mlsirm.multilevel.contracts,class,_occasion_token,None,keep,"Out of ADR-0028 policy scope (not a precision control, decision threshold, seed, or model-choice parameter).",
python,TemporalOccasion,keep,keep,Already conforms to ADR-0028 naming convention.,fast_mlsirm.multilevel.contracts,class,schema_version,'1.0',keep,"Out of ADR-0028 policy scope (not a precision control, decision threshold, seed, or model-choice parameter).",
python,build_context_membership,keep,keep,Already conforms to ADR-0028 naming convention.,fast_mlsirm.multilevel.contracts,function,,,n/a,No defaulted parameters.,
python,build_context_membership_design,keep,keep,Already conforms to ADR-0028 naming convention.,fast_mlsirm.multilevel.contracts,function,,,n/a,No defaulted parameters.,
python,build_longitudinal_design,keep,keep,Already conforms to ADR-0028 naming convention.,fast_mlsirm.multilevel.contracts,function,,,n/a,No defaulted parameters.,
python,build_longitudinal_state_spec,keep,keep,Already conforms to ADR-0028 naming convention.,fast_mlsirm.multilevel.contracts,function,autoregressive_coefficient,None,keep,"Out of ADR-0028 policy scope (not a precision control, decision threshold, seed, or model-choice parameter).",
python,build_longitudinal_state_spec,keep,keep,Already conforms to ADR-0028 naming convention.,fast_mlsirm.multilevel.contracts,function,include_lagged_response_dependence,False,keep,"Out of ADR-0028 policy scope (not a precision control, decision threshold, seed, or model-choice parameter).",
python,build_temporal_occasion,keep,keep,Already conforms to ADR-0028 naming convention.,fast_mlsirm.multilevel.contracts,function,,,n/a,No defaulted parameters.,
python,CrossedPersonEffectResult,keep,keep,Already conforms to ADR-0028 naming convention.,fast_mlsirm.multilevel.estimation,class,,,n/a,No defaulted parameters.,
python,estimate_crossed_person_effects,keep,keep,Already conforms to ADR-0028 naming convention.,fast_mlsirm.multilevel.estimation,function,device,'auto',keep,"Out of ADR-0028 policy scope (not a precision control, decision threshold, seed, or model-choice parameter).",
python,estimate_crossed_person_effects,keep,keep,Already conforms to ADR-0028 naming convention.,fast_mlsirm.multilevel.estimation,function,item_slopes,None,keep,"Out of ADR-0028 policy scope (not a precision control, decision threshold, seed, or model-choice parameter).",
python,estimate_crossed_person_effects,keep,keep,Already conforms to ADR-0028 naming convention.,fast_mlsirm.multilevel.estimation,function,max_iter,50,require,ADR-0028 rule 1: iteration/convergence precision control; no documented convergence-criterion source -> required argument.,"Deprecation: keep max_iter=50 accepted only when explicitly passed for one minor release (DeprecationWarning), then remove; changelog Changed entry."
python,estimate_crossed_person_effects,keep,keep,Already conforms to ADR-0028 naming convention.,fast_mlsirm.multilevel.estimation,function,person_offsets,None,keep,"Out of ADR-0028 policy scope (not a precision control, decision threshold, seed, or model-choice parameter).",
python,estimate_crossed_person_effects,keep,keep,Already conforms to ADR-0028 naming convention.,fast_mlsirm.multilevel.estimation,function,prior_scale,1.0,keep,"Out of ADR-0028 policy scope (not a precision control, decision threshold, seed, or model-choice parameter).",
python,estimate_crossed_person_effects,keep,keep,Already conforms to ADR-0028 naming convention.,fast_mlsirm.multilevel.estimation,function,tol,1e-08,require,ADR-0028 rule 1: iteration/convergence precision control; no documented convergence-criterion source -> required argument.,"Deprecation: keep tol=1e-08 accepted only when explicitly passed for one minor release (DeprecationWarning), then remove; changelog Changed entry."
python,estimate_crossed_person_effects,keep,keep,Already conforms to ADR-0028 naming convention.,fast_mlsirm.multilevel.estimation,function,worker_count,1,keep,"Out of ADR-0028 policy scope (not a precision control, decision threshold, seed, or model-choice parameter).",
python,fit_hierarchical_longitudinal_irt,keep,keep,Already conforms to ADR-0028 naming convention.,fast_mlsirm.multilevel.estimation,function,hessian_step,0.001,require,ADR-0028 rule 1: iteration/convergence precision control; no documented convergence-criterion source -> required argument.,"Deprecation: keep hessian_step=0.001 accepted only when explicitly passed for one minor release (DeprecationWarning), then remove; changelog Changed entry."
python,fit_hierarchical_longitudinal_irt,keep,keep,Already conforms to ADR-0028 naming convention.,fast_mlsirm.multilevel.estimation,function,item_ids,None,keep,"Out of ADR-0028 policy scope (not a precision control, decision threshold, seed, or model-choice parameter).",
python,fit_hierarchical_longitudinal_irt,keep,keep,Already conforms to ADR-0028 naming convention.,fast_mlsirm.multilevel.estimation,function,max_iter,250,require,ADR-0028 rule 1: iteration/convergence precision control; no documented convergence-criterion source -> required argument.,"Deprecation: keep max_iter=250 accepted only when explicitly passed for one minor release (DeprecationWarning), then remove; changelog Changed entry."
python,fit_hierarchical_longitudinal_irt,keep,keep,Already conforms to ADR-0028 naming convention.,fast_mlsirm.multilevel.estimation,function,tolerance,1e-05,require,ADR-0028 rule 1: iteration/convergence precision control; no documented convergence-criterion source -> required argument.,"Deprecation: keep tolerance=1e-05 accepted only when explicitly passed for one minor release (DeprecationWarning), then remove; changelog Changed entry."
python,fit_hierarchical_longitudinal_irt,keep,keep,Already conforms to ADR-0028 naming convention.,fast_mlsirm.multilevel.estimation,function,worker_count,1,keep,"Out of ADR-0028 policy scope (not a precision control, decision threshold, seed, or model-choice parameter).",
python,fit_longitudinal_state,keep,keep,Already conforms to ADR-0028 naming convention.,fast_mlsirm.multilevel.estimation,function,worker_count,1,keep,"Out of ADR-0028 policy scope (not a precision control, decision threshold, seed, or model-choice parameter).",
python,simulate_hierarchical_longitudinal_irt,keep,keep,Already conforms to ADR-0028 naming convention.,fast_mlsirm.multilevel.estimation,function,decay_rate,0.35,keep,"Out of ADR-0028 policy scope (not a precision control, decision threshold, seed, or model-choice parameter).",
python,simulate_hierarchical_longitudinal_irt,keep,keep,Already conforms to ADR-0028 naming convention.,fast_mlsirm.multilevel.estimation,function,population_mean,0.0,keep,"Out of ADR-0028 policy scope (not a precision control, decision threshold, seed, or model-choice parameter).",
python,simulate_hierarchical_longitudinal_irt,keep,keep,Already conforms to ADR-0028 naming convention.,fast_mlsirm.multilevel.estimation,function,population_sd,0.7,keep,"Out of ADR-0028 policy scope (not a precision control, decision threshold, seed, or model-choice parameter).",
python,simulate_hierarchical_longitudinal_irt,keep,keep,Already conforms to ADR-0028 naming convention.,fast_mlsirm.multilevel.estimation,function,seed,1,require,ADR-0028 rule 3: stochastic routines must not ship a default seed -> required argument.,"Deprecation: keep seed=1 accepted only when explicitly passed for one minor release (DeprecationWarning), then remove; changelog Changed entry."
python,weighted_contextual_effect,keep,keep,Already conforms to ADR-0028 naming convention.,fast_mlsirm.multilevel.estimation,function,worker_count,1,keep,"Out of ADR-0028 policy scope (not a precision control, decision threshold, seed, or model-choice parameter).",
python,NominalResponseFit,keep,keep,Already conforms to ADR-0028 naming convention.,fast_mlsirm.nominal,class,,,n/a,No defaulted parameters.,
python,fit_nominal,keep,keep,Already conforms to ADR-0028 naming convention.,fast_mlsirm.nominal,function,max_iter,500,require,ADR-0028 rule 1: iteration/convergence precision control; no documented convergence-criterion source -> required argument.,"Deprecation: keep max_iter=500 accepted only when explicitly passed for one minor release (DeprecationWarning), then remove; changelog Changed entry."
python,fit_nominal,keep,keep,Already conforms to ADR-0028 naming convention.,fast_mlsirm.nominal,function,model,1,require,ADR-0028 rule 4: function is model-generic (not model-specific by name) -> model choice has no default.,"Deprecation: keep model=1 accepted only when explicitly passed for one minor release (DeprecationWarning), then remove; changelog Changed entry."
python,fit_nominal,keep,keep,Already conforms to ADR-0028 naming convention.,fast_mlsirm.nominal,function,node_rule,'gh',keep,"Out of ADR-0028 policy scope (not a precision control, decision threshold, seed, or model-choice parameter).",
python,fit_nominal,keep,keep,Already conforms to ADR-0028 naming convention.,fast_mlsirm.nominal,function,q,21,keep,"Out of ADR-0028 policy scope (not a precision control, decision threshold, seed, or model-choice parameter).",
python,fit_nominal,keep,keep,Already conforms to ADR-0028 naming convention.,fast_mlsirm.nominal,function,tol,1e-06,require,ADR-0028 rule 1: iteration/convergence precision control; no documented convergence-criterion source -> required argument.,"Deprecation: keep tol=1e-06 accepted only when explicitly passed for one minor release (DeprecationWarning), then remove; changelog Changed entry."
python,fit_nominal,keep,keep,Already conforms to ADR-0028 naming convention.,fast_mlsirm.nominal,function,xi_points,4000,require,ADR-0028 rule 1: numerical-precision (quadrature node count) control; no in-repo citation for this value and/or below the AGENTS.md #1929 floor of 121 -> required argument.,"Deprecation: keep xi_points=4000 accepted only when explicitly passed for one minor release (DeprecationWarning), then remove; changelog Changed entry."
python,fit_nominal,keep,keep,Already conforms to ADR-0028 naming convention.,fast_mlsirm.nominal,function,xi_seed,11400714819323198485,require,ADR-0028 rule 3: stochastic routines must not ship a default seed -> required argument.,"Deprecation: keep xi_seed=11400714819323198485 accepted only when explicitly passed for one minor release (DeprecationWarning), then remove; changelog Changed entry."
python,linear_predictor,keep,keep,Already conforms to ADR-0028 naming convention.,fast_mlsirm.objective,function,eps_distance,1e-08,require,ADR-0028 rule 1: iteration/convergence precision control; no documented convergence-criterion source -> required argument.,"Deprecation: keep eps_distance=1e-08 accepted only when explicitly passed for one minor release (DeprecationWarning), then remove; changelog Changed entry."
python,linear_predictor,keep,keep,Already conforms to ADR-0028 naming convention.,fast_mlsirm.objective,function,model,'MLS2PLM',require,ADR-0028 rule 4: function is model-generic (not model-specific by name) -> model choice has no default.,"Deprecation: keep model='MLS2PLM' accepted only when explicitly passed for one minor release (DeprecationWarning), then remove; changelog Changed entry."
python,model_flags,keep,keep,Already conforms to ADR-0028 naming convention.,fast_mlsirm.objective,function,,,n/a,No defaulted parameters.,
python,neg_loglik_and_grad,keep,keep,Already conforms to ADR-0028 naming convention.,fast_mlsirm.objective,function,backend,'numpy',keep,"Out of ADR-0028 policy scope (not a precision control, decision threshold, seed, or model-choice parameter).",
python,neg_loglik_and_grad,keep,keep,Already conforms to ADR-0028 naming convention.,fast_mlsirm.objective,function,config,None,keep,"Out of ADR-0028 policy scope (not a precision control, decision threshold, seed, or model-choice parameter).",
python,neg_loglik_and_grad,keep,keep,Already conforms to ADR-0028 naming convention.,fast_mlsirm.objective,function,device,None,keep,"Out of ADR-0028 policy scope (not a precision control, decision threshold, seed, or model-choice parameter).",
python,neg_loglik_and_grad,keep,keep,Already conforms to ADR-0028 naming convention.,fast_mlsirm.objective,function,mask,None,keep,"Out of ADR-0028 policy scope (not a precision control, decision threshold, seed, or model-choice parameter).",
python,prepare_response,keep,keep,Already conforms to ADR-0028 naming convention.,fast_mlsirm.objective,function,mask,None,keep,"Out of ADR-0028 policy scope (not a precision control, decision threshold, seed, or model-choice parameter).",
python,validate_factor_id,keep,keep,Already conforms to ADR-0028 naming convention.,fast_mlsirm.objective,function,,,n/a,No defaulted parameters.,
python,ParallelAnalysisResult,keep,keep,Already conforms to ADR-0028 naming convention.,fast_mlsirm.parallel_analysis,class,,,n/a,No defaulted parameters.,
python,parallel_analysis,keep,keep,Already conforms to ADR-0028 naming convention.,fast_mlsirm.parallel_analysis,function,centile,0,keep,"Out of ADR-0028 policy scope (not a precision control, decision threshold, seed, or model-choice parameter).",
python,parallel_analysis,keep,keep,Already conforms to ADR-0028 naming convention.,fast_mlsirm.parallel_analysis,function,n_iterations,None,require,ADR-0028 rule 1: iteration/convergence precision control; no documented convergence-criterion source -> required argument.,"Deprecation: keep n_iterations=None accepted only when explicitly passed for one minor release (DeprecationWarning), then remove; changelog Changed entry."
python,parallel_analysis,keep,keep,Already conforms to ADR-0028 naming convention.,fast_mlsirm.parallel_analysis,function,seed,1,require,ADR-0028 rule 3: stochastic routines must not ship a default seed -> required argument.,"Deprecation: keep seed=1 accepted only when explicitly passed for one minor release (DeprecationWarning), then remove; changelog Changed entry."
python,PersonFitNpResult,keep,keep,Already conforms to ADR-0028 naming convention.,fast_mlsirm.personfit_np,class,,,n/a,No defaulted parameters.,
python,person_fit_np,keep,keep,Already conforms to ADR-0028 naming convention.,fast_mlsirm.personfit_np,function,,,n/a,No defaulted parameters.,
python,ExpectedScoreMonotonicity,keep,keep,Already conforms to ADR-0028 naming convention.,fast_mlsirm.polytomous,class,,,n/a,No defaulted parameters.,
python,NominalFit,keep,keep,Already conforms to ADR-0028 naming convention.,fast_mlsirm.polytomous,class,converged,False,keep,"Out of ADR-0028 policy scope (not a precision control, decision threshold, seed, or model-choice parameter).",
python,NominalFit,keep,keep,Already conforms to ADR-0028 naming convention.,fast_mlsirm.polytomous,class,final_delta,nan,keep,"Out of ADR-0028 policy scope (not a precision control, decision threshold, seed, or model-choice parameter).",
python,NominalFit,keep,keep,Already conforms to ADR-0028 naming convention.,fast_mlsirm.polytomous,class,loglik_trace,<factory>,keep,"Out of ADR-0028 policy scope (not a precision control, decision threshold, seed, or model-choice parameter).",
python,NominalFit,keep,keep,Already conforms to ADR-0028 naming convention.,fast_mlsirm.polytomous,class,stopping_tolerance,nan,keep,"Out of ADR-0028 policy scope (not a precision control, decision threshold, seed, or model-choice parameter).",
python,NominalFit,keep,keep,Already conforms to ADR-0028 naming convention.,fast_mlsirm.polytomous,class,termination_reason,'not_fitted',keep,"Out of ADR-0028 policy scope (not a precision control, decision threshold, seed, or model-choice parameter).",
python,PolyLsirmFit,keep,keep,Already conforms to ADR-0028 naming convention.,fast_mlsirm.polytomous,class,,,n/a,No defaulted parameters.,
python,PolytomousFit,keep,keep,Already conforms to ADR-0028 naming convention.,fast_mlsirm.polytomous,class,converged,False,keep,"Out of ADR-0028 policy scope (not a precision control, decision threshold, seed, or model-choice parameter).",
python,PolytomousFit,keep,keep,Already conforms to ADR-0028 naming convention.,fast_mlsirm.polytomous,class,final_delta,nan,keep,"Out of ADR-0028 policy scope (not a precision control, decision threshold, seed, or model-choice parameter).",
python,PolytomousFit,keep,keep,Already conforms to ADR-0028 naming convention.,fast_mlsirm.polytomous,class,loglik_trace,<factory>,keep,"Out of ADR-0028 policy scope (not a precision control, decision threshold, seed, or model-choice parameter).",
python,PolytomousFit,keep,keep,Already conforms to ADR-0028 naming convention.,fast_mlsirm.polytomous,class,stopping_tolerance,nan,keep,"Out of ADR-0028 policy scope (not a precision control, decision threshold, seed, or model-choice parameter).",
python,PolytomousFit,keep,keep,Already conforms to ADR-0028 naming convention.,fast_mlsirm.polytomous,class,termination_reason,'not_fitted',keep,"Out of ADR-0028 policy scope (not a precision control, decision threshold, seed, or model-choice parameter).",
python,PolytomousFit,keep,keep,Already conforms to ADR-0028 naming convention.,fast_mlsirm.polytomous,class,thresholds,None,keep,"Out of ADR-0028 policy scope (not a precision control, decision threshold, seed, or model-choice parameter).",
python,bifactor_expected_total_score_monotonicity,keep,keep,Already conforms to ADR-0028 naming convention.,fast_mlsirm.polytomous,function,,,n/a,No defaulted parameters.,
python,cat_simulate_polytomous,simulate_cat_polytomous,rename,"ADR-0028 naming convention: model/family token is a prefix immediately after the verb, scope qualifier (data shape) is a trailing suffix, verb always leads.",fast_mlsirm.polytomous,function,adaptive,True,keep,"Out of ADR-0028 policy scope (not a precision control, decision threshold, seed, or model-choice parameter).",
python,cat_simulate_polytomous,simulate_cat_polytomous,rename,"ADR-0028 naming convention: model/family token is a prefix immediately after the verb, scope qualifier (data shape) is a trailing suffix, verb always leads.",fast_mlsirm.polytomous,function,max_items,30,keep,"Out of ADR-0028 policy scope (not a precision control, decision threshold, seed, or model-choice parameter).",
python,cat_simulate_polytomous,simulate_cat_polytomous,rename,"ADR-0028 naming convention: model/family token is a prefix immediately after the verb, scope qualifier (data shape) is a trailing suffix, verb always leads.",fast_mlsirm.polytomous,function,min_items,5,keep,"Out of ADR-0028 policy scope (not a precision control, decision threshold, seed, or model-choice parameter).",
python,cat_simulate_polytomous,simulate_cat_polytomous,rename,"ADR-0028 naming convention: model/family token is a prefix immediately after the verb, scope qualifier (data shape) is a trailing suffix, verb always leads.",fast_mlsirm.polytomous,function,q_theta,21,require,ADR-0028 rule 1: numerical-precision (quadrature node count) control; no in-repo citation for this value and/or below the AGENTS.md #1929 floor of 121 -> required argument.,"Deprecation: keep q_theta=21 accepted only when explicitly passed for one minor release (DeprecationWarning), then remove; changelog Changed entry."
python,cat_simulate_polytomous,simulate_cat_polytomous,rename,"ADR-0028 naming convention: model/family token is a prefix immediately after the verb, scope qualifier (data shape) is a trailing suffix, verb always leads.",fast_mlsirm.polytomous,function,se_threshold,0.3,require,ADR-0028 rule 2: decision threshold / flag cutoff / stopping rule; no APA 7th source cited for this specific value -> required argument.,"Deprecation: keep se_threshold=0.3 accepted only when explicitly passed for one minor release (DeprecationWarning), then remove; changelog Changed entry."
python,cat_simulate_polytomous,simulate_cat_polytomous,rename,"ADR-0028 naming convention: model/family token is a prefix immediately after the verb, scope qualifier (data shape) is a trailing suffix, verb always leads.",fast_mlsirm.polytomous,function,seed,0,require,ADR-0028 rule 3: stochastic routines must not ship a default seed -> required argument.,"Deprecation: keep seed=0 accepted only when explicitly passed for one minor release (DeprecationWarning), then remove; changelog Changed entry."
python,dif_polytomous,detect_dif_polytomous,rename,"ADR-0028 naming convention: model/family token is a prefix immediately after the verb, scope qualifier (data shape) is a trailing suffix, verb always leads.",fast_mlsirm.polytomous,function,studied_items,None,keep,"Out of ADR-0028 policy scope (not a precision control, decision threshold, seed, or model-choice parameter).",
python,dif_polytomous_anchor_sets,detect_dif_polytomous_anchor_sets,rename,"ADR-0028 naming convention: model/family token is a prefix immediately after the verb, scope qualifier (data shape) is a trailing suffix, verb always leads.",fast_mlsirm.polytomous,function,reference_group,None,keep,"Out of ADR-0028 policy scope (not a precision control, decision threshold, seed, or model-choice parameter).",
python,dif_polytomous_purified,detect_dif_polytomous_purified,rename,"ADR-0028 naming convention: model/family token is a prefix immediately after the verb, scope qualifier (data shape) is a trailing suffix, verb always leads.",fast_mlsirm.polytomous,function,,,n/a,No defaulted parameters.,
python,expected_total_score_monotonicity,keep,keep,Already conforms to ADR-0028 naming convention.,fast_mlsirm.polytomous,function,,,n/a,No defaulted parameters.,
python,fit_lsirm_polytomous,keep,keep,Already conforms to ADR-0028 naming convention.,fast_mlsirm.polytomous,function,latent_dim,2,keep,"Out of ADR-0028 policy scope (not a precision control, decision threshold, seed, or model-choice parameter).",
python,fit_lsirm_polytomous,keep,keep,Already conforms to ADR-0028 naming convention.,fast_mlsirm.polytomous,function,max_iter,60,require,ADR-0028 rule 1: iteration/convergence precision control; no documented convergence-criterion source -> required argument.,"Deprecation: keep max_iter=60 accepted only when explicitly passed for one minor release (DeprecationWarning), then remove; changelog Changed entry."
python,fit_lsirm_polytomous,keep,keep,Already conforms to ADR-0028 naming convention.,fast_mlsirm.polytomous,function,model,'grm',require,ADR-0028 rule 4: function is model-generic (not model-specific by name) -> model choice has no default.,"Deprecation: keep model='grm' accepted only when explicitly passed for one minor release (DeprecationWarning), then remove; changelog Changed entry."
python,fit_lsirm_polytomous,keep,keep,Already conforms to ADR-0028 naming convention.,fast_mlsirm.polytomous,function,q_theta,11,require,ADR-0028 rule 1: numerical-precision (quadrature node count) control; no in-repo citation for this value and/or below the AGENTS.md #1929 floor of 121 -> required argument.,"Deprecation: keep q_theta=11 accepted only when explicitly passed for one minor release (DeprecationWarning), then remove; changelog Changed entry."
python,fit_lsirm_polytomous,keep,keep,Already conforms to ADR-0028 naming convention.,fast_mlsirm.polytomous,function,q_xi,11,require,ADR-0028 rule 1: numerical-precision (quadrature node count) control; no in-repo citation for this value and/or below the AGENTS.md #1929 floor of 121 -> required argument.,"Deprecation: keep q_xi=11 accepted only when explicitly passed for one minor release (DeprecationWarning), then remove; changelog Changed entry."
python,fit_lsirm_polytomous,keep,keep,Already conforms to ADR-0028 naming convention.,fast_mlsirm.polytomous,function,tol,1e-05,require,ADR-0028 rule 1: iteration/convergence precision control; no documented convergence-criterion source -> required argument.,"Deprecation: keep tol=1e-05 accepted only when explicitly passed for one minor release (DeprecationWarning), then remove; changelog Changed entry."
python,fit_nominal_polytomous,keep,keep,Already conforms to ADR-0028 naming convention.,fast_mlsirm.polytomous,function,max_iter,200,require,ADR-0028 rule 1: iteration/convergence precision control; no documented convergence-criterion source -> required argument.,"Deprecation: keep max_iter=200 accepted only when explicitly passed for one minor release (DeprecationWarning), then remove; changelog Changed entry."
python,fit_nominal_polytomous,keep,keep,Already conforms to ADR-0028 naming convention.,fast_mlsirm.polytomous,function,q_theta,21,require,ADR-0028 rule 1: numerical-precision (quadrature node count) control; no in-repo citation for this value and/or below the AGENTS.md #1929 floor of 121 -> required argument.,"Deprecation: keep q_theta=21 accepted only when explicitly passed for one minor release (DeprecationWarning), then remove; changelog Changed entry."
python,fit_nominal_polytomous,keep,keep,Already conforms to ADR-0028 naming convention.,fast_mlsirm.polytomous,function,tol,1e-06,require,ADR-0028 rule 1: iteration/convergence precision control; no documented convergence-criterion source -> required argument.,"Deprecation: keep tol=1e-06 accepted only when explicitly passed for one minor release (DeprecationWarning), then remove; changelog Changed entry."
python,fit_polytomous,keep,keep,Already conforms to ADR-0028 naming convention.,fast_mlsirm.polytomous,function,max_iter,80,require,ADR-0028 rule 1: iteration/convergence precision control; no documented convergence-criterion source -> required argument.,"Deprecation: keep max_iter=80 accepted only when explicitly passed for one minor release (DeprecationWarning), then remove; changelog Changed entry."
python,fit_polytomous,keep,keep,Already conforms to ADR-0028 naming convention.,fast_mlsirm.polytomous,function,model,'grm',require,ADR-0028 rule 4: function is model-generic (not model-specific by name) -> model choice has no default.,"Deprecation: keep model='grm' accepted only when explicitly passed for one minor release (DeprecationWarning), then remove; changelog Changed entry."
python,fit_polytomous,keep,keep,Already conforms to ADR-0028 naming convention.,fast_mlsirm.polytomous,function,q_theta,21,require,ADR-0028 rule 1: numerical-precision (quadrature node count) control; no in-repo citation for this value and/or below the AGENTS.md #1929 floor of 121 -> required argument.,"Deprecation: keep q_theta=21 accepted only when explicitly passed for one minor release (DeprecationWarning), then remove; changelog Changed entry."
python,fit_polytomous,keep,keep,Already conforms to ADR-0028 naming convention.,fast_mlsirm.polytomous,function,tol,1e-06,require,ADR-0028 rule 1: iteration/convergence precision control; no documented convergence-criterion source -> required argument.,"Deprecation: keep tol=1e-06 accepted only when explicitly passed for one minor release (DeprecationWarning), then remove; changelog Changed entry."
python,focal_expected_total_score_monotonicity,bifactor_focal_expected_total_score_monotonicity,rename,"ADR-0028 naming convention: model/family token is a prefix immediately after the verb, scope qualifier (data shape) is a trailing suffix, verb always leads.",fast_mlsirm.polytomous,function,,,n/a,No defaulted parameters.,
python,information_polytomous,keep,keep,Already conforms to ADR-0028 naming convention.,fast_mlsirm.polytomous,function,,,n/a,No defaulted parameters.,
python,item_fit_polytomous,keep,keep,Already conforms to ADR-0028 naming convention.,fast_mlsirm.polytomous,function,min_expected,1.0,require,ADR-0028 rule 2: decision threshold / flag cutoff / stopping rule; no APA 7th source cited for this specific value -> required argument.,"Deprecation: keep min_expected=1.0 accepted only when explicitly passed for one minor release (DeprecationWarning), then remove; changelog Changed entry."
python,item_fit_polytomous,keep,keep,Already conforms to ADR-0028 naming convention.,fast_mlsirm.polytomous,function,q_theta,21,require,ADR-0028 rule 1: numerical-precision (quadrature node count) control; no in-repo citation for this value and/or below the AGENTS.md #1929 floor of 121 -> required argument.,"Deprecation: keep q_theta=21 accepted only when explicitly passed for one minor release (DeprecationWarning), then remove; changelog Changed entry."
python,local_dependence_polytomous,keep,keep,Already conforms to ADR-0028 naming convention.,fast_mlsirm.polytomous,function,q_theta,21,require,ADR-0028 rule 1: numerical-precision (quadrature node count) control; no in-repo citation for this value and/or below the AGENTS.md #1929 floor of 121 -> required argument.,"Deprecation: keep q_theta=21 accepted only when explicitly passed for one minor release (DeprecationWarning), then remove; changelog Changed entry."
python,m2_polytomous,keep,keep,Already conforms to ADR-0028 naming convention.,fast_mlsirm.polytomous,function,q_theta,21,require,ADR-0028 rule 1: numerical-precision (quadrature node count) control; no in-repo citation for this value and/or below the AGENTS.md #1929 floor of 121 -> required argument.,"Deprecation: keep q_theta=21 accepted only when explicitly passed for one minor release (DeprecationWarning), then remove; changelog Changed entry."
python,person_fit_polytomous,keep,keep,Already conforms to ADR-0028 naming convention.,fast_mlsirm.polytomous,function,flag_threshold,-1.645,require,ADR-0028 rule 2: decision threshold / flag cutoff / stopping rule; no APA 7th source cited for this specific value -> required argument.,"Deprecation: keep flag_threshold=-1.645 accepted only when explicitly passed for one minor release (DeprecationWarning), then remove; changelog Changed entry."
python,person_fit_polytomous,keep,keep,Already conforms to ADR-0028 naming convention.,fast_mlsirm.polytomous,function,prior_mean,0.0,keep,"Out of ADR-0028 policy scope (not a precision control, decision threshold, seed, or model-choice parameter).",
python,person_fit_polytomous,keep,keep,Already conforms to ADR-0028 naming convention.,fast_mlsirm.polytomous,function,prior_sd,1.0,keep,"Out of ADR-0028 policy scope (not a precision control, decision threshold, seed, or model-choice parameter).",
python,person_fit_polytomous,keep,keep,Already conforms to ADR-0028 naming convention.,fast_mlsirm.polytomous,function,q_theta,21,require,ADR-0028 rule 1: numerical-precision (quadrature node count) control; no in-repo citation for this value and/or below the AGENTS.md #1929 floor of 121 -> required argument.,"Deprecation: keep q_theta=21 accepted only when explicitly passed for one minor release (DeprecationWarning), then remove; changelog Changed entry."
python,polytomous_category_probabilities,predict_polytomous_category_probabilities,rename,"ADR-0028 naming convention: model/family token is a prefix immediately after the verb, scope qualifier (data shape) is a trailing suffix, verb always leads.",fast_mlsirm.polytomous,function,,,n/a,No defaulted parameters.,
python,polytomous_expected_response,predict_polytomous_expected_response,rename,"ADR-0028 naming convention: model/family token is a prefix immediately after the verb, scope qualifier (data shape) is a trailing suffix, verb always leads.",fast_mlsirm.polytomous,function,,,n/a,No defaulted parameters.,
python,polytomous_information_criteria,score_polytomous_information_criteria,rename,"ADR-0028 naming convention: model/family token is a prefix immediately after the verb, scope qualifier (data shape) is a trailing suffix, verb always leads.",fast_mlsirm.polytomous,function,,,n/a,No defaulted parameters.,
python,score_polytomous,keep,keep,Already conforms to ADR-0028 naming convention.,fast_mlsirm.polytomous,function,q_theta,21,require,ADR-0028 rule 1: numerical-precision (quadrature node count) control; no in-repo citation for this value and/or below the AGENTS.md #1929 floor of 121 -> required argument.,"Deprecation: keep q_theta=21 accepted only when explicitly passed for one minor release (DeprecationWarning), then remove; changelog Changed entry."
python,u3_cutoff_polytomous,keep,keep,Already conforms to ADR-0028 naming convention.,fast_mlsirm.polytomous,function,alpha,0.05,require,ADR-0028 rule 2: decision threshold / flag cutoff / stopping rule; no APA 7th source cited for this specific value -> required argument.,"Deprecation: keep alpha=0.05 accepted only when explicitly passed for one minor release (DeprecationWarning), then remove; changelog Changed entry."
python,u3_cutoff_polytomous,keep,keep,Already conforms to ADR-0028 naming convention.,fast_mlsirm.polytomous,function,n_rep,200,require,ADR-0028 rule 1: replicate/bootstrap/draw count; no Monte-Carlo-error source cited -> required argument.,"Deprecation: keep n_rep=200 accepted only when explicitly passed for one minor release (DeprecationWarning), then remove; changelog Changed entry."
python,u3_cutoff_polytomous,keep,keep,Already conforms to ADR-0028 naming convention.,fast_mlsirm.polytomous,function,seed,0,require,ADR-0028 rule 3: stochastic routines must not ship a default seed -> required argument.,"Deprecation: keep seed=0 accepted only when explicitly passed for one minor release (DeprecationWarning), then remove; changelog Changed entry."
python,u3_person_fit_polytomous,keep,keep,Already conforms to ADR-0028 naming convention.,fast_mlsirm.polytomous,function,cutoff,None,keep,"Out of ADR-0028 policy scope (not a precision control, decision threshold, seed, or model-choice parameter).",
python,irtree_expand,keep,keep,Already conforms to ADR-0028 naming convention.,fast_mlsirm.preprocessing,function,node_dims,None,require,ADR-0028 rule 1: numerical-precision (quadrature node count) control; no in-repo citation for this value and/or below the AGENTS.md #1929 floor of 121 -> required argument.,"Deprecation: keep node_dims=None accepted only when explicitly passed for one minor release (DeprecationWarning), then remove; changelog Changed entry."
python,andersen_lr_test,keep,keep,Already conforms to ADR-0028 naming convention.,fast_mlsirm.rasch_cml,function,max_iter,100,require,ADR-0028 rule 1: iteration/convergence precision control; no documented convergence-criterion source -> required argument.,"Deprecation: keep max_iter=100 accepted only when explicitly passed for one minor release (DeprecationWarning), then remove; changelog Changed entry."
python,andersen_lr_test,keep,keep,Already conforms to ADR-0028 naming convention.,fast_mlsirm.rasch_cml,function,tol,1e-08,require,ADR-0028 rule 1: iteration/convergence precision control; no documented convergence-criterion source -> required argument.,"Deprecation: keep tol=1e-08 accepted only when explicitly passed for one minor release (DeprecationWarning), then remove; changelog Changed entry."
python,fit_rasch_cml,keep,keep,Already conforms to ADR-0028 naming convention.,fast_mlsirm.rasch_cml,function,max_iter,100,require,ADR-0028 rule 1: iteration/convergence precision control; no documented convergence-criterion source -> required argument.,"Deprecation: keep max_iter=100 accepted only when explicitly passed for one minor release (DeprecationWarning), then remove; changelog Changed entry."
python,fit_rasch_cml,keep,keep,Already conforms to ADR-0028 naming convention.,fast_mlsirm.rasch_cml,function,tol,1e-08,require,ADR-0028 rule 1: iteration/convergence precision control; no documented convergence-criterion source -> required argument.,"Deprecation: keep tol=1e-08 accepted only when explicitly passed for one minor release (DeprecationWarning), then remove; changelog Changed entry."
python,RatingRangeEvidence,keep,keep,Already conforms to ADR-0028 naming convention.,fast_mlsirm.rating_range,class,,,n/a,No defaulted parameters.,
python,paired_rating_range_evidence,keep,keep,Already conforms to ADR-0028 naming convention.,fast_mlsirm.rating_range,function,,,n/a,No defaulted parameters.,
python,fit_reference,keep,keep,Already conforms to ADR-0028 naming convention.,fast_mlsirm.reference,function,anchors,None,keep,"Out of ADR-0028 policy scope (not a precision control, decision threshold, seed, or model-choice parameter).",
python,fit_reference,keep,keep,Already conforms to ADR-0028 naming convention.,fast_mlsirm.reference,function,cluster_id,None,keep,"Out of ADR-0028 policy scope (not a precision control, decision threshold, seed, or model-choice parameter).",
python,fit_reference,keep,keep,Already conforms to ADR-0028 naming convention.,fast_mlsirm.reference,function,config,None,keep,"Out of ADR-0028 policy scope (not a precision control, decision threshold, seed, or model-choice parameter).",
python,fit_reference,keep,keep,Already conforms to ADR-0028 naming convention.,fast_mlsirm.reference,function,covariate,None,keep,"Out of ADR-0028 policy scope (not a precision control, decision threshold, seed, or model-choice parameter).",
python,fit_reference,keep,keep,Already conforms to ADR-0028 naming convention.,fast_mlsirm.reference,function,group_id,None,keep,"Out of ADR-0028 policy scope (not a precision control, decision threshold, seed, or model-choice parameter).",
python,fit_reference,keep,keep,Already conforms to ADR-0028 naming convention.,fast_mlsirm.reference,function,mask,None,keep,"Out of ADR-0028 policy scope (not a precision control, decision threshold, seed, or model-choice parameter).",
python,AlphaCiResult,keep,keep,Already conforms to ADR-0028 naming convention.,fast_mlsirm.reliability,class,,,n/a,No defaulted parameters.,
python,BhapkarResult,keep,keep,Already conforms to ADR-0028 naming convention.,fast_mlsirm.reliability,class,,,n/a,No defaulted parameters.,
python,FinnResult,keep,keep,Already conforms to ADR-0028 naming convention.,fast_mlsirm.reliability,class,,,n/a,No defaulted parameters.,
python,GuttmanResult,keep,keep,Already conforms to ADR-0028 naming convention.,fast_mlsirm.reliability,class,,,n/a,No defaulted parameters.,
python,IccResult,keep,keep,Already conforms to ADR-0028 naming convention.,fast_mlsirm.reliability,class,,,n/a,No defaulted parameters.,
python,KrippResult,keep,keep,Already conforms to ADR-0028 naming convention.,fast_mlsirm.reliability,class,,,n/a,No defaulted parameters.,
python,MaxwellResult,keep,keep,Already conforms to ADR-0028 naming convention.,fast_mlsirm.reliability,class,,,n/a,No defaulted parameters.,
python,MeanCorResult,keep,keep,Already conforms to ADR-0028 naming convention.,fast_mlsirm.reliability,class,,,n/a,No defaulted parameters.,
python,MeanRhoResult,keep,keep,Already conforms to ADR-0028 naming convention.,fast_mlsirm.reliability,class,,,n/a,No defaulted parameters.,
python,NCohenKappaResult,keep,keep,Already conforms to ADR-0028 naming convention.,fast_mlsirm.reliability,class,,,n/a,No defaulted parameters.,
python,RaterBiasResult,keep,keep,Already conforms to ADR-0028 naming convention.,fast_mlsirm.reliability,class,,,n/a,No defaulted parameters.,
python,RobinsonResult,keep,keep,Already conforms to ADR-0028 naming convention.,fast_mlsirm.reliability,class,,,n/a,No defaulted parameters.,
python,SeparationReliabilityResult,keep,keep,Already conforms to ADR-0028 naming convention.,fast_mlsirm.reliability,class,,,n/a,No defaulted parameters.,
python,StuartMaxwellResult,keep,keep,Already conforms to ADR-0028 naming convention.,fast_mlsirm.reliability,class,,,n/a,No defaulted parameters.,
python,TenBergeResult,keep,keep,Already conforms to ADR-0028 naming convention.,fast_mlsirm.reliability,class,,,n/a,No defaulted parameters.,
python,bhapkar_mh,keep,keep,Already conforms to ADR-0028 naming convention.,fast_mlsirm.reliability,function,,,n/a,No defaulted parameters.,
python,cronbach_alpha,keep,keep,Already conforms to ADR-0028 naming convention.,fast_mlsirm.reliability,function,,,n/a,No defaulted parameters.,
python,feldt_alpha_ci,keep,keep,Already conforms to ADR-0028 naming convention.,fast_mlsirm.reliability,function,level,0.95,keep,"Out of ADR-0028 policy scope (not a precision control, decision threshold, seed, or model-choice parameter).",
python,finn_coefficient,keep,keep,Already conforms to ADR-0028 naming convention.,fast_mlsirm.reliability,function,model,'oneway',require,ADR-0028 rule 4: function is model-generic (not model-specific by name) -> model choice has no default.,"Deprecation: keep model='oneway' accepted only when explicitly passed for one minor release (DeprecationWarning), then remove; changelog Changed entry."
python,guttman_lambdas,keep,keep,Already conforms to ADR-0028 naming convention.,fast_mlsirm.reliability,function,n_sample_splits,15000,require,ADR-0028 rule 1: replicate/bootstrap/draw count; no Monte-Carlo-error source cited -> required argument.,"Deprecation: keep n_sample_splits=15000 accepted only when explicitly passed for one minor release (DeprecationWarning), then remove; changelog Changed entry."
python,guttman_lambdas,keep,keep,Already conforms to ADR-0028 naming convention.,fast_mlsirm.reliability,function,seed,1,require,ADR-0028 rule 3: stochastic routines must not ship a default seed -> required argument.,"Deprecation: keep seed=1 accepted only when explicitly passed for one minor release (DeprecationWarning), then remove; changelog Changed entry."
python,icc,keep,keep,Already conforms to ADR-0028 naming convention.,fast_mlsirm.reliability,function,conf_level,0.95,keep,"Out of ADR-0028 policy scope (not a precision control, decision threshold, seed, or model-choice parameter).",
python,icc,keep,keep,Already conforms to ADR-0028 naming convention.,fast_mlsirm.reliability,function,model,'oneway',require,ADR-0028 rule 4: function is model-generic (not model-specific by name) -> model choice has no default.,"Deprecation: keep model='oneway' accepted only when explicitly passed for one minor release (DeprecationWarning), then remove; changelog Changed entry."
python,icc,keep,keep,Already conforms to ADR-0028 naming convention.,fast_mlsirm.reliability,function,r0,0.0,keep,"Out of ADR-0028 policy scope (not a precision control, decision threshold, seed, or model-choice parameter).",
python,icc,keep,keep,Already conforms to ADR-0028 naming convention.,fast_mlsirm.reliability,function,type,'consistency',keep,"Out of ADR-0028 policy scope (not a precision control, decision threshold, seed, or model-choice parameter).",
python,icc,keep,keep,Already conforms to ADR-0028 naming convention.,fast_mlsirm.reliability,function,unit,'single',keep,"Out of ADR-0028 policy scope (not a precision control, decision threshold, seed, or model-choice parameter).",
python,kripp_alpha,keep,keep,Already conforms to ADR-0028 naming convention.,fast_mlsirm.reliability,function,method,'nominal',keep,"Out of ADR-0028 policy scope (not a precision control, decision threshold, seed, or model-choice parameter).",
python,maxwell_re,keep,keep,Already conforms to ADR-0028 naming convention.,fast_mlsirm.reliability,function,,,n/a,No defaulted parameters.,
python,mean_pairwise_cor,keep,keep,Already conforms to ADR-0028 naming convention.,fast_mlsirm.reliability,function,fisher,True,keep,"Out of ADR-0028 policy scope (not a precision control, decision threshold, seed, or model-choice parameter).",
python,mean_pairwise_rho,keep,keep,Already conforms to ADR-0028 naming convention.,fast_mlsirm.reliability,function,fisher,True,keep,"Out of ADR-0028 policy scope (not a precision control, decision threshold, seed, or model-choice parameter).",
python,n_cohen_kappa,keep,keep,Already conforms to ADR-0028 naming convention.,fast_mlsirm.reliability,function,alpha,0.05,require,ADR-0028 rule 2: decision threshold / flag cutoff / stopping rule; no APA 7th source cited for this specific value -> required argument.,"Deprecation: keep alpha=0.05 accepted only when explicitly passed for one minor release (DeprecationWarning), then remove; changelog Changed entry."
python,n_cohen_kappa,keep,keep,Already conforms to ADR-0028 naming convention.,fast_mlsirm.reliability,function,power,0.8,keep,"Out of ADR-0028 policy scope (not a precision control, decision threshold, seed, or model-choice parameter).",
python,n_cohen_kappa,keep,keep,Already conforms to ADR-0028 naming convention.,fast_mlsirm.reliability,function,twosided,False,keep,"Out of ADR-0028 policy scope (not a precision control, decision threshold, seed, or model-choice parameter).",
python,rater_bias,keep,keep,Already conforms to ADR-0028 naming convention.,fast_mlsirm.reliability,function,,,n/a,No defaulted parameters.,
python,robinson_a,keep,keep,Already conforms to ADR-0028 naming convention.,fast_mlsirm.reliability,function,,,n/a,No defaulted parameters.,
python,separation_reliability,keep,keep,Already conforms to ADR-0028 naming convention.,fast_mlsirm.reliability,function,,,n/a,No defaulted parameters.,
python,stuart_maxwell_mh,keep,keep,Already conforms to ADR-0028 naming convention.,fast_mlsirm.reliability,function,,,n/a,No defaulted parameters.,
python,tenberge_mu,keep,keep,Already conforms to ADR-0028 naming convention.,fast_mlsirm.reliability,function,,,n/a,No defaulted parameters.,
python,render_diagnostics_report,keep,keep,Already conforms to ADR-0028 naming convention.,fast_mlsirm.report,function,title,None,keep,"Out of ADR-0028 policy scope (not a precision control, decision threshold, seed, or model-choice parameter).",
python,exact_value_csv,keep,keep,Already conforms to ADR-0028 naming convention.,fast_mlsirm.report_exact_values,function,,,n/a,No defaulted parameters.,
python,exact_value_disclosure,keep,keep,Already conforms to ADR-0028 naming convention.,fast_mlsirm.report_exact_values,function,,,n/a,No defaulted parameters.,
python,exact_value_json,keep,keep,Already conforms to ADR-0028 naming convention.,fast_mlsirm.report_exact_values,function,,,n/a,No defaulted parameters.,
python,exact_value_text,keep,keep,Already conforms to ADR-0028 naming convention.,fast_mlsirm.report_exact_values,function,,,n/a,No defaulted parameters.,
python,ordered_column_names,keep,keep,Already conforms to ADR-0028 naming convention.,fast_mlsirm.report_exact_values,function,,,n/a,No defaulted parameters.,
python,RotationCriterionInfo,keep,keep,Already conforms to ADR-0028 naming convention.,fast_mlsirm.rotation,class,,,n/a,No defaulted parameters.,
python,RotationSolution,keep,keep,Already conforms to ADR-0028 naming convention.,fast_mlsirm.rotation,class,,,n/a,No defaulted parameters.,
python,available_rotation_criteria,keep,keep,Already conforms to ADR-0028 naming convention.,fast_mlsirm.rotation,function,,,n/a,No defaulted parameters.,
python,rotate_factor_loadings,keep,keep,Already conforms to ADR-0028 naming convention.,fast_mlsirm.rotation,function,basin_tolerance,1e-08,require,ADR-0028 rule 1: iteration/convergence precision control; no documented convergence-criterion source -> required argument.,"Deprecation: keep basin_tolerance=1e-08 accepted only when explicitly passed for one minor release (DeprecationWarning), then remove; changelog Changed entry."
python,rotate_factor_loadings,keep,keep,Already conforms to ADR-0028 naming convention.,fast_mlsirm.rotation,function,criterion,'geomin',keep,"Out of ADR-0028 policy scope (not a precision control, decision threshold, seed, or model-choice parameter).",
python,rotate_factor_loadings,keep,keep,Already conforms to ADR-0028 naming convention.,fast_mlsirm.rotation,function,delta,None,keep,"Out of ADR-0028 policy scope (not a precision control, decision threshold, seed, or model-choice parameter).",
python,rotate_factor_loadings,keep,keep,Already conforms to ADR-0028 naming convention.,fast_mlsirm.rotation,function,function_window,10,keep,"Out of ADR-0028 policy scope (not a precision control, decision threshold, seed, or model-choice parameter).",
python,rotate_factor_loadings,keep,keep,Already conforms to ADR-0028 naming convention.,fast_mlsirm.rotation,function,gamma,None,keep,"Out of ADR-0028 policy scope (not a precision control, decision threshold, seed, or model-choice parameter).",
python,rotate_factor_loadings,keep,keep,Already conforms to ADR-0028 naming convention.,fast_mlsirm.rotation,function,kappa,None,keep,"Out of ADR-0028 policy scope (not a precision control, decision threshold, seed, or model-choice parameter).",
python,rotate_factor_loadings,keep,keep,Already conforms to ADR-0028 naming convention.,fast_mlsirm.rotation,function,max_iter,2000,require,ADR-0028 rule 1: iteration/convergence precision control; no documented convergence-criterion source -> required argument.,"Deprecation: keep max_iter=2000 accepted only when explicitly passed for one minor release (DeprecationWarning), then remove; changelog Changed entry."
python,rotate_factor_loadings,keep,keep,Already conforms to ADR-0028 naming convention.,fast_mlsirm.rotation,function,max_line_search,20,require,ADR-0028 rule 1: iteration/convergence precision control; no documented convergence-criterion source -> required argument.,"Deprecation: keep max_line_search=20 accepted only when explicitly passed for one minor release (DeprecationWarning), then remove; changelog Changed entry."
python,rotate_factor_loadings,keep,keep,Already conforms to ADR-0028 naming convention.,fast_mlsirm.rotation,function,max_threads,0,keep,"Out of ADR-0028 policy scope (not a precision control, decision threshold, seed, or model-choice parameter).",
python,rotate_factor_loadings,keep,keep,Already conforms to ADR-0028 naming convention.,fast_mlsirm.rotation,function,mode,None,keep,"Out of ADR-0028 policy scope (not a precision control, decision threshold, seed, or model-choice parameter).",
python,rotate_factor_loadings,keep,keep,Already conforms to ADR-0028 naming convention.,fast_mlsirm.rotation,function,n_starts,32,require,ADR-0028 rule 1: replicate/bootstrap/draw count; no Monte-Carlo-error source cited -> required argument.,"Deprecation: keep n_starts=32 accepted only when explicitly passed for one minor release (DeprecationWarning), then remove; changelog Changed entry."
python,rotate_factor_loadings,keep,keep,Already conforms to ADR-0028 naming convention.,fast_mlsirm.rotation,function,normalize,False,keep,"Out of ADR-0028 policy scope (not a precision control, decision threshold, seed, or model-choice parameter).",
python,rotate_factor_loadings,keep,keep,Already conforms to ADR-0028 naming convention.,fast_mlsirm.rotation,function,seed,1,require,ADR-0028 rule 3: stochastic routines must not ship a default seed -> required argument.,"Deprecation: keep seed=1 accepted only when explicitly passed for one minor release (DeprecationWarning), then remove; changelog Changed entry."
python,rotate_factor_loadings,keep,keep,Already conforms to ADR-0028 naming convention.,fast_mlsirm.rotation,function,simplimax_zeros,None,keep,"Out of ADR-0028 policy scope (not a precision control, decision threshold, seed, or model-choice parameter).",
python,rotate_factor_loadings,keep,keep,Already conforms to ADR-0028 naming convention.,fast_mlsirm.rotation,function,target,None,keep,"Out of ADR-0028 policy scope (not a precision control, decision threshold, seed, or model-choice parameter).",
python,rotate_factor_loadings,keep,keep,Already conforms to ADR-0028 naming convention.,fast_mlsirm.rotation,function,tolerance,1e-05,require,ADR-0028 rule 1: iteration/convergence precision control; no documented convergence-criterion source -> required argument.,"Deprecation: keep tolerance=1e-05 accepted only when explicitly passed for one minor release (DeprecationWarning), then remove; changelog Changed entry."
python,rotate_factor_loadings,keep,keep,Already conforms to ADR-0028 naming convention.,fast_mlsirm.rotation,function,weights,None,keep,"Out of ADR-0028 policy scope (not a precision control, decision threshold, seed, or model-choice parameter).",
python,rotation_criterion_value_gradient,keep,keep,Already conforms to ADR-0028 naming convention.,fast_mlsirm.rotation,function,delta,None,keep,"Out of ADR-0028 policy scope (not a precision control, decision threshold, seed, or model-choice parameter).",
python,rotation_criterion_value_gradient,keep,keep,Already conforms to ADR-0028 naming convention.,fast_mlsirm.rotation,function,gamma,None,keep,"Out of ADR-0028 policy scope (not a precision control, decision threshold, seed, or model-choice parameter).",
python,rotation_criterion_value_gradient,keep,keep,Already conforms to ADR-0028 naming convention.,fast_mlsirm.rotation,function,kappa,None,keep,"Out of ADR-0028 policy scope (not a precision control, decision threshold, seed, or model-choice parameter).",
python,rotation_criterion_value_gradient,keep,keep,Already conforms to ADR-0028 naming convention.,fast_mlsirm.rotation,function,simplimax_zeros,None,keep,"Out of ADR-0028 policy scope (not a precision control, decision threshold, seed, or model-choice parameter).",
python,rotation_criterion_value_gradient,keep,keep,Already conforms to ADR-0028 naming convention.,fast_mlsirm.rotation,function,target,None,keep,"Out of ADR-0028 policy scope (not a precision control, decision threshold, seed, or model-choice parameter).",
python,rotation_criterion_value_gradient,keep,keep,Already conforms to ADR-0028 naming convention.,fast_mlsirm.rotation,function,weights,None,keep,"Out of ADR-0028 policy scope (not a precision control, decision threshold, seed, or model-choice parameter).",
python,RotationCandidateEvidence,keep,keep,Already conforms to ADR-0028 naming convention.,fast_mlsirm.rotation_selection,class,,,n/a,No defaulted parameters.,
python,RotationSelectionResult,keep,keep,Already conforms to ADR-0028 naming convention.,fast_mlsirm.rotation_selection,class,,,n/a,No defaulted parameters.,
python,select_rotation_criterion,keep,keep,Already conforms to ADR-0028 naming convention.,fast_mlsirm.rotation_selection,function,basin_tolerance,1e-08,require,ADR-0028 rule 1: iteration/convergence precision control; no documented convergence-criterion source -> required argument.,"Deprecation: keep basin_tolerance=1e-08 accepted only when explicitly passed for one minor release (DeprecationWarning), then remove; changelog Changed entry."
python,select_rotation_criterion,keep,keep,Already conforms to ADR-0028 naming convention.,fast_mlsirm.rotation_selection,function,bootstrap_loadings,None,keep,"Out of ADR-0028 policy scope (not a precision control, decision threshold, seed, or model-choice parameter).",
python,select_rotation_criterion,keep,keep,Already conforms to ADR-0028 naming convention.,fast_mlsirm.rotation_selection,function,delta,None,keep,"Out of ADR-0028 policy scope (not a precision control, decision threshold, seed, or model-choice parameter).",
python,select_rotation_criterion,keep,keep,Already conforms to ADR-0028 naming convention.,fast_mlsirm.rotation_selection,function,function_window,10,keep,"Out of ADR-0028 policy scope (not a precision control, decision threshold, seed, or model-choice parameter).",
python,select_rotation_criterion,keep,keep,Already conforms to ADR-0028 naming convention.,fast_mlsirm.rotation_selection,function,gamma,None,keep,"Out of ADR-0028 policy scope (not a precision control, decision threshold, seed, or model-choice parameter).",
python,select_rotation_criterion,keep,keep,Already conforms to ADR-0028 naming convention.,fast_mlsirm.rotation_selection,function,kappa,None,keep,"Out of ADR-0028 policy scope (not a precision control, decision threshold, seed, or model-choice parameter).",
python,select_rotation_criterion,keep,keep,Already conforms to ADR-0028 naming convention.,fast_mlsirm.rotation_selection,function,max_iter,2000,require,ADR-0028 rule 1: iteration/convergence precision control; no documented convergence-criterion source -> required argument.,"Deprecation: keep max_iter=2000 accepted only when explicitly passed for one minor release (DeprecationWarning), then remove; changelog Changed entry."
python,select_rotation_criterion,keep,keep,Already conforms to ADR-0028 naming convention.,fast_mlsirm.rotation_selection,function,max_line_search,20,require,ADR-0028 rule 1: iteration/convergence precision control; no documented convergence-criterion source -> required argument.,"Deprecation: keep max_line_search=20 accepted only when explicitly passed for one minor release (DeprecationWarning), then remove; changelog Changed entry."
python,select_rotation_criterion,keep,keep,Already conforms to ADR-0028 naming convention.,fast_mlsirm.rotation_selection,function,max_threads,0,keep,"Out of ADR-0028 policy scope (not a precision control, decision threshold, seed, or model-choice parameter).",
python,select_rotation_criterion,keep,keep,Already conforms to ADR-0028 naming convention.,fast_mlsirm.rotation_selection,function,mode,'oblique',keep,"Out of ADR-0028 policy scope (not a precision control, decision threshold, seed, or model-choice parameter).",
python,select_rotation_criterion,keep,keep,Already conforms to ADR-0028 naming convention.,fast_mlsirm.rotation_selection,function,n_starts,32,require,ADR-0028 rule 1: replicate/bootstrap/draw count; no Monte-Carlo-error source cited -> required argument.,"Deprecation: keep n_starts=32 accepted only when explicitly passed for one minor release (DeprecationWarning), then remove; changelog Changed entry."
python,select_rotation_criterion,keep,keep,Already conforms to ADR-0028 naming convention.,fast_mlsirm.rotation_selection,function,normalize,False,keep,"Out of ADR-0028 policy scope (not a precision control, decision threshold, seed, or model-choice parameter).",
python,select_rotation_criterion,keep,keep,Already conforms to ADR-0028 naming convention.,fast_mlsirm.rotation_selection,function,policy,'fully_exploratory',keep,"Out of ADR-0028 policy scope (not a precision control, decision threshold, seed, or model-choice parameter).",
python,select_rotation_criterion,keep,keep,Already conforms to ADR-0028 naming convention.,fast_mlsirm.rotation_selection,function,seed,1,require,ADR-0028 rule 3: stochastic routines must not ship a default seed -> required argument.,"Deprecation: keep seed=1 accepted only when explicitly passed for one minor release (DeprecationWarning), then remove; changelog Changed entry."
python,select_rotation_criterion,keep,keep,Already conforms to ADR-0028 naming convention.,fast_mlsirm.rotation_selection,function,simplimax_zeros,None,keep,"Out of ADR-0028 policy scope (not a precision control, decision threshold, seed, or model-choice parameter).",
python,select_rotation_criterion,keep,keep,Already conforms to ADR-0028 naming convention.,fast_mlsirm.rotation_selection,function,target,None,keep,"Out of ADR-0028 policy scope (not a precision control, decision threshold, seed, or model-choice parameter).",
python,select_rotation_criterion,keep,keep,Already conforms to ADR-0028 naming convention.,fast_mlsirm.rotation_selection,function,theory_target,None,keep,"Out of ADR-0028 policy scope (not a precision control, decision threshold, seed, or model-choice parameter).",
python,select_rotation_criterion,keep,keep,Already conforms to ADR-0028 naming convention.,fast_mlsirm.rotation_selection,function,tolerance,1e-05,require,ADR-0028 rule 1: iteration/convergence precision control; no documented convergence-criterion source -> required argument.,"Deprecation: keep tolerance=1e-05 accepted only when explicitly passed for one minor release (DeprecationWarning), then remove; changelog Changed entry."
python,select_rotation_criterion,keep,keep,Already conforms to ADR-0028 naming convention.,fast_mlsirm.rotation_selection,function,weights,None,keep,"Out of ADR-0028 policy scope (not a precision control, decision threshold, seed, or model-choice parameter).",
python,RsmFit,keep,keep,Already conforms to ADR-0028 naming convention.,fast_mlsirm.rsm,class,,,n/a,No defaulted parameters.,
python,fit_rsm,keep,keep,Already conforms to ADR-0028 naming convention.,fast_mlsirm.rsm,function,max_iter,500,require,ADR-0028 rule 1: iteration/convergence precision control; no documented convergence-criterion source -> required argument.,"Deprecation: keep max_iter=500 accepted only when explicitly passed for one minor release (DeprecationWarning), then remove; changelog Changed entry."
python,fit_rsm,keep,keep,Already conforms to ADR-0028 naming convention.,fast_mlsirm.rsm,function,n_cat,None,keep,"Out of ADR-0028 policy scope (not a precision control, decision threshold, seed, or model-choice parameter).",
python,fit_rsm,keep,keep,Already conforms to ADR-0028 naming convention.,fast_mlsirm.rsm,function,q_theta,41,require,ADR-0028 rule 1: numerical-precision (quadrature node count) control; no in-repo citation for this value and/or below the AGENTS.md #1929 floor of 121 -> required argument.,"Deprecation: keep q_theta=41 accepted only when explicitly passed for one minor release (DeprecationWarning), then remove; changelog Changed entry."
python,fit_rsm,keep,keep,Already conforms to ADR-0028 naming convention.,fast_mlsirm.rsm,function,tol,1e-06,require,ADR-0028 rule 1: iteration/convergence precision control; no documented convergence-criterion source -> required argument.,"Deprecation: keep tol=1e-06 accepted only when explicitly passed for one minor release (DeprecationWarning), then remove; changelog Changed entry."
python,RtFit,keep,keep,Already conforms to ADR-0028 naming convention.,fast_mlsirm.rt,class,final_loglik_change,inf,keep,"Out of ADR-0028 policy scope (not a precision control, decision threshold, seed, or model-choice parameter).",
python,RtFit,keep,keep,Already conforms to ADR-0028 naming convention.,fast_mlsirm.rt,class,loglik_trace,<factory>,keep,"Out of ADR-0028 policy scope (not a precision control, decision threshold, seed, or model-choice parameter).",
python,RtFit,keep,keep,Already conforms to ADR-0028 naming convention.,fast_mlsirm.rt,class,termination_reason,'unknown',keep,"Out of ADR-0028 policy scope (not a precision control, decision threshold, seed, or model-choice parameter).",
python,fit_response_times,keep,keep,Already conforms to ADR-0028 naming convention.,fast_mlsirm.rt,function,fix_sigma_tau,None,keep,"Out of ADR-0028 policy scope (not a precision control, decision threshold, seed, or model-choice parameter).",
python,fit_response_times,keep,keep,Already conforms to ADR-0028 naming convention.,fast_mlsirm.rt,function,max_iter,500,require,ADR-0028 rule 1: iteration/convergence precision control; no documented convergence-criterion source -> required argument.,"Deprecation: keep max_iter=500 accepted only when explicitly passed for one minor release (DeprecationWarning), then remove; changelog Changed entry."
python,fit_response_times,keep,keep,Already conforms to ADR-0028 naming convention.,fast_mlsirm.rt,function,require_convergence,False,keep,"Out of ADR-0028 policy scope (not a precision control, decision threshold, seed, or model-choice parameter).",
python,fit_response_times,keep,keep,Already conforms to ADR-0028 naming convention.,fast_mlsirm.rt,function,sigma_floor,0.0001,keep,"Out of ADR-0028 policy scope (not a precision control, decision threshold, seed, or model-choice parameter).",
python,fit_response_times,keep,keep,Already conforms to ADR-0028 naming convention.,fast_mlsirm.rt,function,tol,1e-06,require,ADR-0028 rule 1: iteration/convergence precision control; no documented convergence-criterion source -> required argument.,"Deprecation: keep tol=1e-06 accepted only when explicitly passed for one minor release (DeprecationWarning), then remove; changelog Changed entry."
python,fit_response_times,keep,keep,Already conforms to ADR-0028 naming convention.,fast_mlsirm.rt,function,var_floor,0.0001,keep,"Out of ADR-0028 policy scope (not a precision control, decision threshold, seed, or model-choice parameter).",
python,fit_speed_accuracy,keep,keep,Already conforms to ADR-0028 naming convention.,fast_mlsirm.rt,function,fix_sigma_tau,None,keep,"Out of ADR-0028 policy scope (not a precision control, decision threshold, seed, or model-choice parameter).",
python,fit_speed_accuracy,keep,keep,Already conforms to ADR-0028 naming convention.,fast_mlsirm.rt,function,max_iter,500,require,ADR-0028 rule 1: iteration/convergence precision control; no documented convergence-criterion source -> required argument.,"Deprecation: keep max_iter=500 accepted only when explicitly passed for one minor release (DeprecationWarning), then remove; changelog Changed entry."
python,fit_speed_accuracy,keep,keep,Already conforms to ADR-0028 naming convention.,fast_mlsirm.rt,function,q,21,keep,"Out of ADR-0028 policy scope (not a precision control, decision threshold, seed, or model-choice parameter).",
python,fit_speed_accuracy,keep,keep,Already conforms to ADR-0028 naming convention.,fast_mlsirm.rt,function,require_convergence,False,keep,"Out of ADR-0028 policy scope (not a precision control, decision threshold, seed, or model-choice parameter).",
python,fit_speed_accuracy,keep,keep,Already conforms to ADR-0028 naming convention.,fast_mlsirm.rt,function,tol,1e-06,require,ADR-0028 rule 1: iteration/convergence precision control; no documented convergence-criterion source -> required argument.,"Deprecation: keep tol=1e-06 accepted only when explicitly passed for one minor release (DeprecationWarning), then remove; changelog Changed entry."
python,rt_person_fit,keep,keep,Already conforms to ADR-0028 naming convention.,fast_mlsirm.rt,function,alpha_level,0.05,require,ADR-0028 rule 2: decision threshold / flag cutoff / stopping rule; no APA 7th source cited for this specific value -> required argument.,"Deprecation: keep alpha_level=0.05 accepted only when explicitly passed for one minor release (DeprecationWarning), then remove; changelog Changed entry."
python,rt_person_fit,keep,keep,Already conforms to ADR-0028 naming convention.,fast_mlsirm.rt,function,z_fast,1.645,keep,"Out of ADR-0028 policy scope (not a precision control, decision threshold, seed, or model-choice parameter).",
python,AuditSeverity,keep,keep,Already conforms to ADR-0028 naming convention.,fast_mlsirm.rubric.audit,class,,,n/a,No defaulted parameters.,
python,CandidateAuditFinding,keep,keep,Already conforms to ADR-0028 naming convention.,fast_mlsirm.rubric.audit,class,,,n/a,No defaulted parameters.,
python,CandidateAuditReport,keep,keep,Already conforms to ADR-0028 naming convention.,fast_mlsirm.rubric.audit,class,schema_version,'1.0',keep,"Out of ADR-0028 policy scope (not a precision control, decision threshold, seed, or model-choice parameter).",
python,CandidateLifecycleState,keep,keep,Already conforms to ADR-0028 naming convention.,fast_mlsirm.rubric.audit,class,,,n/a,No defaulted parameters.,
python,PilotAdmissionError,keep,keep,Already conforms to ADR-0028 naming convention.,fast_mlsirm.rubric.audit,class,,,n/a,No defaulted parameters.,
python,PilotCandidateRecord,keep,keep,Already conforms to ADR-0028 naming convention.,fast_mlsirm.rubric.audit,class,lifecycle_state,<CandidateLifecycleState.PILOT: 'pilot'>,keep,"Out of ADR-0028 policy scope (not a precision control, decision threshold, seed, or model-choice parameter).",
python,PilotCandidateRecord,keep,keep,Already conforms to ADR-0028 naming convention.,fast_mlsirm.rubric.audit,class,schema_version,'1.0',keep,"Out of ADR-0028 policy scope (not a precision control, decision threshold, seed, or model-choice parameter).",
python,audit_generated_item_candidate,keep,keep,Already conforms to ADR-0028 naming convention.,fast_mlsirm.rubric.audit,function,audit_policy_id,'generated_item_audit',keep,"Out of ADR-0028 policy scope (not a precision control, decision threshold, seed, or model-choice parameter).",
python,audit_generated_item_candidate,keep,keep,Already conforms to ADR-0028 naming convention.,fast_mlsirm.rubric.audit,function,audit_policy_version,'1.0.0',keep,"Out of ADR-0028 policy scope (not a precision control, decision threshold, seed, or model-choice parameter).",
python,build_pilot_candidate_record,keep,keep,Already conforms to ADR-0028 naming convention.,fast_mlsirm.rubric.audit,function,,,n/a,No defaulted parameters.,
python,audit_generated_item_candidate,keep,keep,Already conforms to ADR-0028 naming convention.,fast_mlsirm.rubric.audit_policy,function,,,n/a,No defaulted parameters.,
python,build_pilot_candidate_record,keep,keep,Already conforms to ADR-0028 naming convention.,fast_mlsirm.rubric.audit_policy,function,,,n/a,No defaulted parameters.,
python,BifactorPilotDesign,keep,keep,Already conforms to ADR-0028 naming convention.,fast_mlsirm.rubric.bifactor_pilot,class,_design_token,None,keep,"Out of ADR-0028 policy scope (not a precision control, decision threshold, seed, or model-choice parameter).",
python,BifactorPilotDesign,keep,keep,Already conforms to ADR-0028 naming convention.,fast_mlsirm.rubric.bifactor_pilot,class,schema_version,'1.0',keep,"Out of ADR-0028 policy scope (not a precision control, decision threshold, seed, or model-choice parameter).",
python,build_bifactor_pilot_design,keep,keep,Already conforms to ADR-0028 naming convention.,fast_mlsirm.rubric.bifactor_pilot,function,general_factor_id,'general_factor',keep,"Out of ADR-0028 policy scope (not a precision control, decision threshold, seed, or model-choice parameter).",
python,BinaryAnswerKey,keep,keep,Already conforms to ADR-0028 naming convention.,fast_mlsirm.rubric.candidates,class,,,n/a,No defaulted parameters.,
python,CandidateValidationError,keep,keep,Already conforms to ADR-0028 naming convention.,fast_mlsirm.rubric.candidates,class,,,n/a,No defaulted parameters.,
python,ConstructedAnswerKey,keep,keep,Already conforms to ADR-0028 naming convention.,fast_mlsirm.rubric.candidates,class,,,n/a,No defaulted parameters.,
python,GeneratedItemCandidate,keep,keep,Already conforms to ADR-0028 naming convention.,fast_mlsirm.rubric.candidates,class,schema_version,'1.0',keep,"Out of ADR-0028 policy scope (not a precision control, decision threshold, seed, or model-choice parameter).",
python,GeneratedOption,keep,keep,Already conforms to ADR-0028 naming convention.,fast_mlsirm.rubric.candidates,class,,,n/a,No defaulted parameters.,
python,OrdinalAnswerKey,keep,keep,Already conforms to ADR-0028 naming convention.,fast_mlsirm.rubric.candidates,class,,,n/a,No defaulted parameters.,
python,PairwiseAnswerKey,keep,keep,Already conforms to ADR-0028 naming convention.,fast_mlsirm.rubric.candidates,class,,,n/a,No defaulted parameters.,
python,RubricAlignmentEntry,keep,keep,Already conforms to ADR-0028 naming convention.,fast_mlsirm.rubric.candidates,class,,,n/a,No defaulted parameters.,
python,ScoreGuideEntry,keep,keep,Already conforms to ADR-0028 naming convention.,fast_mlsirm.rubric.candidates,class,,,n/a,No defaulted parameters.,
python,SelectedAnswerKey,keep,keep,Already conforms to ADR-0028 naming convention.,fast_mlsirm.rubric.candidates,class,,,n/a,No defaulted parameters.,
python,SourceAttribution,keep,keep,Already conforms to ADR-0028 naming convention.,fast_mlsirm.rubric.candidates,class,,,n/a,No defaulted parameters.,
python,parse_generated_item_candidate,keep,keep,Already conforms to ADR-0028 naming convention.,fast_mlsirm.rubric.candidates,function,,,n/a,No defaulted parameters.,
python,compile_item_blueprints,keep,keep,Already conforms to ADR-0028 naming convention.,fast_mlsirm.rubric.compiler,function,plan,None,keep,"Out of ADR-0028 policy scope (not a precision control, decision threshold, seed, or model-choice parameter).",
python,build_generation_contract,keep,keep,Already conforms to ADR-0028 naming convention.,fast_mlsirm.rubric.contracts,function,,,n/a,No defaulted parameters.,
python,canonical_generation_contract,keep,keep,Already conforms to ADR-0028 naming convention.,fast_mlsirm.rubric.contracts,function,,,n/a,No defaulted parameters.,
python,render_generation_prompt,keep,keep,Already conforms to ADR-0028 naming convention.,fast_mlsirm.rubric.contracts,function,,,n/a,No defaulted parameters.,
python,DifPilotDesign,keep,keep,Already conforms to ADR-0028 naming convention.,fast_mlsirm.rubric.dif_pilot,class,_design_token,None,keep,"Out of ADR-0028 policy scope (not a precision control, decision threshold, seed, or model-choice parameter).",
python,DifPilotDesign,keep,keep,Already conforms to ADR-0028 naming convention.,fast_mlsirm.rubric.dif_pilot,class,schema_version,'1.0',keep,"Out of ADR-0028 policy scope (not a precision control, decision threshold, seed, or model-choice parameter).",
python,build_dif_pilot_design,keep,keep,Already conforms to ADR-0028 naming convention.,fast_mlsirm.rubric.dif_pilot,function,,,n/a,No defaulted parameters.,
python,GenerationExecution,keep,keep,Already conforms to ADR-0028 naming convention.,fast_mlsirm.rubric.generation,class,contract_fingerprint,'',keep,"Out of ADR-0028 policy scope (not a precision control, decision threshold, seed, or model-choice parameter).",
python,GenerationExecution,keep,keep,Already conforms to ADR-0028 naming convention.,fast_mlsirm.rubric.generation,class,request_fingerprint,'',keep,"Out of ADR-0028 policy scope (not a precision control, decision threshold, seed, or model-choice parameter).",
python,GenerationExecution,keep,keep,Already conforms to ADR-0028 naming convention.,fast_mlsirm.rubric.generation,class,schema_version,'1.0',keep,"Out of ADR-0028 policy scope (not a precision control, decision threshold, seed, or model-choice parameter).",
python,GenerationProviderError,keep,keep,Already conforms to ADR-0028 naming convention.,fast_mlsirm.rubric.generation,class,,,n/a,No defaulted parameters.,
python,GenerationRequest,keep,keep,Already conforms to ADR-0028 naming convention.,fast_mlsirm.rubric.generation,class,schema_version,'1.0',keep,"Out of ADR-0028 policy scope (not a precision control, decision threshold, seed, or model-choice parameter).",
python,ItemGenerationProvider,keep,keep,Already conforms to ADR-0028 naming convention.,fast_mlsirm.rubric.generation,class,,,n/a,No defaulted parameters.,
python,SourceDocument,keep,keep,Already conforms to ADR-0028 naming convention.,fast_mlsirm.rubric.generation,class,locale,'en',keep,"Out of ADR-0028 policy scope (not a precision control, decision threshold, seed, or model-choice parameter).",
python,SourceDocument,keep,keep,Already conforms to ADR-0028 naming convention.,fast_mlsirm.rubric.generation,class,media_type,'text/plain',keep,"Out of ADR-0028 policy scope (not a precision control, decision threshold, seed, or model-choice parameter).",
python,SourceDocument,keep,keep,Already conforms to ADR-0028 naming convention.,fast_mlsirm.rubric.generation,class,schema_version,'1.0',keep,"Out of ADR-0028 policy scope (not a precision control, decision threshold, seed, or model-choice parameter).",
python,StaticFixtureProvider,keep,keep,Already conforms to ADR-0028 naming convention.,fast_mlsirm.rubric.generation,class,,,n/a,No defaulted parameters.,
python,build_generation_request,keep,keep,Already conforms to ADR-0028 naming convention.,fast_mlsirm.rubric.generation,function,sources,(),keep,"Out of ADR-0028 policy scope (not a precision control, decision threshold, seed, or model-choice parameter).",
python,execute_generation,keep,keep,Already conforms to ADR-0028 naming convention.,fast_mlsirm.rubric.generation,function,,,n/a,No defaulted parameters.,
python,GTheoryPiPilotDesign,keep,keep,Already conforms to ADR-0028 naming convention.,fast_mlsirm.rubric.gtheory_pilot,class,_design_token,None,keep,"Out of ADR-0028 policy scope (not a precision control, decision threshold, seed, or model-choice parameter).",
python,GTheoryPiPilotDesign,keep,keep,Already conforms to ADR-0028 naming convention.,fast_mlsirm.rubric.gtheory_pilot,class,schema_version,'1.0',keep,"Out of ADR-0028 policy scope (not a precision control, decision threshold, seed, or model-choice parameter).",
python,build_gtheory_pi_pilot_design,keep,keep,Already conforms to ADR-0028 naming convention.,fast_mlsirm.rubric.gtheory_pilot,function,,,n/a,No defaulted parameters.,
python,ItemBankEvidenceKind,keep,keep,Already conforms to ADR-0028 naming convention.,fast_mlsirm.rubric.item_bank,class,,,n/a,No defaulted parameters.,
python,ItemBankEvidenceReference,keep,keep,Already conforms to ADR-0028 naming convention.,fast_mlsirm.rubric.item_bank,class,,,n/a,No defaulted parameters.,
python,ItemBankLifecycleError,keep,keep,Already conforms to ADR-0028 naming convention.,fast_mlsirm.rubric.item_bank,class,,,n/a,No defaulted parameters.,
python,ItemBankLifecycleRecord,keep,keep,Already conforms to ADR-0028 naming convention.,fast_mlsirm.rubric.item_bank,class,_creation_token,None,keep,"Out of ADR-0028 policy scope (not a precision control, decision threshold, seed, or model-choice parameter).",
python,ItemBankLifecycleRecord,keep,keep,Already conforms to ADR-0028 naming convention.,fast_mlsirm.rubric.item_bank,class,schema_version,'1.0',keep,"Out of ADR-0028 policy scope (not a precision control, decision threshold, seed, or model-choice parameter).",
python,ItemBankLifecycleRecord,keep,keep,Already conforms to ADR-0028 naming convention.,fast_mlsirm.rubric.item_bank,class,suspension_concern_kinds,(),keep,"Out of ADR-0028 policy scope (not a precision control, decision threshold, seed, or model-choice parameter).",
python,ItemBankLifecycleState,keep,keep,Already conforms to ADR-0028 naming convention.,fast_mlsirm.rubric.item_bank,class,,,n/a,No defaulted parameters.,
python,PolicyCriticality,keep,keep,Already conforms to ADR-0028 naming convention.,fast_mlsirm.rubric.item_bank,class,,,n/a,No defaulted parameters.,
python,build_item_bank_pilot_record,keep,keep,Already conforms to ADR-0028 naming convention.,fast_mlsirm.rubric.item_bank,function,policy_criticality,<PolicyCriticality.ORDINARY: 'ordinary'>,keep,"Out of ADR-0028 policy scope (not a precision control, decision threshold, seed, or model-choice parameter).",
python,ItemBankReportError,keep,keep,Already conforms to ADR-0028 naming convention.,fast_mlsirm.rubric.item_bank_report,class,,,n/a,No defaulted parameters.,
python,build_item_bank_report,keep,keep,Already conforms to ADR-0028 naming convention.,fast_mlsirm.rubric.item_bank_report,function,parameter_evidence,None,keep,"Out of ADR-0028 policy scope (not a precision control, decision threshold, seed, or model-choice parameter).",
python,render_item_bank_report_html,keep,keep,Already conforms to ADR-0028 naming convention.,fast_mlsirm.rubric.item_bank_report,function,parameter_evidence,None,keep,"Out of ADR-0028 policy scope (not a precision control, decision threshold, seed, or model-choice parameter).",
python,render_item_bank_report_html,keep,keep,Already conforms to ADR-0028 naming convention.,fast_mlsirm.rubric.item_bank_report,function,title,'Item bank lifecycle report',keep,"Out of ADR-0028 policy scope (not a precision control, decision threshold, seed, or model-choice parameter).",
python,render_item_bank_report_json,keep,keep,Already conforms to ADR-0028 naming convention.,fast_mlsirm.rubric.item_bank_report,function,parameter_evidence,None,keep,"Out of ADR-0028 policy scope (not a precision control, decision threshold, seed, or model-choice parameter).",
python,ItemParameterEvidence,keep,keep,Already conforms to ADR-0028 naming convention.,fast_mlsirm.rubric.item_parameter_evidence,class,_creation_token,None,keep,"Out of ADR-0028 policy scope (not a precision control, decision threshold, seed, or model-choice parameter).",
python,ItemParameterEvidence,keep,keep,Already conforms to ADR-0028 naming convention.,fast_mlsirm.rubric.item_parameter_evidence,class,schema_version,'1.0',keep,"Out of ADR-0028 policy scope (not a precision control, decision threshold, seed, or model-choice parameter).",
python,ItemParameterStatus,keep,keep,Already conforms to ADR-0028 naming convention.,fast_mlsirm.rubric.item_parameter_evidence,class,,,n/a,No defaulted parameters.,
python,ProvisionalParameterMethod,keep,keep,Already conforms to ADR-0028 naming convention.,fast_mlsirm.rubric.item_parameter_evidence,class,,,n/a,No defaulted parameters.,
python,build_item_parameter_evidence,keep,keep,Already conforms to ADR-0028 naming convention.,fast_mlsirm.rubric.item_parameter_evidence,function,calibration_evidence_fingerprint,None,keep,"Out of ADR-0028 policy scope (not a precision control, decision threshold, seed, or model-choice parameter).",
python,build_item_parameter_evidence,keep,keep,Already conforms to ADR-0028 naming convention.,fast_mlsirm.rubric.item_parameter_evidence,function,provisional_basis_fingerprint,None,keep,"Out of ADR-0028 policy scope (not a precision control, decision threshold, seed, or model-choice parameter).",
python,build_item_parameter_evidence,keep,keep,Already conforms to ADR-0028 naming convention.,fast_mlsirm.rubric.item_parameter_evidence,function,provisional_method,None,keep,"Out of ADR-0028 policy scope (not a precision control, decision threshold, seed, or model-choice parameter).",
python,build_item_parameter_evidence,keep,keep,Already conforms to ADR-0028 naming convention.,fast_mlsirm.rubric.item_parameter_evidence,function,schema_version,'1.0',keep,"Out of ADR-0028 policy scope (not a precision control, decision threshold, seed, or model-choice parameter).",
python,BlueprintPlan,keep,keep,Already conforms to ADR-0028 naming convention.,fast_mlsirm.rubric.models,class,difficulty_bands,"(<DifficultyBand.EASY: 'easy'>, <DifficultyBand.MEDIUM: 'medium'>, <DifficultyBand.HARD: 'hard'>)",keep,"Out of ADR-0028 policy scope (not a precision control, decision threshold, seed, or model-choice parameter).",
python,BlueprintPlan,keep,keep,Already conforms to ADR-0028 naming convention.,fast_mlsirm.rubric.models,class,evidence_modes,"(<EvidenceMode.SINGLE_SOURCE: 'single_source'>,)",keep,"Out of ADR-0028 policy scope (not a precision control, decision threshold, seed, or model-choice parameter).",
python,BlueprintPlan,keep,keep,Already conforms to ADR-0028 naming convention.,fast_mlsirm.rubric.models,class,items_per_cell,1,keep,"Out of ADR-0028 policy scope (not a precision control, decision threshold, seed, or model-choice parameter).",
python,BlueprintPlan,keep,keep,Already conforms to ADR-0028 naming convention.,fast_mlsirm.rubric.models,class,seed,0,require,ADR-0028 rule 3: stochastic routines must not ship a default seed -> required argument.,"Deprecation: keep seed=0 accepted only when explicitly passed for one minor release (DeprecationWarning), then remove; changelog Changed entry."
python,DifficultyBand,keep,keep,Already conforms to ADR-0028 naming convention.,fast_mlsirm.rubric.models,class,,,n/a,No defaulted parameters.,
python,EvidenceMode,keep,keep,Already conforms to ADR-0028 naming convention.,fast_mlsirm.rubric.models,class,,,n/a,No defaulted parameters.,
python,ItemBlueprint,keep,keep,Already conforms to ADR-0028 naming convention.,fast_mlsirm.rubric.models,class,prohibited_patterns,(),keep,"Out of ADR-0028 policy scope (not a precision control, decision threshold, seed, or model-choice parameter).",
python,ItemBlueprint,keep,keep,Already conforms to ADR-0028 naming convention.,fast_mlsirm.rubric.models,class,rubric_version,'1.0.0',keep,"Out of ADR-0028 policy scope (not a precision control, decision threshold, seed, or model-choice parameter).",
python,ItemBlueprint,keep,keep,Already conforms to ADR-0028 naming convention.,fast_mlsirm.rubric.models,class,schema_version,'1.0',keep,"Out of ADR-0028 policy scope (not a precision control, decision threshold, seed, or model-choice parameter).",
python,ResponseFormat,keep,keep,Already conforms to ADR-0028 naming convention.,fast_mlsirm.rubric.models,class,,,n/a,No defaulted parameters.,
python,RubricLevel,keep,keep,Already conforms to ADR-0028 naming convention.,fast_mlsirm.rubric.models,class,,,n/a,No defaulted parameters.,
python,RubricSpecification,keep,keep,Already conforms to ADR-0028 naming convention.,fast_mlsirm.rubric.models,class,locale,'en',keep,"Out of ADR-0028 policy scope (not a precision control, decision threshold, seed, or model-choice parameter).",
python,RubricSpecification,keep,keep,Already conforms to ADR-0028 naming convention.,fast_mlsirm.rubric.models,class,prohibited_patterns,(),keep,"Out of ADR-0028 policy scope (not a precision control, decision threshold, seed, or model-choice parameter).",
python,RubricSpecification,keep,keep,Already conforms to ADR-0028 naming convention.,fast_mlsirm.rubric.models,class,rubric_version,'1.0.0',keep,"Out of ADR-0028 policy scope (not a precision control, decision threshold, seed, or model-choice parameter).",
python,RubricSpecification,keep,keep,Already conforms to ADR-0028 naming convention.,fast_mlsirm.rubric.models,class,schema_version,'1.0',keep,"Out of ADR-0028 policy scope (not a precision control, decision threshold, seed, or model-choice parameter).",
python,FacetsPilotDesign,keep,keep,Already conforms to ADR-0028 naming convention.,fast_mlsirm.rubric.pilot_observations,class,_design_token,None,keep,"Out of ADR-0028 policy scope (not a precision control, decision threshold, seed, or model-choice parameter).",
python,FacetsPilotDesign,keep,keep,Already conforms to ADR-0028 naming convention.,fast_mlsirm.rubric.pilot_observations,class,schema_version,'1.0',keep,"Out of ADR-0028 policy scope (not a precision control, decision threshold, seed, or model-choice parameter).",
python,MirtPilotDesign,keep,keep,Already conforms to ADR-0028 naming convention.,fast_mlsirm.rubric.pilot_observations,class,_design_token,None,keep,"Out of ADR-0028 policy scope (not a precision control, decision threshold, seed, or model-choice parameter).",
python,MirtPilotDesign,keep,keep,Already conforms to ADR-0028 naming convention.,fast_mlsirm.rubric.pilot_observations,class,schema_version,'1.0',keep,"Out of ADR-0028 policy scope (not a precision control, decision threshold, seed, or model-choice parameter).",
python,PilotItemProvenance,keep,keep,Already conforms to ADR-0028 naming convention.,fast_mlsirm.rubric.pilot_observations,class,,,n/a,No defaulted parameters.,
python,PilotObservationError,keep,keep,Already conforms to ADR-0028 naming convention.,fast_mlsirm.rubric.pilot_observations,class,,,n/a,No defaulted parameters.,
python,PilotObservationRecord,keep,keep,Already conforms to ADR-0028 naming convention.,fast_mlsirm.rubric.pilot_observations,class,_admission_token,None,keep,"Out of ADR-0028 policy scope (not a precision control, decision threshold, seed, or model-choice parameter).",
python,PilotObservationRecord,keep,keep,Already conforms to ADR-0028 naming convention.,fast_mlsirm.rubric.pilot_observations,class,category,None,keep,"Out of ADR-0028 policy scope (not a precision control, decision threshold, seed, or model-choice parameter).",
python,PilotObservationRecord,keep,keep,Already conforms to ADR-0028 naming convention.,fast_mlsirm.rubric.pilot_observations,class,schema_version,'1.0',keep,"Out of ADR-0028 policy scope (not a precision control, decision threshold, seed, or model-choice parameter).",
python,PilotResponseState,keep,keep,Already conforms to ADR-0028 naming convention.,fast_mlsirm.rubric.pilot_observations,class,,,n/a,No defaulted parameters.,
python,build_facets_pilot_design,keep,keep,Already conforms to ADR-0028 naming convention.,fast_mlsirm.rubric.pilot_observations,function,n_cat,None,keep,"Out of ADR-0028 policy scope (not a precision control, decision threshold, seed, or model-choice parameter).",
python,build_mirt_pilot_design,keep,keep,Already conforms to ADR-0028 naming convention.,fast_mlsirm.rubric.pilot_observations,function,,,n/a,No defaulted parameters.,
python,build_pilot_observation_record,keep,keep,Already conforms to ADR-0028 naming convention.,fast_mlsirm.rubric.pilot_observations,function,category,None,keep,"Out of ADR-0028 policy scope (not a precision control, decision threshold, seed, or model-choice parameter).",
python,CandidateScreeningResult,keep,keep,Already conforms to ADR-0028 naming convention.,fast_mlsirm.rubric.semantic_screening,class,_creation_token,None,keep,"Out of ADR-0028 policy scope (not a precision control, decision threshold, seed, or model-choice parameter).",
python,CandidateScreeningResult,keep,keep,Already conforms to ADR-0028 naming convention.,fast_mlsirm.rubric.semantic_screening,class,schema_version,'1.0',keep,"Out of ADR-0028 policy scope (not a precision control, decision threshold, seed, or model-choice parameter).",
python,ScreeningDimension,keep,keep,Already conforms to ADR-0028 naming convention.,fast_mlsirm.rubric.semantic_screening,class,,,n/a,No defaulted parameters.,
python,ScreeningEvaluatorKind,keep,keep,Already conforms to ADR-0028 naming convention.,fast_mlsirm.rubric.semantic_screening,class,,,n/a,No defaulted parameters.,
python,ScreeningStatus,keep,keep,Already conforms to ADR-0028 naming convention.,fast_mlsirm.rubric.semantic_screening,class,,,n/a,No defaulted parameters.,
python,SemanticScreeningCheck,keep,keep,Already conforms to ADR-0028 naming convention.,fast_mlsirm.rubric.semantic_screening,class,_creation_token,None,keep,"Out of ADR-0028 policy scope (not a precision control, decision threshold, seed, or model-choice parameter).",
python,SemanticScreeningCheck,keep,keep,Already conforms to ADR-0028 naming convention.,fast_mlsirm.rubric.semantic_screening,class,limitation_decision_fingerprint,None,keep,"Out of ADR-0028 policy scope (not a precision control, decision threshold, seed, or model-choice parameter).",
python,build_candidate_screening_result,keep,keep,Already conforms to ADR-0028 naming convention.,fast_mlsirm.rubric.semantic_screening,function,,,n/a,No defaulted parameters.,
python,build_semantic_screening_check,keep,keep,Already conforms to ADR-0028 naming convention.,fast_mlsirm.rubric.semantic_screening,function,limitation_decision_fingerprint,None,keep,"Out of ADR-0028 policy scope (not a precision control, decision threshold, seed, or model-choice parameter).",
python,TestletPilotDesign,keep,keep,Already conforms to ADR-0028 naming convention.,fast_mlsirm.rubric.testlet_pilot,class,_design_token,None,keep,"Out of ADR-0028 policy scope (not a precision control, decision threshold, seed, or model-choice parameter).",
python,TestletPilotDesign,keep,keep,Already conforms to ADR-0028 naming convention.,fast_mlsirm.rubric.testlet_pilot,class,schema_version,'1.0',keep,"Out of ADR-0028 policy scope (not a precision control, decision threshold, seed, or model-choice parameter).",
python,build_testlet_pilot_design,keep,keep,Already conforms to ADR-0028 naming convention.,fast_mlsirm.rubric.testlet_pilot,function,,,n/a,No defaulted parameters.,
python,PilotCandidateRecord,keep,keep,Already conforms to ADR-0028 naming convention.,fast_mlsirm.rubric.verified_pilot,class,_admission_token,None,keep,"Out of ADR-0028 policy scope (not a precision control, decision threshold, seed, or model-choice parameter).",
python,PilotCandidateRecord,keep,keep,Already conforms to ADR-0028 naming convention.,fast_mlsirm.rubric.verified_pilot,class,lifecycle_state,<CandidateLifecycleState.PILOT: 'pilot'>,keep,"Out of ADR-0028 policy scope (not a precision control, decision threshold, seed, or model-choice parameter).",
python,PilotCandidateRecord,keep,keep,Already conforms to ADR-0028 naming convention.,fast_mlsirm.rubric.verified_pilot,class,schema_version,'1.0',keep,"Out of ADR-0028 policy scope (not a precision control, decision threshold, seed, or model-choice parameter).",
python,AchievedProportion,keep,keep,Already conforms to ADR-0028 naming convention.,fast_mlsirm.sampling_design,class,,,n/a,No defaulted parameters.,
python,ProportionSamplingDesign,keep,keep,Already conforms to ADR-0028 naming convention.,fast_mlsirm.sampling_design,class,,,n/a,No defaulted parameters.,
python,SamplingStratum,keep,keep,Already conforms to ADR-0028 naming convention.,fast_mlsirm.sampling_design,class,,,n/a,No defaulted parameters.,
python,finite_population_achieved_proportion,keep,keep,Already conforms to ADR-0028 naming convention.,fast_mlsirm.sampling_design,function,,,n/a,No defaulted parameters.,
python,finite_population_proportion_design,keep,keep,Already conforms to ADR-0028 naming convention.,fast_mlsirm.sampling_design,function,,,n/a,No defaulted parameters.,
python,BradleyTerryResult,keep,keep,Already conforms to ADR-0028 naming convention.,fast_mlsirm.scaling,class,,,n/a,No defaulted parameters.,
python,BrattResult,keep,keep,Already conforms to ADR-0028 naming convention.,fast_mlsirm.scaling,class,,,n/a,No defaulted parameters.,
python,CircularTriadsResult,keep,keep,Already conforms to ADR-0028 naming convention.,fast_mlsirm.scaling,class,,,n/a,No defaulted parameters.,
python,EloResult,keep,keep,Already conforms to ADR-0028 naming convention.,fast_mlsirm.scaling,class,,,n/a,No defaulted parameters.,
python,ElomResult,keep,keep,Already conforms to ADR-0028 naming convention.,fast_mlsirm.scaling,class,,,n/a,No defaulted parameters.,
python,FideResult,keep,keep,Already conforms to ADR-0028 naming convention.,fast_mlsirm.scaling,class,,,n/a,No defaulted parameters.,
python,Glicko2Result,keep,keep,Already conforms to ADR-0028 naming convention.,fast_mlsirm.scaling,class,,,n/a,No defaulted parameters.,
python,GlickoResult,keep,keep,Already conforms to ADR-0028 naming convention.,fast_mlsirm.scaling,class,,,n/a,No defaulted parameters.,
python,KendallUResult,keep,keep,Already conforms to ADR-0028 naming convention.,fast_mlsirm.scaling,class,,,n/a,No defaulted parameters.,
python,LsrResult,keep,keep,Already conforms to ADR-0028 naming convention.,fast_mlsirm.scaling,class,,,n/a,No defaulted parameters.,
python,StephensonResult,keep,keep,Already conforms to ADR-0028 naming convention.,fast_mlsirm.scaling,class,,,n/a,No defaulted parameters.,
python,ThurstoneResult,keep,keep,Already conforms to ADR-0028 naming convention.,fast_mlsirm.scaling,class,,,n/a,No defaulted parameters.,
python,bradley_terry_mm,keep,keep,Already conforms to ADR-0028 naming convention.,fast_mlsirm.scaling,function,alpha,0.0,require,ADR-0028 rule 2: decision threshold / flag cutoff / stopping rule; no APA 7th source cited for this specific value -> required argument.,"Deprecation: keep alpha=0.0 accepted only when explicitly passed for one minor release (DeprecationWarning), then remove; changelog Changed entry."
python,bradley_terry_mm,keep,keep,Already conforms to ADR-0028 naming convention.,fast_mlsirm.scaling,function,max_iter,10000,require,ADR-0028 rule 1: iteration/convergence precision control; no documented convergence-criterion source -> required argument.,"Deprecation: keep max_iter=10000 accepted only when explicitly passed for one minor release (DeprecationWarning), then remove; changelog Changed entry."
python,bradley_terry_mm,keep,keep,Already conforms to ADR-0028 naming convention.,fast_mlsirm.scaling,function,tol,1e-08,require,ADR-0028 rule 1: iteration/convergence precision control; no documented convergence-criterion source -> required argument.,"Deprecation: keep tol=1e-08 accepted only when explicitly passed for one minor release (DeprecationWarning), then remove; changelog Changed entry."
python,bratt_mm,keep,keep,Already conforms to ADR-0028 naming convention.,fast_mlsirm.scaling,function,max_iter,10000,require,ADR-0028 rule 1: iteration/convergence precision control; no documented convergence-criterion source -> required argument.,"Deprecation: keep max_iter=10000 accepted only when explicitly passed for one minor release (DeprecationWarning), then remove; changelog Changed entry."
python,bratt_mm,keep,keep,Already conforms to ADR-0028 naming convention.,fast_mlsirm.scaling,function,ref_index,0,keep,"Out of ADR-0028 policy scope (not a precision control, decision threshold, seed, or model-choice parameter).",
python,bratt_mm,keep,keep,Already conforms to ADR-0028 naming convention.,fast_mlsirm.scaling,function,ref_value,1.0,keep,"Out of ADR-0028 policy scope (not a precision control, decision threshold, seed, or model-choice parameter).",
python,bratt_mm,keep,keep,Already conforms to ADR-0028 naming convention.,fast_mlsirm.scaling,function,tol,1e-10,require,ADR-0028 rule 1: iteration/convergence precision control; no documented convergence-criterion source -> required argument.,"Deprecation: keep tol=1e-10 accepted only when explicitly passed for one minor release (DeprecationWarning), then remove; changelog Changed entry."
python,circular_triads,keep,keep,Already conforms to ADR-0028 naming convention.,fast_mlsirm.scaling,function,alternative,'two.sided',keep,"Out of ADR-0028 policy scope (not a precision control, decision threshold, seed, or model-choice parameter).",
python,circular_triads,keep,keep,Already conforms to ADR-0028 naming convention.,fast_mlsirm.scaling,function,correct,True,keep,"Out of ADR-0028 policy scope (not a precision control, decision threshold, seed, or model-choice parameter).",
python,elo_rating,keep,keep,Already conforms to ADR-0028 naming convention.,fast_mlsirm.scaling,function,gamma,None,keep,"Out of ADR-0028 policy scope (not a precision control, decision threshold, seed, or model-choice parameter).",
python,elo_rating,keep,keep,Already conforms to ADR-0028 naming convention.,fast_mlsirm.scaling,function,init,2200.0,keep,"Out of ADR-0028 policy scope (not a precision control, decision threshold, seed, or model-choice parameter).",
python,elo_rating,keep,keep,Already conforms to ADR-0028 naming convention.,fast_mlsirm.scaling,function,kfac,27.0,keep,"Out of ADR-0028 policy scope (not a precision control, decision threshold, seed, or model-choice parameter).",
python,elom_rating,keep,keep,Already conforms to ADR-0028 naming convention.,fast_mlsirm.scaling,function,base,"(30.0, 10.0, -10.0, -30.0)",keep,"Out of ADR-0028 policy scope (not a precision control, decision threshold, seed, or model-choice parameter).",
python,elom_rating,keep,keep,Already conforms to ADR-0028 naming convention.,fast_mlsirm.scaling,function,init,1500.0,keep,"Out of ADR-0028 policy scope (not a precision control, decision threshold, seed, or model-choice parameter).",
python,elom_rating,keep,keep,Already conforms to ADR-0028 naming convention.,fast_mlsirm.scaling,function,init_games,None,require,ADR-0028 rule 1: replicate/bootstrap/draw count; no Monte-Carlo-error source cited -> required argument.,"Deprecation: keep init_games=None accepted only when explicitly passed for one minor release (DeprecationWarning), then remove; changelog Changed entry."
python,elom_rating,keep,keep,Already conforms to ADR-0028 naming convention.,fast_mlsirm.scaling,function,init_lag,None,keep,"Out of ADR-0028 policy scope (not a precision control, decision threshold, seed, or model-choice parameter).",
python,elom_rating,keep,keep,Already conforms to ADR-0028 naming convention.,fast_mlsirm.scaling,function,init_places,None,keep,"Out of ADR-0028 policy scope (not a precision control, decision threshold, seed, or model-choice parameter).",
python,elom_rating,keep,keep,Already conforms to ADR-0028 naming convention.,fast_mlsirm.scaling,function,kfac,"('kriichi', 400.0, 0.2)",keep,"Out of ADR-0028 policy scope (not a precision control, decision threshold, seed, or model-choice parameter).",
python,elom_rating,keep,keep,Already conforms to ADR-0028 naming convention.,fast_mlsirm.scaling,function,placing,False,keep,"Out of ADR-0028 policy scope (not a precision control, decision threshold, seed, or model-choice parameter).",
python,fide_rating,keep,keep,Already conforms to ADR-0028 naming convention.,fast_mlsirm.scaling,function,gamma,None,keep,"Out of ADR-0028 policy scope (not a precision control, decision threshold, seed, or model-choice parameter).",
python,fide_rating,keep,keep,Already conforms to ADR-0028 naming convention.,fast_mlsirm.scaling,function,init,2200.0,keep,"Out of ADR-0028 policy scope (not a precision control, decision threshold, seed, or model-choice parameter).",
python,fide_rating,keep,keep,Already conforms to ADR-0028 naming convention.,fast_mlsirm.scaling,function,kv,"(10.0, 15.0, 30.0)",keep,"Out of ADR-0028 policy scope (not a precision control, decision threshold, seed, or model-choice parameter).",
python,glicko2_rating,keep,keep,Already conforms to ADR-0028 naming convention.,fast_mlsirm.scaling,function,gamma,None,keep,"Out of ADR-0028 policy scope (not a precision control, decision threshold, seed, or model-choice parameter).",
python,glicko2_rating,keep,keep,Already conforms to ADR-0028 naming convention.,fast_mlsirm.scaling,function,init,"(2200.0, 300.0, 0.15)",keep,"Out of ADR-0028 policy scope (not a precision control, decision threshold, seed, or model-choice parameter).",
python,glicko2_rating,keep,keep,Already conforms to ADR-0028 naming convention.,fast_mlsirm.scaling,function,rdmax,350.0,keep,"Out of ADR-0028 policy scope (not a precision control, decision threshold, seed, or model-choice parameter).",
python,glicko2_rating,keep,keep,Already conforms to ADR-0028 naming convention.,fast_mlsirm.scaling,function,tau,1.2,keep,"Out of ADR-0028 policy scope (not a precision control, decision threshold, seed, or model-choice parameter).",
python,glicko_rating,keep,keep,Already conforms to ADR-0028 naming convention.,fast_mlsirm.scaling,function,cval,15.0,keep,"Out of ADR-0028 policy scope (not a precision control, decision threshold, seed, or model-choice parameter).",
python,glicko_rating,keep,keep,Already conforms to ADR-0028 naming convention.,fast_mlsirm.scaling,function,gamma,None,keep,"Out of ADR-0028 policy scope (not a precision control, decision threshold, seed, or model-choice parameter).",
python,glicko_rating,keep,keep,Already conforms to ADR-0028 naming convention.,fast_mlsirm.scaling,function,init,"(2200.0, 300.0)",keep,"Out of ADR-0028 policy scope (not a precision control, decision threshold, seed, or model-choice parameter).",
python,glicko_rating,keep,keep,Already conforms to ADR-0028 naming convention.,fast_mlsirm.scaling,function,rdmax,350.0,keep,"Out of ADR-0028 policy scope (not a precision control, decision threshold, seed, or model-choice parameter).",
python,ilsr_pairwise,keep,keep,Already conforms to ADR-0028 naming convention.,fast_mlsirm.scaling,function,alpha,0.0,require,ADR-0028 rule 2: decision threshold / flag cutoff / stopping rule; no APA 7th source cited for this specific value -> required argument.,"Deprecation: keep alpha=0.0 accepted only when explicitly passed for one minor release (DeprecationWarning), then remove; changelog Changed entry."
python,ilsr_pairwise,keep,keep,Already conforms to ADR-0028 naming convention.,fast_mlsirm.scaling,function,max_iter,100,require,ADR-0028 rule 1: iteration/convergence precision control; no documented convergence-criterion source -> required argument.,"Deprecation: keep max_iter=100 accepted only when explicitly passed for one minor release (DeprecationWarning), then remove; changelog Changed entry."
python,ilsr_pairwise,keep,keep,Already conforms to ADR-0028 naming convention.,fast_mlsirm.scaling,function,tol,1e-08,require,ADR-0028 rule 1: iteration/convergence precision control; no documented convergence-criterion source -> required argument.,"Deprecation: keep tol=1e-08 accepted only when explicitly passed for one minor release (DeprecationWarning), then remove; changelog Changed entry."
python,ilsr_rankings,keep,keep,Already conforms to ADR-0028 naming convention.,fast_mlsirm.scaling,function,alpha,0.0,require,ADR-0028 rule 2: decision threshold / flag cutoff / stopping rule; no APA 7th source cited for this specific value -> required argument.,"Deprecation: keep alpha=0.0 accepted only when explicitly passed for one minor release (DeprecationWarning), then remove; changelog Changed entry."
python,ilsr_rankings,keep,keep,Already conforms to ADR-0028 naming convention.,fast_mlsirm.scaling,function,max_iter,100,require,ADR-0028 rule 1: iteration/convergence precision control; no documented convergence-criterion source -> required argument.,"Deprecation: keep max_iter=100 accepted only when explicitly passed for one minor release (DeprecationWarning), then remove; changelog Changed entry."
python,ilsr_rankings,keep,keep,Already conforms to ADR-0028 naming convention.,fast_mlsirm.scaling,function,tol,1e-08,require,ADR-0028 rule 1: iteration/convergence precision control; no documented convergence-criterion source -> required argument.,"Deprecation: keep tol=1e-08 accepted only when explicitly passed for one minor release (DeprecationWarning), then remove; changelog Changed entry."
python,ilsr_top1,keep,keep,Already conforms to ADR-0028 naming convention.,fast_mlsirm.scaling,function,alpha,0.0,require,ADR-0028 rule 2: decision threshold / flag cutoff / stopping rule; no APA 7th source cited for this specific value -> required argument.,"Deprecation: keep alpha=0.0 accepted only when explicitly passed for one minor release (DeprecationWarning), then remove; changelog Changed entry."
python,ilsr_top1,keep,keep,Already conforms to ADR-0028 naming convention.,fast_mlsirm.scaling,function,max_iter,100,require,ADR-0028 rule 1: iteration/convergence precision control; no documented convergence-criterion source -> required argument.,"Deprecation: keep max_iter=100 accepted only when explicitly passed for one minor release (DeprecationWarning), then remove; changelog Changed entry."
python,ilsr_top1,keep,keep,Already conforms to ADR-0028 naming convention.,fast_mlsirm.scaling,function,tol,1e-08,require,ADR-0028 rule 1: iteration/convergence precision control; no documented convergence-criterion source -> required argument.,"Deprecation: keep tol=1e-08 accepted only when explicitly passed for one minor release (DeprecationWarning), then remove; changelog Changed entry."
python,kendall_u,keep,keep,Already conforms to ADR-0028 naming convention.,fast_mlsirm.scaling,function,correct,True,keep,"Out of ADR-0028 policy scope (not a precision control, decision threshold, seed, or model-choice parameter).",
python,lsr_pairwise,keep,keep,Already conforms to ADR-0028 naming convention.,fast_mlsirm.scaling,function,alpha,0.0,require,ADR-0028 rule 2: decision threshold / flag cutoff / stopping rule; no APA 7th source cited for this specific value -> required argument.,"Deprecation: keep alpha=0.0 accepted only when explicitly passed for one minor release (DeprecationWarning), then remove; changelog Changed entry."
python,lsr_rankings,keep,keep,Already conforms to ADR-0028 naming convention.,fast_mlsirm.scaling,function,alpha,0.0,require,ADR-0028 rule 2: decision threshold / flag cutoff / stopping rule; no APA 7th source cited for this specific value -> required argument.,"Deprecation: keep alpha=0.0 accepted only when explicitly passed for one minor release (DeprecationWarning), then remove; changelog Changed entry."
python,lsr_top1,keep,keep,Already conforms to ADR-0028 naming convention.,fast_mlsirm.scaling,function,alpha,0.0,require,ADR-0028 rule 2: decision threshold / flag cutoff / stopping rule; no APA 7th source cited for this specific value -> required argument.,"Deprecation: keep alpha=0.0 accepted only when explicitly passed for one minor release (DeprecationWarning), then remove; changelog Changed entry."
python,metrics_rating,keep,keep,Already conforms to ADR-0028 naming convention.,fast_mlsirm.scaling,function,cap,"(0.01, 0.99)",keep,"Out of ADR-0028 policy scope (not a precision control, decision threshold, seed, or model-choice parameter).",
python,metrics_rating,keep,keep,Already conforms to ADR-0028 naming convention.,fast_mlsirm.scaling,function,scale,True,keep,"Out of ADR-0028 policy scope (not a precision control, decision threshold, seed, or model-choice parameter).",
python,predict_rating,keep,keep,Already conforms to ADR-0028 naming convention.,fast_mlsirm.scaling,function,deviations,None,keep,"Out of ADR-0028 policy scope (not a precision control, decision threshold, seed, or model-choice parameter).",
python,predict_rating,keep,keep,Already conforms to ADR-0028 naming convention.,fast_mlsirm.scaling,function,gamma,30.0,keep,"Out of ADR-0028 policy scope (not a precision control, decision threshold, seed, or model-choice parameter).",
python,predict_rating,keep,keep,Already conforms to ADR-0028 naming convention.,fast_mlsirm.scaling,function,thresh,None,keep,"Out of ADR-0028 policy scope (not a precision control, decision threshold, seed, or model-choice parameter).",
python,predict_rating,keep,keep,Already conforms to ADR-0028 naming convention.,fast_mlsirm.scaling,function,tng,15,keep,"Out of ADR-0028 policy scope (not a precision control, decision threshold, seed, or model-choice parameter).",
python,predict_rating,keep,keep,Already conforms to ADR-0028 naming convention.,fast_mlsirm.scaling,function,trat,None,keep,"Out of ADR-0028 policy scope (not a precision control, decision threshold, seed, or model-choice parameter).",
python,predict_rating_multi,keep,keep,Already conforms to ADR-0028 naming convention.,fast_mlsirm.scaling,function,placing,False,keep,"Out of ADR-0028 policy scope (not a precision control, decision threshold, seed, or model-choice parameter).",
python,predict_rating_multi,keep,keep,Already conforms to ADR-0028 naming convention.,fast_mlsirm.scaling,function,tng,15,keep,"Out of ADR-0028 policy scope (not a precision control, decision threshold, seed, or model-choice parameter).",
python,predict_rating_multi,keep,keep,Already conforms to ADR-0028 naming convention.,fast_mlsirm.scaling,function,trat,None,keep,"Out of ADR-0028 policy scope (not a precision control, decision threshold, seed, or model-choice parameter).",
python,rank_centrality,keep,keep,Already conforms to ADR-0028 naming convention.,fast_mlsirm.scaling,function,alpha,0.0,require,ADR-0028 rule 2: decision threshold / flag cutoff / stopping rule; no APA 7th source cited for this specific value -> required argument.,"Deprecation: keep alpha=0.0 accepted only when explicitly passed for one minor release (DeprecationWarning), then remove; changelog Changed entry."
python,stephenson_rating,keep,keep,Already conforms to ADR-0028 naming convention.,fast_mlsirm.scaling,function,bval,0.0,keep,"Out of ADR-0028 policy scope (not a precision control, decision threshold, seed, or model-choice parameter).",
python,stephenson_rating,keep,keep,Already conforms to ADR-0028 naming convention.,fast_mlsirm.scaling,function,cval,10.0,keep,"Out of ADR-0028 policy scope (not a precision control, decision threshold, seed, or model-choice parameter).",
python,stephenson_rating,keep,keep,Already conforms to ADR-0028 naming convention.,fast_mlsirm.scaling,function,gamma,None,keep,"Out of ADR-0028 policy scope (not a precision control, decision threshold, seed, or model-choice parameter).",
python,stephenson_rating,keep,keep,Already conforms to ADR-0028 naming convention.,fast_mlsirm.scaling,function,hval,10.0,keep,"Out of ADR-0028 policy scope (not a precision control, decision threshold, seed, or model-choice parameter).",
python,stephenson_rating,keep,keep,Already conforms to ADR-0028 naming convention.,fast_mlsirm.scaling,function,init,"(2200.0, 300.0)",keep,"Out of ADR-0028 policy scope (not a precision control, decision threshold, seed, or model-choice parameter).",
python,stephenson_rating,keep,keep,Already conforms to ADR-0028 naming convention.,fast_mlsirm.scaling,function,init_games,None,require,ADR-0028 rule 1: replicate/bootstrap/draw count; no Monte-Carlo-error source cited -> required argument.,"Deprecation: keep init_games=None accepted only when explicitly passed for one minor release (DeprecationWarning), then remove; changelog Changed entry."
python,stephenson_rating,keep,keep,Already conforms to ADR-0028 naming convention.,fast_mlsirm.scaling,function,init_lag,None,keep,"Out of ADR-0028 policy scope (not a precision control, decision threshold, seed, or model-choice parameter).",
python,stephenson_rating,keep,keep,Already conforms to ADR-0028 naming convention.,fast_mlsirm.scaling,function,lambda_,2.0,keep,"Out of ADR-0028 policy scope (not a precision control, decision threshold, seed, or model-choice parameter).",
python,stephenson_rating,keep,keep,Already conforms to ADR-0028 naming convention.,fast_mlsirm.scaling,function,rdmax,350.0,keep,"Out of ADR-0028 policy scope (not a precision control, decision threshold, seed, or model-choice parameter).",
python,thurstone_case_v,keep,keep,Already conforms to ADR-0028 naming convention.,fast_mlsirm.scaling,function,,,n/a,No defaulted parameters.,
python,AssessmentResponseType,keep,keep,Already conforms to ADR-0028 naming convention.,fast_mlsirm.scoring.assessment,class,,,n/a,No defaulted parameters.,
python,AssessmentSpec,keep,keep,Already conforms to ADR-0028 naming convention.,fast_mlsirm.scoring.assessment,class,_assessment_token,None,keep,"Out of ADR-0028 policy scope (not a precision control, decision threshold, seed, or model-choice parameter).",
python,AssessmentSpec,keep,keep,Already conforms to ADR-0028 naming convention.,fast_mlsirm.scoring.assessment,class,schema_version,'1.0',keep,"Out of ADR-0028 policy scope (not a precision control, decision threshold, seed, or model-choice parameter).",
python,ConstructSpec,keep,keep,Already conforms to ADR-0028 naming convention.,fast_mlsirm.scoring.assessment,class,,,n/a,No defaulted parameters.,
python,build_assessment_spec,keep,keep,Already conforms to ADR-0028 naming convention.,fast_mlsirm.scoring.assessment,function,metadata,None,keep,"Out of ADR-0028 policy scope (not a precision control, decision threshold, seed, or model-choice parameter).",
python,StaticFixtureEngine,keep,keep,Already conforms to ADR-0028 naming convention.,fast_mlsirm.scoring.authorization,class,,,n/a,No defaulted parameters.,
python,build_scoring_request,keep,keep,Already conforms to ADR-0028 naming convention.,fast_mlsirm.scoring.authorization,function,criterion_ids,(),keep,"Out of ADR-0028 policy scope (not a precision control, decision threshold, seed, or model-choice parameter).",
python,build_scoring_request,keep,keep,Already conforms to ADR-0028 naming convention.,fast_mlsirm.scoring.authorization,function,metadata,None,keep,"Out of ADR-0028 policy scope (not a precision control, decision threshold, seed, or model-choice parameter).",
python,build_scoring_result,keep,keep,Already conforms to ADR-0028 naming convention.,fast_mlsirm.scoring.authorization,function,assessment,None,keep,"Out of ADR-0028 policy scope (not a precision control, decision threshold, seed, or model-choice parameter).",
python,build_scoring_result,keep,keep,Already conforms to ADR-0028 naming convention.,fast_mlsirm.scoring.authorization,function,diagnostics,None,keep,"Out of ADR-0028 policy scope (not a precision control, decision threshold, seed, or model-choice parameter).",
python,build_scoring_result,keep,keep,Already conforms to ADR-0028 naming convention.,fast_mlsirm.scoring.authorization,function,execution_attempt,1,keep,"Out of ADR-0028 policy scope (not a precision control, decision threshold, seed, or model-choice parameter).",
python,ScoringFacetsCalibrationBundle,keep,keep,Already conforms to ADR-0028 naming convention.,fast_mlsirm.scoring.calibration,class,_bundle_token,None,keep,"Out of ADR-0028 policy scope (not a precision control, decision threshold, seed, or model-choice parameter).",
python,ScoringFacetsCalibrationBundle,keep,keep,Already conforms to ADR-0028 naming convention.,fast_mlsirm.scoring.calibration,class,schema_version,'1.0',keep,"Out of ADR-0028 policy scope (not a precision control, decision threshold, seed, or model-choice parameter).",
python,ScoringFacetsDesign,keep,keep,Already conforms to ADR-0028 naming convention.,fast_mlsirm.scoring.calibration,class,_design_token,None,keep,"Out of ADR-0028 policy scope (not a precision control, decision threshold, seed, or model-choice parameter).",
python,ScoringFacetsDesign,keep,keep,Already conforms to ADR-0028 naming convention.,fast_mlsirm.scoring.calibration,class,schema_version,'1.0',keep,"Out of ADR-0028 policy scope (not a precision control, decision threshold, seed, or model-choice parameter).",
python,ScoringFacetsRatingRecord,keep,keep,Already conforms to ADR-0028 naming convention.,fast_mlsirm.scoring.calibration,class,_rating_token,None,keep,"Out of ADR-0028 policy scope (not a precision control, decision threshold, seed, or model-choice parameter).",
python,ScoringFacetsRatingRecord,keep,keep,Already conforms to ADR-0028 naming convention.,fast_mlsirm.scoring.calibration,class,schema_version,'1.0',keep,"Out of ADR-0028 policy scope (not a precision control, decision threshold, seed, or model-choice parameter).",
python,build_enterprise_issue_facets_calibration_bundle,keep,keep,Already conforms to ADR-0028 naming convention.,fast_mlsirm.scoring.enterprise_issue.calibration,function,require_connected,True,keep,"Out of ADR-0028 policy scope (not a precision control, decision threshold, seed, or model-choice parameter).",
python,build_enterprise_issue_facets_rating_records,keep,keep,Already conforms to ADR-0028 naming convention.,fast_mlsirm.scoring.enterprise_issue.calibration,function,,,n/a,No defaulted parameters.,
python,AtomicIssueRecord,keep,keep,Already conforms to ADR-0028 naming convention.,fast_mlsirm.scoring.enterprise_issue.contracts,class,schema_version,'1.0',keep,"Out of ADR-0028 policy scope (not a precision control, decision threshold, seed, or model-choice parameter).",
python,CandidateIntervention,keep,keep,Already conforms to ADR-0028 naming convention.,fast_mlsirm.scoring.enterprise_issue.contracts,class,schema_version,'1.0',keep,"Out of ADR-0028 policy scope (not a precision control, decision threshold, seed, or model-choice parameter).",
python,CounterevidenceRecord,keep,keep,Already conforms to ADR-0028 naming convention.,fast_mlsirm.scoring.enterprise_issue.contracts,class,schema_version,'1.0',keep,"Out of ADR-0028 policy scope (not a precision control, decision threshold, seed, or model-choice parameter).",
python,EnterpriseAssertionKind,keep,keep,Already conforms to ADR-0028 naming convention.,fast_mlsirm.scoring.enterprise_issue.contracts,class,,,n/a,No defaulted parameters.,
python,EnterpriseSourceRecord,keep,keep,Already conforms to ADR-0028 naming convention.,fast_mlsirm.scoring.enterprise_issue.contracts,class,schema_version,'1.0',keep,"Out of ADR-0028 policy scope (not a precision control, decision threshold, seed, or model-choice parameter).",
python,EvidenceSpanRecord,keep,keep,Already conforms to ADR-0028 naming convention.,fast_mlsirm.scoring.enterprise_issue.contracts,class,schema_version,'1.0',keep,"Out of ADR-0028 policy scope (not a precision control, decision threshold, seed, or model-choice parameter).",
python,StakeholderPerspective,keep,keep,Already conforms to ADR-0028 naming convention.,fast_mlsirm.scoring.enterprise_issue.contracts,class,schema_version,'1.0',keep,"Out of ADR-0028 policy scope (not a precision control, decision threshold, seed, or model-choice parameter).",
python,DeterministicExplicitValueParser,keep,keep,Already conforms to ADR-0028 naming convention.,fast_mlsirm.scoring.enterprise_issue.explicit_values,class,currency_codes,"('EUR', 'JPY', 'KRW', 'USD')",keep,"Out of ADR-0028 policy scope (not a precision control, decision threshold, seed, or model-choice parameter).",
python,DeterministicExplicitValueParser,keep,keep,Already conforms to ADR-0028 naming convention.,fast_mlsirm.scoring.enterprise_issue.explicit_values,class,maximum_records,128,keep,"Out of ADR-0028 policy scope (not a precision control, decision threshold, seed, or model-choice parameter).",
python,EnterpriseExplicitValueParser,keep,keep,Already conforms to ADR-0028 naming convention.,fast_mlsirm.scoring.enterprise_issue.explicit_values,class,,,n/a,No defaulted parameters.,
python,ExplicitValueKind,keep,keep,Already conforms to ADR-0028 naming convention.,fast_mlsirm.scoring.enterprise_issue.explicit_values,class,,,n/a,No defaulted parameters.,
python,ExplicitValueRecord,keep,keep,Already conforms to ADR-0028 naming convention.,fast_mlsirm.scoring.enterprise_issue.explicit_values,class,metadata,<factory>,keep,"Out of ADR-0028 policy scope (not a precision control, decision threshold, seed, or model-choice parameter).",
python,ExplicitValueRecord,keep,keep,Already conforms to ADR-0028 naming convention.,fast_mlsirm.scoring.enterprise_issue.explicit_values,class,schema_version,'1.0',keep,"Out of ADR-0028 policy scope (not a precision control, decision threshold, seed, or model-choice parameter).",
python,parse_enterprise_explicit_values,keep,keep,Already conforms to ADR-0028 naming convention.,fast_mlsirm.scoring.enterprise_issue.explicit_values,function,parser,None,keep,"Out of ADR-0028 policy scope (not a precision control, decision threshold, seed, or model-choice parameter).",
python,build_enterprise_issue_score_observation,keep,keep,Already conforms to ADR-0028 naming convention.,fast_mlsirm.scoring.enterprise_issue.observation,function,confidence_metadata,None,keep,"Out of ADR-0028 policy scope (not a precision control, decision threshold, seed, or model-choice parameter).",
python,build_enterprise_issue_score_observation,keep,keep,Already conforms to ADR-0028 naming convention.,fast_mlsirm.scoring.enterprise_issue.observation,function,evidence_references,(),keep,"Out of ADR-0028 policy scope (not a precision control, decision threshold, seed, or model-choice parameter).",
python,build_enterprise_issue_score_observation,keep,keep,Already conforms to ADR-0028 naming convention.,fast_mlsirm.scoring.enterprise_issue.observation,function,reason_code,None,keep,"Out of ADR-0028 policy scope (not a precision control, decision threshold, seed, or model-choice parameter).",
python,build_enterprise_issue_score_observation,keep,keep,Already conforms to ADR-0028 naming convention.,fast_mlsirm.scoring.enterprise_issue.observation,function,score_category,None,keep,"Out of ADR-0028 policy scope (not a precision control, decision threshold, seed, or model-choice parameter).",
python,fit_enterprise_issue_facets_calibration_reports,keep,keep,Already conforms to ADR-0028 naming convention.,fast_mlsirm.scoring.enterprise_issue.reporting,function,additional_review_trigger_ids,(),keep,"Out of ADR-0028 policy scope (not a precision control, decision threshold, seed, or model-choice parameter).",
python,fit_enterprise_issue_facets_calibration_reports,keep,keep,Already conforms to ADR-0028 naming convention.,fast_mlsirm.scoring.enterprise_issue.reporting,function,max_iter,500,require,ADR-0028 rule 1: iteration/convergence precision control; no documented convergence-criterion source -> required argument.,"Deprecation: keep max_iter=500 accepted only when explicitly passed for one minor release (DeprecationWarning), then remove; changelog Changed entry."
python,fit_enterprise_issue_facets_calibration_reports,keep,keep,Already conforms to ADR-0028 naming convention.,fast_mlsirm.scoring.enterprise_issue.reporting,function,metadata,None,keep,"Out of ADR-0028 policy scope (not a precision control, decision threshold, seed, or model-choice parameter).",
python,fit_enterprise_issue_facets_calibration_reports,keep,keep,Already conforms to ADR-0028 naming convention.,fast_mlsirm.scoring.enterprise_issue.reporting,function,q_theta,41,require,ADR-0028 rule 1: numerical-precision (quadrature node count) control; no in-repo citation for this value and/or below the AGENTS.md #1929 floor of 121 -> required argument.,"Deprecation: keep q_theta=41 accepted only when explicitly passed for one minor release (DeprecationWarning), then remove; changelog Changed entry."
python,fit_enterprise_issue_facets_calibration_reports,keep,keep,Already conforms to ADR-0028 naming convention.,fast_mlsirm.scoring.enterprise_issue.reporting,function,require_connected,True,keep,"Out of ADR-0028 policy scope (not a precision control, decision threshold, seed, or model-choice parameter).",
python,fit_enterprise_issue_facets_calibration_reports,keep,keep,Already conforms to ADR-0028 naming convention.,fast_mlsirm.scoring.enterprise_issue.reporting,function,tol,1e-06,require,ADR-0028 rule 1: iteration/convergence precision control; no documented convergence-criterion source -> required argument.,"Deprecation: keep tol=1e-06 accepted only when explicitly passed for one minor release (DeprecationWarning), then remove; changelog Changed entry."
python,build_enterprise_issue_scoring_request,keep,keep,Already conforms to ADR-0028 naming convention.,fast_mlsirm.scoring.enterprise_issue.request,function,candidate_interventions,(),keep,"Out of ADR-0028 policy scope (not a precision control, decision threshold, seed, or model-choice parameter).",
python,build_enterprise_issue_scoring_request,keep,keep,Already conforms to ADR-0028 naming convention.,fast_mlsirm.scoring.enterprise_issue.request,function,metadata,None,keep,"Out of ADR-0028 policy scope (not a precision control, decision threshold, seed, or model-choice parameter).",
python,build_enterprise_issue_scoring_request,keep,keep,Already conforms to ADR-0028 naming convention.,fast_mlsirm.scoring.enterprise_issue.request,function,stakeholder_perspectives,(),keep,"Out of ADR-0028 policy scope (not a precision control, decision threshold, seed, or model-choice parameter).",
python,enterprise_issue_evidence_references,keep,keep,Already conforms to ADR-0028 naming convention.,fast_mlsirm.scoring.enterprise_issue.request,function,stakeholder_perspectives,(),keep,"Out of ADR-0028 policy scope (not a precision control, decision threshold, seed, or model-choice parameter).",
python,EnterpriseAtomicIssueExtractor,keep,keep,Already conforms to ADR-0028 naming convention.,fast_mlsirm.scoring.enterprise_issue.semantic,class,,,n/a,No defaulted parameters.,
python,StaticEnterpriseIssueExtractor,keep,keep,Already conforms to ADR-0028 naming convention.,fast_mlsirm.scoring.enterprise_issue.semantic,class,,,n/a,No defaulted parameters.,
python,extract_enterprise_atomic_issues,keep,keep,Already conforms to ADR-0028 naming convention.,fast_mlsirm.scoring.enterprise_issue.semantic,function,,,n/a,No defaulted parameters.,
python,render_essay_facets_calibration_report_html,keep,keep,Already conforms to ADR-0028 naming convention.,fast_mlsirm.scoring.essay.calibration_report_html,function,output_root,None,keep,"Out of ADR-0028 policy scope (not a precision control, decision threshold, seed, or model-choice parameter).",
python,render_essay_facets_calibration_report_html,keep,keep,Already conforms to ADR-0028 naming convention.,fast_mlsirm.scoring.essay.calibration_report_html,function,title,None,keep,"Out of ADR-0028 policy scope (not a precision control, decision threshold, seed, or model-choice parameter).",
python,EssayFacetsCalibrationReport,keep,keep,Already conforms to ADR-0028 naming convention.,fast_mlsirm.scoring.essay.calibration_reporting,class,_report_token,None,keep,"Out of ADR-0028 policy scope (not a precision control, decision threshold, seed, or model-choice parameter).",
python,EssayFacetsCalibrationReport,keep,keep,Already conforms to ADR-0028 naming convention.,fast_mlsirm.scoring.essay.calibration_reporting,class,schema_version,'1.0',keep,"Out of ADR-0028 policy scope (not a precision control, decision threshold, seed, or model-choice parameter).",
python,build_essay_facets_calibration_report,keep,keep,Already conforms to ADR-0028 naming convention.,fast_mlsirm.scoring.essay.calibration_reporting,function,additional_review_trigger_ids,(),keep,"Out of ADR-0028 policy scope (not a precision control, decision threshold, seed, or model-choice parameter).",
python,build_essay_facets_calibration_report,keep,keep,Already conforms to ADR-0028 naming convention.,fast_mlsirm.scoring.essay.calibration_reporting,function,metadata,None,keep,"Out of ADR-0028 policy scope (not a precision control, decision threshold, seed, or model-choice parameter).",
python,fit_essay_facets_calibration_report,keep,keep,Already conforms to ADR-0028 naming convention.,fast_mlsirm.scoring.essay.calibration_reporting,function,additional_review_trigger_ids,(),keep,"Out of ADR-0028 policy scope (not a precision control, decision threshold, seed, or model-choice parameter).",
python,fit_essay_facets_calibration_report,keep,keep,Already conforms to ADR-0028 naming convention.,fast_mlsirm.scoring.essay.calibration_reporting,function,max_iter,500,require,ADR-0028 rule 1: iteration/convergence precision control; no documented convergence-criterion source -> required argument.,"Deprecation: keep max_iter=500 accepted only when explicitly passed for one minor release (DeprecationWarning), then remove; changelog Changed entry."
python,fit_essay_facets_calibration_report,keep,keep,Already conforms to ADR-0028 naming convention.,fast_mlsirm.scoring.essay.calibration_reporting,function,metadata,None,keep,"Out of ADR-0028 policy scope (not a precision control, decision threshold, seed, or model-choice parameter).",
python,fit_essay_facets_calibration_report,keep,keep,Already conforms to ADR-0028 naming convention.,fast_mlsirm.scoring.essay.calibration_reporting,function,q_theta,41,require,ADR-0028 rule 1: numerical-precision (quadrature node count) control; no in-repo citation for this value and/or below the AGENTS.md #1929 floor of 121 -> required argument.,"Deprecation: keep q_theta=41 accepted only when explicitly passed for one minor release (DeprecationWarning), then remove; changelog Changed entry."
python,fit_essay_facets_calibration_report,keep,keep,Already conforms to ADR-0028 naming convention.,fast_mlsirm.scoring.essay.calibration_reporting,function,tol,1e-06,require,ADR-0028 rule 1: iteration/convergence precision control; no documented convergence-criterion source -> required argument.,"Deprecation: keep tol=1e-06 accepted only when explicitly passed for one minor release (DeprecationWarning), then remove; changelog Changed entry."
python,EssayEvidenceKind,keep,keep,Already conforms to ADR-0028 naming convention.,fast_mlsirm.scoring.essay.contracts,class,,,n/a,No defaulted parameters.,
python,EssayPrompt,keep,keep,Already conforms to ADR-0028 naming convention.,fast_mlsirm.scoring.essay.contracts,class,_prompt_token,None,keep,"Out of ADR-0028 policy scope (not a precision control, decision threshold, seed, or model-choice parameter).",
python,EssayPrompt,keep,keep,Already conforms to ADR-0028 naming convention.,fast_mlsirm.scoring.essay.contracts,class,schema_version,'1.0',keep,"Out of ADR-0028 policy scope (not a precision control, decision threshold, seed, or model-choice parameter).",
python,EssayResponseEvidence,keep,keep,Already conforms to ADR-0028 naming convention.,fast_mlsirm.scoring.essay.contracts,class,_evidence_token,None,keep,"Out of ADR-0028 policy scope (not a precision control, decision threshold, seed, or model-choice parameter).",
python,EssayResponseEvidence,keep,keep,Already conforms to ADR-0028 naming convention.,fast_mlsirm.scoring.essay.contracts,class,schema_version,'1.0',keep,"Out of ADR-0028 policy scope (not a precision control, decision threshold, seed, or model-choice parameter).",
python,EssayReviewFlag,keep,keep,Already conforms to ADR-0028 naming convention.,fast_mlsirm.scoring.essay.contracts,class,,,n/a,No defaulted parameters.,
python,EssayScoringRequest,keep,keep,Already conforms to ADR-0028 naming convention.,fast_mlsirm.scoring.essay.contracts,class,_request_token,None,keep,"Out of ADR-0028 policy scope (not a precision control, decision threshold, seed, or model-choice parameter).",
python,EssayScoringRequest,keep,keep,Already conforms to ADR-0028 naming convention.,fast_mlsirm.scoring.essay.contracts,class,schema_version,'1.0',keep,"Out of ADR-0028 policy scope (not a precision control, decision threshold, seed, or model-choice parameter).",
python,EssaySubmission,keep,keep,Already conforms to ADR-0028 naming convention.,fast_mlsirm.scoring.essay.contracts,class,_submission_token,None,keep,"Out of ADR-0028 policy scope (not a precision control, decision threshold, seed, or model-choice parameter).",
python,EssaySubmission,keep,keep,Already conforms to ADR-0028 naming convention.,fast_mlsirm.scoring.essay.contracts,class,schema_version,'1.0',keep,"Out of ADR-0028 policy scope (not a precision control, decision threshold, seed, or model-choice parameter).",
python,build_essay_prompt,keep,keep,Already conforms to ADR-0028 naming convention.,fast_mlsirm.scoring.essay.contracts,function,metadata,None,keep,"Out of ADR-0028 policy scope (not a precision control, decision threshold, seed, or model-choice parameter).",
python,build_essay_response_evidence,keep,keep,Already conforms to ADR-0028 naming convention.,fast_mlsirm.scoring.essay.contracts,function,metadata,None,keep,"Out of ADR-0028 policy scope (not a precision control, decision threshold, seed, or model-choice parameter).",
python,build_essay_scoring_request,keep,keep,Already conforms to ADR-0028 naming convention.,fast_mlsirm.scoring.essay.contracts,function,essay_evidence,(),keep,"Out of ADR-0028 policy scope (not a precision control, decision threshold, seed, or model-choice parameter).",
python,build_essay_scoring_request,keep,keep,Already conforms to ADR-0028 naming convention.,fast_mlsirm.scoring.essay.contracts,function,metadata,None,keep,"Out of ADR-0028 policy scope (not a precision control, decision threshold, seed, or model-choice parameter).",
python,build_essay_submission,keep,keep,Already conforms to ADR-0028 naming convention.,fast_mlsirm.scoring.essay.contracts,function,metadata,None,keep,"Out of ADR-0028 policy scope (not a precision control, decision threshold, seed, or model-choice parameter).",
python,build_essay_submission,keep,keep,Already conforms to ADR-0028 naming convention.,fast_mlsirm.scoring.essay.contracts,function,review_flags,(),keep,"Out of ADR-0028 policy scope (not a precision control, decision threshold, seed, or model-choice parameter).",
python,score_essay_request,keep,keep,Already conforms to ADR-0028 naming convention.,fast_mlsirm.scoring.essay.contracts,function,,,n/a,No defaulted parameters.,
python,render_essay_score_report_html,keep,keep,Already conforms to ADR-0028 naming convention.,fast_mlsirm.scoring.essay.report_html,function,title,None,keep,"Out of ADR-0028 policy scope (not a precision control, decision threshold, seed, or model-choice parameter).",
python,EssayScoreReport,keep,keep,Already conforms to ADR-0028 naming convention.,fast_mlsirm.scoring.essay.reporting,class,_report_token,None,keep,"Out of ADR-0028 policy scope (not a precision control, decision threshold, seed, or model-choice parameter).",
python,EssayScoreReport,keep,keep,Already conforms to ADR-0028 naming convention.,fast_mlsirm.scoring.essay.reporting,class,schema_version,'1.0',keep,"Out of ADR-0028 policy scope (not a precision control, decision threshold, seed, or model-choice parameter).",
python,build_essay_score_report,keep,keep,Already conforms to ADR-0028 naming convention.,fast_mlsirm.scoring.essay.reporting,function,additional_review_trigger_ids,(),keep,"Out of ADR-0028 policy scope (not a precision control, decision threshold, seed, or model-choice parameter).",
python,build_essay_score_report,keep,keep,Already conforms to ADR-0028 naming convention.,fast_mlsirm.scoring.essay.reporting,function,metadata,None,keep,"Out of ADR-0028 policy scope (not a precision control, decision threshold, seed, or model-choice parameter).",
python,render_essay_validation_evidence_report_html,keep,keep,Already conforms to ADR-0028 naming convention.,fast_mlsirm.scoring.essay.validation_report_html,function,title,None,keep,"Out of ADR-0028 policy scope (not a precision control, decision threshold, seed, or model-choice parameter).",
python,EssayValidationEvidenceReport,keep,keep,Already conforms to ADR-0028 naming convention.,fast_mlsirm.scoring.essay.validation_reporting,class,_report_token,None,keep,"Out of ADR-0028 policy scope (not a precision control, decision threshold, seed, or model-choice parameter).",
python,EssayValidationEvidenceReport,keep,keep,Already conforms to ADR-0028 naming convention.,fast_mlsirm.scoring.essay.validation_reporting,class,schema_version,'1.0',keep,"Out of ADR-0028 policy scope (not a precision control, decision threshold, seed, or model-choice parameter).",
python,EssayValidationMetric,keep,keep,Already conforms to ADR-0028 naming convention.,fast_mlsirm.scoring.essay.validation_reporting,class,_metric_token,None,keep,"Out of ADR-0028 policy scope (not a precision control, decision threshold, seed, or model-choice parameter).",
python,build_essay_validation_evidence_report,keep,keep,Already conforms to ADR-0028 naming convention.,fast_mlsirm.scoring.essay.validation_reporting,function,additional_review_trigger_ids,(),keep,"Out of ADR-0028 policy scope (not a precision control, decision threshold, seed, or model-choice parameter).",
python,build_essay_validation_evidence_report,keep,keep,Already conforms to ADR-0028 naming convention.,fast_mlsirm.scoring.essay.validation_reporting,function,human_human_labels,None,keep,"Out of ADR-0028 policy scope (not a precision control, decision threshold, seed, or model-choice parameter).",
python,build_essay_validation_evidence_report,keep,keep,Already conforms to ADR-0028 naming convention.,fast_mlsirm.scoring.essay.validation_reporting,function,metadata,None,keep,"Out of ADR-0028 policy scope (not a precision control, decision threshold, seed, or model-choice parameter).",
python,build_essay_validation_evidence_report,keep,keep,Already conforms to ADR-0028 naming convention.,fast_mlsirm.scoring.essay.validation_reporting,function,subgroup_labels,None,keep,"Out of ADR-0028 policy scope (not a precision control, decision threshold, seed, or model-choice parameter).",
python,EngineDescriptor,keep,keep,Already conforms to ADR-0028 naming convention.,fast_mlsirm.scoring.execution,class,_engine_token,None,keep,"Out of ADR-0028 policy scope (not a precision control, decision threshold, seed, or model-choice parameter).",
python,EngineDescriptor,keep,keep,Already conforms to ADR-0028 naming convention.,fast_mlsirm.scoring.execution,class,schema_version,'1.0',keep,"Out of ADR-0028 policy scope (not a precision control, decision threshold, seed, or model-choice parameter).",
python,EngineKind,keep,keep,Already conforms to ADR-0028 naming convention.,fast_mlsirm.scoring.execution,class,,,n/a,No defaulted parameters.,
python,EvidenceReference,keep,keep,Already conforms to ADR-0028 naming convention.,fast_mlsirm.scoring.execution,class,evidence_role,<EvidenceRole.SUPPORTING: 'supporting_evidence'>,keep,"Out of ADR-0028 policy scope (not a precision control, decision threshold, seed, or model-choice parameter).",
python,EvidenceReference,keep,keep,Already conforms to ADR-0028 naming convention.,fast_mlsirm.scoring.execution,class,schema_version,'1.0',keep,"Out of ADR-0028 policy scope (not a precision control, decision threshold, seed, or model-choice parameter).",
python,EvidenceRole,keep,keep,Already conforms to ADR-0028 naming convention.,fast_mlsirm.scoring.execution,class,,,n/a,No defaulted parameters.,
python,FixtureOutcome,keep,keep,Already conforms to ADR-0028 naming convention.,fast_mlsirm.scoring.execution,class,confidence_metadata,None,keep,"Out of ADR-0028 policy scope (not a precision control, decision threshold, seed, or model-choice parameter).",
python,FixtureOutcome,keep,keep,Already conforms to ADR-0028 naming convention.,fast_mlsirm.scoring.execution,class,evidence_references,(),keep,"Out of ADR-0028 policy scope (not a precision control, decision threshold, seed, or model-choice parameter).",
python,FixtureOutcome,keep,keep,Already conforms to ADR-0028 naming convention.,fast_mlsirm.scoring.execution,class,reason_code,None,keep,"Out of ADR-0028 policy scope (not a precision control, decision threshold, seed, or model-choice parameter).",
python,FixtureOutcome,keep,keep,Already conforms to ADR-0028 naming convention.,fast_mlsirm.scoring.execution,class,score_category,None,keep,"Out of ADR-0028 policy scope (not a precision control, decision threshold, seed, or model-choice parameter).",
python,ObservationGranularity,keep,keep,Already conforms to ADR-0028 naming convention.,fast_mlsirm.scoring.execution,class,,,n/a,No defaulted parameters.,
python,ObservationStatus,keep,keep,Already conforms to ADR-0028 naming convention.,fast_mlsirm.scoring.execution,class,,,n/a,No defaulted parameters.,
python,ScoreObservation,keep,keep,Already conforms to ADR-0028 naming convention.,fast_mlsirm.scoring.execution,class,_observation_token,None,keep,"Out of ADR-0028 policy scope (not a precision control, decision threshold, seed, or model-choice parameter).",
python,ScoreObservation,keep,keep,Already conforms to ADR-0028 naming convention.,fast_mlsirm.scoring.execution,class,schema_version,'1.0',keep,"Out of ADR-0028 policy scope (not a precision control, decision threshold, seed, or model-choice parameter).",
python,ScoringEngine,keep,keep,Already conforms to ADR-0028 naming convention.,fast_mlsirm.scoring.execution,class,,,n/a,No defaulted parameters.,
python,ScoringRequest,keep,keep,Already conforms to ADR-0028 naming convention.,fast_mlsirm.scoring.execution,class,_request_token,None,keep,"Out of ADR-0028 policy scope (not a precision control, decision threshold, seed, or model-choice parameter).",
python,ScoringRequest,keep,keep,Already conforms to ADR-0028 naming convention.,fast_mlsirm.scoring.execution,class,schema_version,'1.1',keep,"Out of ADR-0028 policy scope (not a precision control, decision threshold, seed, or model-choice parameter).",
python,ScoringResult,keep,keep,Already conforms to ADR-0028 naming convention.,fast_mlsirm.scoring.execution,class,_result_token,None,keep,"Out of ADR-0028 policy scope (not a precision control, decision threshold, seed, or model-choice parameter).",
python,ScoringResult,keep,keep,Already conforms to ADR-0028 naming convention.,fast_mlsirm.scoring.execution,class,schema_version,'1.0',keep,"Out of ADR-0028 policy scope (not a precision control, decision threshold, seed, or model-choice parameter).",
python,StaticFixtureEngine,keep,keep,Already conforms to ADR-0028 naming convention.,fast_mlsirm.scoring.execution,class,,,n/a,No defaulted parameters.,
python,build_engine_descriptor,keep,keep,Already conforms to ADR-0028 naming convention.,fast_mlsirm.scoring.execution,function,metadata,None,keep,"Out of ADR-0028 policy scope (not a precision control, decision threshold, seed, or model-choice parameter).",
python,build_engine_descriptor,keep,keep,Already conforms to ADR-0028 naming convention.,fast_mlsirm.scoring.execution,function,model_id,None,keep,"Out of ADR-0028 policy scope (not a precision control, decision threshold, seed, or model-choice parameter).",
python,build_engine_descriptor,keep,keep,Already conforms to ADR-0028 naming convention.,fast_mlsirm.scoring.execution,function,prompt_driven,False,keep,"Out of ADR-0028 policy scope (not a precision control, decision threshold, seed, or model-choice parameter).",
python,build_engine_descriptor,keep,keep,Already conforms to ADR-0028 naming convention.,fast_mlsirm.scoring.execution,function,prompt_template_fingerprint,None,keep,"Out of ADR-0028 policy scope (not a precision control, decision threshold, seed, or model-choice parameter).",
python,build_score_observation,keep,keep,Already conforms to ADR-0028 naming convention.,fast_mlsirm.scoring.execution,function,confidence_metadata,None,keep,"Out of ADR-0028 policy scope (not a precision control, decision threshold, seed, or model-choice parameter).",
python,build_score_observation,keep,keep,Already conforms to ADR-0028 naming convention.,fast_mlsirm.scoring.execution,function,evidence_references,(),keep,"Out of ADR-0028 policy scope (not a precision control, decision threshold, seed, or model-choice parameter).",
python,build_score_observation,keep,keep,Already conforms to ADR-0028 naming convention.,fast_mlsirm.scoring.execution,function,reason_code,None,keep,"Out of ADR-0028 policy scope (not a precision control, decision threshold, seed, or model-choice parameter).",
python,build_score_observation,keep,keep,Already conforms to ADR-0028 naming convention.,fast_mlsirm.scoring.execution,function,score_category,None,keep,"Out of ADR-0028 policy scope (not a precision control, decision threshold, seed, or model-choice parameter).",
python,build_scoring_request,keep,keep,Already conforms to ADR-0028 naming convention.,fast_mlsirm.scoring.execution,function,criterion_ids,(),keep,"Out of ADR-0028 policy scope (not a precision control, decision threshold, seed, or model-choice parameter).",
python,build_scoring_request,keep,keep,Already conforms to ADR-0028 naming convention.,fast_mlsirm.scoring.execution,function,metadata,None,keep,"Out of ADR-0028 policy scope (not a precision control, decision threshold, seed, or model-choice parameter).",
python,build_scoring_result,keep,keep,Already conforms to ADR-0028 naming convention.,fast_mlsirm.scoring.execution,function,diagnostics,None,keep,"Out of ADR-0028 policy scope (not a precision control, decision threshold, seed, or model-choice parameter).",
python,build_scoring_result,keep,keep,Already conforms to ADR-0028 naming convention.,fast_mlsirm.scoring.execution,function,execution_attempt,1,keep,"Out of ADR-0028 policy scope (not a precision control, decision threshold, seed, or model-choice parameter).",
python,ItemBankEntry,keep,keep,Already conforms to ADR-0028 naming convention.,fast_mlsirm.scoring.item_bank,class,_token,None,keep,"Out of ADR-0028 policy scope (not a precision control, decision threshold, seed, or model-choice parameter).",
python,ItemBankRelease,keep,keep,Already conforms to ADR-0028 naming convention.,fast_mlsirm.scoring.item_bank,class,_token,None,keep,"Out of ADR-0028 policy scope (not a precision control, decision threshold, seed, or model-choice parameter).",
python,ItemLifecycleState,keep,keep,Already conforms to ADR-0028 naming convention.,fast_mlsirm.scoring.item_bank,class,,,n/a,No defaulted parameters.,
python,build_item_bank_entry,keep,keep,Already conforms to ADR-0028 naming convention.,fast_mlsirm.scoring.item_bank,function,,,n/a,No defaulted parameters.,
python,build_item_bank_release,keep,keep,Already conforms to ADR-0028 naming convention.,fast_mlsirm.scoring.item_bank,function,,,n/a,No defaulted parameters.,
python,migrate_scoring_request_v1,keep,keep,Already conforms to ADR-0028 naming convention.,fast_mlsirm.scoring.migrations,function,,,n/a,No defaulted parameters.,
python,AdjudicationPolicy,keep,keep,Already conforms to ADR-0028 naming convention.,fast_mlsirm.scoring.policies,class,,,n/a,No defaulted parameters.,
python,CalibrationPolicy,keep,keep,Already conforms to ADR-0028 naming convention.,fast_mlsirm.scoring.policies,class,,,n/a,No defaulted parameters.,
python,EnginePolicy,keep,keep,Already conforms to ADR-0028 naming convention.,fast_mlsirm.scoring.policies,class,allow_automated_raters,False,keep,"Out of ADR-0028 policy scope (not a precision control, decision threshold, seed, or model-choice parameter).",
python,EnginePolicy,keep,keep,Already conforms to ADR-0028 naming convention.,fast_mlsirm.scoring.policies,class,allow_human_raters,True,keep,"Out of ADR-0028 policy scope (not a precision control, decision threshold, seed, or model-choice parameter).",
python,EnginePolicy,keep,keep,Already conforms to ADR-0028 naming convention.,fast_mlsirm.scoring.policies,class,engine_ids,(),keep,"Out of ADR-0028 policy scope (not a precision control, decision threshold, seed, or model-choice parameter).",
python,EnginePolicy,keep,keep,Already conforms to ADR-0028 naming convention.,fast_mlsirm.scoring.policies,class,minimum_raters_per_response,1,keep,"Out of ADR-0028 policy scope (not a precision control, decision threshold, seed, or model-choice parameter).",
python,MonitoringPolicy,keep,keep,Already conforms to ADR-0028 naming convention.,fast_mlsirm.scoring.policies,class,,,n/a,No defaulted parameters.,
python,ReportingPolicy,keep,keep,Already conforms to ADR-0028 naming convention.,fast_mlsirm.scoring.policies,class,include_exact_values,True,keep,"Out of ADR-0028 policy scope (not a precision control, decision threshold, seed, or model-choice parameter).",
python,ValidationPolicy,keep,keep,Already conforms to ADR-0028 naming convention.,fast_mlsirm.scoring.policies,class,,,n/a,No defaulted parameters.,
python,RAGCandidateVisibility,keep,keep,Already conforms to ADR-0028 naming convention.,fast_mlsirm.scoring.rag,class,,,n/a,No defaulted parameters.,
python,RAGEvidenceRegime,keep,keep,Already conforms to ADR-0028 naming convention.,fast_mlsirm.scoring.rag,class,,,n/a,No defaulted parameters.,
python,RAGPerturbationAnchor,keep,keep,Already conforms to ADR-0028 naming convention.,fast_mlsirm.scoring.rag,class,_anchor_token,None,keep,"Out of ADR-0028 policy scope (not a precision control, decision threshold, seed, or model-choice parameter).",
python,RAGPerturbationConstructBasis,keep,keep,Already conforms to ADR-0028 naming convention.,fast_mlsirm.scoring.rag,class,,,n/a,No defaulted parameters.,
python,RAGPerturbationDirection,keep,keep,Already conforms to ADR-0028 naming convention.,fast_mlsirm.scoring.rag,class,,,n/a,No defaulted parameters.,
python,RAGPerturbationKind,keep,keep,Already conforms to ADR-0028 naming convention.,fast_mlsirm.scoring.rag,class,,,n/a,No defaulted parameters.,
python,build_rag_perturbation_anchor,keep,keep,Already conforms to ADR-0028 naming convention.,fast_mlsirm.scoring.rag,function,,,n/a,No defaulted parameters.,
python,build_rag_scoring_request,keep,keep,Already conforms to ADR-0028 naming convention.,fast_mlsirm.scoring.rag,function,criterion_ids,(),keep,"Out of ADR-0028 policy scope (not a precision control, decision threshold, seed, or model-choice parameter).",
python,build_rag_scoring_request,keep,keep,Already conforms to ADR-0028 naming convention.,fast_mlsirm.scoring.rag,function,metadata,None,keep,"Out of ADR-0028 policy scope (not a precision control, decision threshold, seed, or model-choice parameter).",
python,build_rag_facets_calibration_bundle,keep,keep,Already conforms to ADR-0028 naming convention.,fast_mlsirm.scoring.rag_calibration,function,require_connected,True,keep,"Out of ADR-0028 policy scope (not a precision control, decision threshold, seed, or model-choice parameter).",
python,build_rag_facets_rating_records,keep,keep,Already conforms to ADR-0028 naming convention.,fast_mlsirm.scoring.rag_calibration,function,,,n/a,No defaulted parameters.,
python,RAGEvidenceRegimeLimitations,keep,keep,Already conforms to ADR-0028 naming convention.,fast_mlsirm.scoring.rag_evidence,class,_limitations_token,None,keep,"Out of ADR-0028 policy scope (not a precision control, decision threshold, seed, or model-choice parameter).",
python,rag_evidence_regime_limitations,keep,keep,Already conforms to ADR-0028 naming convention.,fast_mlsirm.scoring.rag_evidence,function,,,n/a,No defaulted parameters.,
python,GbtResult,keep,keep,Already conforms to ADR-0028 naming convention.,fast_mlsirm.security,class,,,n/a,No defaulted parameters.,
python,KIndexResult,keep,keep,Already conforms to ADR-0028 naming convention.,fast_mlsirm.security,class,,,n/a,No defaulted parameters.,
python,KVariantsResult,keep,keep,Already conforms to ADR-0028 naming convention.,fast_mlsirm.security,class,,,n/a,No defaulted parameters.,
python,WollackOmegaResult,keep,keep,Already conforms to ADR-0028 naming convention.,fast_mlsirm.security,class,,,n/a,No defaulted parameters.,
python,gbt,keep,keep,Already conforms to ADR-0028 naming convention.,fast_mlsirm.security,function,,,n/a,No defaulted parameters.,
python,k_index,keep,keep,Already conforms to ADR-0028 naming convention.,fast_mlsirm.security,function,,,n/a,No defaulted parameters.,
python,k_variants,keep,keep,Already conforms to ADR-0028 naming convention.,fast_mlsirm.security,function,,,n/a,No defaulted parameters.,
python,wollack_omega,keep,keep,Already conforms to ADR-0028 naming convention.,fast_mlsirm.security,function,,,n/a,No defaulted parameters.,
python,bank_information,keep,keep,Already conforms to ADR-0028 naming convention.,fast_mlsirm.serving,function,device,'auto',keep,"Out of ADR-0028 policy scope (not a precision control, decision threshold, seed, or model-choice parameter).",
python,bank_information,keep,keep,Already conforms to ADR-0028 naming convention.,fast_mlsirm.serving,function,xi,None,keep,"Out of ADR-0028 policy scope (not a precision control, decision threshold, seed, or model-choice parameter).",
python,cat_next_item,select_cat_next_item,rename,"ADR-0028 naming convention: model/family token is a prefix immediately after the verb, scope qualifier (data shape) is a trailing suffix, verb always leads.",fast_mlsirm.serving,function,device,'auto',keep,"Out of ADR-0028 policy scope (not a precision control, decision threshold, seed, or model-choice parameter).",
python,cat_next_item,select_cat_next_item,rename,"ADR-0028 naming convention: model/family token is a prefix immediately after the verb, scope qualifier (data shape) is a trailing suffix, verb always leads.",fast_mlsirm.serving,function,prior,None,keep,"Out of ADR-0028 policy scope (not a precision control, decision threshold, seed, or model-choice parameter).",
python,export_serving_bundle,keep,keep,Already conforms to ADR-0028 naming convention.,fast_mlsirm.serving,function,dim_names,None,keep,"Out of ADR-0028 policy scope (not a precision control, decision threshold, seed, or model-choice parameter).",
python,export_serving_bundle,keep,keep,Already conforms to ADR-0028 naming convention.,fast_mlsirm.serving,function,eps_distance,1e-08,require,ADR-0028 rule 1: iteration/convergence precision control; no documented convergence-criterion source -> required argument.,"Deprecation: keep eps_distance=1e-08 accepted only when explicitly passed for one minor release (DeprecationWarning), then remove; changelog Changed entry."
python,export_serving_bundle,keep,keep,Already conforms to ADR-0028 naming convention.,fast_mlsirm.serving,function,path,None,keep,"Out of ADR-0028 policy scope (not a precision control, decision threshold, seed, or model-choice parameter).",
python,export_serving_bundle,keep,keep,Already conforms to ADR-0028 naming convention.,fast_mlsirm.serving,function,q_theta,21,require,ADR-0028 rule 1: numerical-precision (quadrature node count) control; no in-repo citation for this value and/or below the AGENTS.md #1929 floor of 121 -> required argument.,"Deprecation: keep q_theta=21 accepted only when explicitly passed for one minor release (DeprecationWarning), then remove; changelog Changed entry."
python,export_serving_bundle,keep,keep,Already conforms to ADR-0028 naming convention.,fast_mlsirm.serving,function,q_xi,11,require,ADR-0028 rule 1: numerical-precision (quadrature node count) control; no in-repo citation for this value and/or below the AGENTS.md #1929 floor of 121 -> required argument.,"Deprecation: keep q_xi=11 accepted only when explicitly passed for one minor release (DeprecationWarning), then remove; changelog Changed entry."
python,export_serving_bundle,keep,keep,Already conforms to ADR-0028 naming convention.,fast_mlsirm.serving,function,screening_audit,None,keep,"Out of ADR-0028 policy scope (not a precision control, decision threshold, seed, or model-choice parameter).",
python,load_serving_bundle,keep,keep,Already conforms to ADR-0028 naming convention.,fast_mlsirm.serving,function,,,n/a,No defaulted parameters.,
python,plausible_values,keep,keep,Already conforms to ADR-0028 naming convention.,fast_mlsirm.serving,function,device,'auto',keep,"Out of ADR-0028 policy scope (not a precision control, decision threshold, seed, or model-choice parameter).",
python,plausible_values,keep,keep,Already conforms to ADR-0028 naming convention.,fast_mlsirm.serving,function,n_draws,5,require,ADR-0028 rule 1: replicate/bootstrap/draw count; no Monte-Carlo-error source cited -> required argument.,"Deprecation: keep n_draws=5 accepted only when explicitly passed for one minor release (DeprecationWarning), then remove; changelog Changed entry."
python,plausible_values,keep,keep,Already conforms to ADR-0028 naming convention.,fast_mlsirm.serving,function,prior,None,keep,"Out of ADR-0028 policy scope (not a precision control, decision threshold, seed, or model-choice parameter).",
python,plausible_values,keep,keep,Already conforms to ADR-0028 naming convention.,fast_mlsirm.serving,function,seed,1,require,ADR-0028 rule 3: stochastic routines must not ship a default seed -> required argument.,"Deprecation: keep seed=1 accepted only when explicitly passed for one minor release (DeprecationWarning), then remove; changelog Changed entry."
python,score_respondents,keep,keep,Already conforms to ADR-0028 naming convention.,fast_mlsirm.serving,function,device,'auto',keep,"Out of ADR-0028 policy scope (not a precision control, decision threshold, seed, or model-choice parameter).",
python,score_respondents,keep,keep,Already conforms to ADR-0028 naming convention.,fast_mlsirm.serving,function,mask,None,keep,"Out of ADR-0028 policy scope (not a precision control, decision threshold, seed, or model-choice parameter).",
python,score_respondents,keep,keep,Already conforms to ADR-0028 naming convention.,fast_mlsirm.serving,function,method,'eap',keep,"Out of ADR-0028 policy scope (not a precision control, decision threshold, seed, or model-choice parameter).",
python,score_respondents,keep,keep,Already conforms to ADR-0028 naming convention.,fast_mlsirm.serving,function,prior,None,keep,"Out of ADR-0028 policy scope (not a precision control, decision threshold, seed, or model-choice parameter).",
python,serving_prior,keep,keep,Already conforms to ADR-0028 naming convention.,fast_mlsirm.serving,function,,,n/a,No defaulted parameters.,
python,simulate,keep,keep,Already conforms to ADR-0028 naming convention.,fast_mlsirm.simulation,function,config,None,keep,"Out of ADR-0028 policy scope (not a precision control, decision threshold, seed, or model-choice parameter).",
python,HofsteeResult,keep,keep,Already conforms to ADR-0028 naming convention.,fast_mlsirm.standard_setting,class,,,n/a,No defaulted parameters.,
python,hofstee,keep,keep,Already conforms to ADR-0028 naming convention.,fast_mlsirm.standard_setting,function,,,n/a,No defaulted parameters.,
python,StructuralComparisonOutcome,keep,keep,Already conforms to ADR-0028 naming convention.,fast_mlsirm.structural_selection,class,,,n/a,No defaulted parameters.,
python,StructuralSelectionDecision,keep,keep,Already conforms to ADR-0028 naming convention.,fast_mlsirm.structural_selection,class,,,n/a,No defaulted parameters.,
python,StructuralSelectionEvidence,keep,keep,Already conforms to ADR-0028 naming convention.,fast_mlsirm.structural_selection,class,,,n/a,No defaulted parameters.,
python,StructuralSelectionResult,keep,keep,Already conforms to ADR-0028 naming convention.,fast_mlsirm.structural_selection,class,,,n/a,No defaulted parameters.,
python,govern_structural_selection,keep,keep,Already conforms to ADR-0028 naming convention.,fast_mlsirm.structural_selection,function,,,n/a,No defaulted parameters.,
python,SubscoreResult,keep,keep,Already conforms to ADR-0028 naming convention.,fast_mlsirm.subscores,class,,,n/a,No defaulted parameters.,
python,subscore_analysis,keep,keep,Already conforms to ADR-0028 naming convention.,fast_mlsirm.subscores,function,,,n/a,No defaulted parameters.,
python,assemble_test_form,keep,keep,Already conforms to ADR-0028 naming convention.,fast_mlsirm.test_design,function,content,None,keep,"Out of ADR-0028 policy scope (not a precision control, decision threshold, seed, or model-choice parameter).",
python,assemble_test_form,keep,keep,Already conforms to ADR-0028 naming convention.,fast_mlsirm.test_design,function,exclude,None,keep,"Out of ADR-0028 policy scope (not a precision control, decision threshold, seed, or model-choice parameter).",
python,assemble_test_form,keep,keep,Already conforms to ADR-0028 naming convention.,fast_mlsirm.test_design,function,max_per_content,None,keep,"Out of ADR-0028 policy scope (not a precision control, decision threshold, seed, or model-choice parameter).",
python,assemble_test_form,keep,keep,Already conforms to ADR-0028 naming convention.,fast_mlsirm.test_design,function,min_per_content,None,keep,"Out of ADR-0028 policy scope (not a precision control, decision threshold, seed, or model-choice parameter).",
python,item_information,keep,keep,Already conforms to ADR-0028 naming convention.,fast_mlsirm.test_design,function,model,'MLS2PLM',require,ADR-0028 rule 4: function is model-generic (not model-specific by name) -> model choice has no default.,"Deprecation: keep model='MLS2PLM' accepted only when explicitly passed for one minor release (DeprecationWarning), then remove; changelog Changed entry."
python,item_information,keep,keep,Already conforms to ADR-0028 naming convention.,fast_mlsirm.test_design,function,person_index,None,keep,"Out of ADR-0028 policy scope (not a precision control, decision threshold, seed, or model-choice parameter).",
python,item_information,keep,keep,Already conforms to ADR-0028 naming convention.,fast_mlsirm.test_design,function,theta,None,keep,"Out of ADR-0028 policy scope (not a precision control, decision threshold, seed, or model-choice parameter).",
python,select_cat_item,keep,keep,Already conforms to ADR-0028 naming convention.,fast_mlsirm.test_design,function,administered,None,keep,"Out of ADR-0028 policy scope (not a precision control, decision threshold, seed, or model-choice parameter).",
python,select_cat_item,keep,keep,Already conforms to ADR-0028 naming convention.,fast_mlsirm.test_design,function,model,'MLS2PLM',require,ADR-0028 rule 4: function is model-generic (not model-specific by name) -> model choice has no default.,"Deprecation: keep model='MLS2PLM' accepted only when explicitly passed for one minor release (DeprecationWarning), then remove; changelog Changed entry."
python,select_cat_item,keep,keep,Already conforms to ADR-0028 naming convention.,fast_mlsirm.test_design,function,person_index,None,keep,"Out of ADR-0028 policy scope (not a precision control, decision threshold, seed, or model-choice parameter).",
python,select_cat_item,keep,keep,Already conforms to ADR-0028 naming convention.,fast_mlsirm.test_design,function,theta,None,keep,"Out of ADR-0028 policy scope (not a precision control, decision threshold, seed, or model-choice parameter).",
python,TestletFit,keep,keep,Already conforms to ADR-0028 naming convention.,fast_mlsirm.testlet,class,final_loglik_change,nan,keep,"Out of ADR-0028 policy scope (not a precision control, decision threshold, seed, or model-choice parameter).",
python,TestletFit,keep,keep,Already conforms to ADR-0028 naming convention.,fast_mlsirm.testlet,class,termination_reason,'unknown',keep,"Out of ADR-0028 policy scope (not a precision control, decision threshold, seed, or model-choice parameter).",
python,fit_testlet,keep,keep,Already conforms to ADR-0028 naming convention.,fast_mlsirm.testlet,function,estimate_sigma,True,keep,"Out of ADR-0028 policy scope (not a precision control, decision threshold, seed, or model-choice parameter).",
python,fit_testlet,keep,keep,Already conforms to ADR-0028 naming convention.,fast_mlsirm.testlet,function,init_sigma2,0.5,keep,"Out of ADR-0028 policy scope (not a precision control, decision threshold, seed, or model-choice parameter).",
python,fit_testlet,keep,keep,Already conforms to ADR-0028 naming convention.,fast_mlsirm.testlet,function,max_iter,500,require,ADR-0028 rule 1: iteration/convergence precision control; no documented convergence-criterion source -> required argument.,"Deprecation: keep max_iter=500 accepted only when explicitly passed for one minor release (DeprecationWarning), then remove; changelog Changed entry."
python,fit_testlet,keep,keep,Already conforms to ADR-0028 naming convention.,fast_mlsirm.testlet,function,model,'rasch',require,ADR-0028 rule 4: function is model-generic (not model-specific by name) -> model choice has no default.,"Deprecation: keep model='rasch' accepted only when explicitly passed for one minor release (DeprecationWarning), then remove; changelog Changed entry."
python,fit_testlet,keep,keep,Already conforms to ADR-0028 naming convention.,fast_mlsirm.testlet,function,q_gamma,21,require,ADR-0028 rule 1: numerical-precision (quadrature node count) control; no in-repo citation for this value and/or below the AGENTS.md #1929 floor of 121 -> required argument.,"Deprecation: keep q_gamma=21 accepted only when explicitly passed for one minor release (DeprecationWarning), then remove; changelog Changed entry."
python,fit_testlet,keep,keep,Already conforms to ADR-0028 naming convention.,fast_mlsirm.testlet,function,require_convergence,False,keep,"Out of ADR-0028 policy scope (not a precision control, decision threshold, seed, or model-choice parameter).",
python,fit_testlet,keep,keep,Already conforms to ADR-0028 naming convention.,fast_mlsirm.testlet,function,tol,1e-06,require,ADR-0028 rule 1: iteration/convergence precision control; no documented convergence-criterion source -> required argument.,"Deprecation: keep tol=1e-06 accepted only when explicitly passed for one minor release (DeprecationWarning), then remove; changelog Changed entry."
python,TwoTierGrmFit,keep,keep,Already conforms to ADR-0028 naming convention.,fast_mlsirm.two_tier_grm,class,,,n/a,No defaulted parameters.,
python,fit_two_tier_grm,keep,keep,Already conforms to ADR-0028 naming convention.,fast_mlsirm.two_tier_grm,function,max_iter,500,require,ADR-0028 rule 1: iteration/convergence precision control; no documented convergence-criterion source -> required argument.,"Deprecation: keep max_iter=500 accepted only when explicitly passed for one minor release (DeprecationWarning), then remove; changelog Changed entry."
python,fit_two_tier_grm,keep,keep,Already conforms to ADR-0028 naming convention.,fast_mlsirm.two_tier_grm,function,n_starts,1,require,ADR-0028 rule 1: replicate/bootstrap/draw count; no Monte-Carlo-error source cited -> required argument.,"Deprecation: keep n_starts=1 accepted only when explicitly passed for one minor release (DeprecationWarning), then remove; changelog Changed entry."
python,fit_two_tier_grm,keep,keep,Already conforms to ADR-0028 naming convention.,fast_mlsirm.two_tier_grm,function,seed,11400714819323198485,require,ADR-0028 rule 3: stochastic routines must not ship a default seed -> required argument.,"Deprecation: keep seed=11400714819323198485 accepted only when explicitly passed for one minor release (DeprecationWarning), then remove; changelog Changed entry."
python,fit_two_tier_grm,keep,keep,Already conforms to ADR-0028 naming convention.,fast_mlsirm.two_tier_grm,function,tol,1e-06,require,ADR-0028 rule 1: iteration/convergence precision control; no documented convergence-criterion source -> required argument.,"Deprecation: keep tol=1e-06 accepted only when explicitly passed for one minor release (DeprecationWarning), then remove; changelog Changed entry."
python,TwoPlFit,keep,keep,Already conforms to ADR-0028 naming convention.,fast_mlsirm.twopl,class,final_loglik_change,nan,keep,"Out of ADR-0028 policy scope (not a precision control, decision threshold, seed, or model-choice parameter).",
python,TwoPlFit,keep,keep,Already conforms to ADR-0028 naming convention.,fast_mlsirm.twopl,class,termination_reason,'unknown',keep,"Out of ADR-0028 policy scope (not a precision control, decision threshold, seed, or model-choice parameter).",
python,fit_2pl,keep,keep,Already conforms to ADR-0028 naming convention.,fast_mlsirm.twopl,function,estimate_corr,False,keep,"Out of ADR-0028 policy scope (not a precision control, decision threshold, seed, or model-choice parameter).",
python,fit_2pl,keep,keep,Already conforms to ADR-0028 naming convention.,fast_mlsirm.twopl,function,max_iter,500,require,ADR-0028 rule 1: iteration/convergence precision control; no documented convergence-criterion source -> required argument.,"Deprecation: keep max_iter=500 accepted only when explicitly passed for one minor release (DeprecationWarning), then remove; changelog Changed entry."
python,fit_2pl,keep,keep,Already conforms to ADR-0028 naming convention.,fast_mlsirm.twopl,function,model,1,require,ADR-0028 rule 4: function is model-generic (not model-specific by name) -> model choice has no default.,"Deprecation: keep model=1 accepted only when explicitly passed for one minor release (DeprecationWarning), then remove; changelog Changed entry."
python,fit_2pl,keep,keep,Already conforms to ADR-0028 naming convention.,fast_mlsirm.twopl,function,node_rule,'gh',keep,"Out of ADR-0028 policy scope (not a precision control, decision threshold, seed, or model-choice parameter).",
python,fit_2pl,keep,keep,Already conforms to ADR-0028 naming convention.,fast_mlsirm.twopl,function,q,21,keep,"Out of ADR-0028 policy scope (not a precision control, decision threshold, seed, or model-choice parameter).",
python,fit_2pl,keep,keep,Already conforms to ADR-0028 naming convention.,fast_mlsirm.twopl,function,tol,1e-06,require,ADR-0028 rule 1: iteration/convergence precision control; no documented convergence-criterion source -> required argument.,"Deprecation: keep tol=1e-06 accepted only when explicitly passed for one minor release (DeprecationWarning), then remove; changelog Changed entry."
python,fit_2pl,keep,keep,Already conforms to ADR-0028 naming convention.,fast_mlsirm.twopl,function,xi_points,4000,require,ADR-0028 rule 1: numerical-precision (quadrature node count) control; no in-repo citation for this value and/or below the AGENTS.md #1929 floor of 121 -> required argument.,"Deprecation: keep xi_points=4000 accepted only when explicitly passed for one minor release (DeprecationWarning), then remove; changelog Changed entry."
python,fit_2pl,keep,keep,Already conforms to ADR-0028 naming convention.,fast_mlsirm.twopl,function,xi_seed,11400714819323198485,require,ADR-0028 rule 3: stochastic routines must not ship a default seed -> required argument.,"Deprecation: keep xi_seed=11400714819323198485 accepted only when explicitly passed for one minor release (DeprecationWarning), then remove; changelog Changed entry."
python,DimensionalityDiagnostics,keep,keep,Already conforms to ADR-0028 naming convention.,fast_mlsirm.types,class,,,n/a,No defaulted parameters.,
python,FitDiagnostics,keep,keep,Already conforms to ADR-0028 naming convention.,fast_mlsirm.types,class,categoryfit,None,keep,"Out of ADR-0028 policy scope (not a precision control, decision threshold, seed, or model-choice parameter).",
python,FitDiagnostics,keep,keep,Already conforms to ADR-0028 naming convention.,fast_mlsirm.types,class,cluster_itemfit,None,keep,"Out of ADR-0028 policy scope (not a precision control, decision threshold, seed, or model-choice parameter).",
python,FitDiagnostics,keep,keep,Already conforms to ADR-0028 naming convention.,fast_mlsirm.types,class,clusterfit,None,keep,"Out of ADR-0028 policy scope (not a precision control, decision threshold, seed, or model-choice parameter).",
python,FitDiagnostics,keep,keep,Already conforms to ADR-0028 naming convention.,fast_mlsirm.types,class,factorfit,None,keep,"Out of ADR-0028 policy scope (not a precision control, decision threshold, seed, or model-choice parameter).",
python,FitDiagnostics,keep,keep,Already conforms to ADR-0028 naming convention.,fast_mlsirm.types,class,group_itemfit,None,keep,"Out of ADR-0028 policy scope (not a precision control, decision threshold, seed, or model-choice parameter).",
python,FitDiagnostics,keep,keep,Already conforms to ADR-0028 naming convention.,fast_mlsirm.types,class,groupfit,None,keep,"Out of ADR-0028 policy scope (not a precision control, decision threshold, seed, or model-choice parameter).",
python,FitResult,keep,keep,Already conforms to ADR-0028 naming convention.,fast_mlsirm.types,class,ic,None,keep,"Out of ADR-0028 policy scope (not a precision control, decision threshold, seed, or model-choice parameter).",
python,FitResult,keep,keep,Already conforms to ADR-0028 naming convention.,fast_mlsirm.types,class,population,None,keep,"Out of ADR-0028 policy scope (not a precision control, decision threshold, seed, or model-choice parameter).",
python,MLSIRMParams,keep,keep,Already conforms to ADR-0028 naming convention.,fast_mlsirm.types,class,,,n/a,No defaulted parameters.,
python,RecoveryReport,keep,keep,Already conforms to ADR-0028 naming convention.,fast_mlsirm.types,class,,,n/a,No defaulted parameters.,
python,SimulationData,keep,keep,Already conforms to ADR-0028 naming convention.,fast_mlsirm.types,class,,,n/a,No defaulted parameters.,
python,SelectionUtilityResult,keep,keep,Already conforms to ADR-0028 naming convention.,fast_mlsirm.utility,class,,,n/a,No defaulted parameters.,
python,TaylorRussellResult,keep,keep,Already conforms to ADR-0028 naming convention.,fast_mlsirm.utility,class,,,n/a,No defaulted parameters.,
python,selection_utility,keep,keep,Already conforms to ADR-0028 naming convention.,fast_mlsirm.utility,function,cost_total,0.0,keep,"Out of ADR-0028 policy scope (not a precision control, decision threshold, seed, or model-choice parameter).",
python,selection_utility,keep,keep,Already conforms to ADR-0028 naming convention.,fast_mlsirm.utility,function,period,1.0,keep,"Out of ADR-0028 policy scope (not a precision control, decision threshold, seed, or model-choice parameter).",
python,taylor_russell,keep,keep,Already conforms to ADR-0028 naming convention.,fast_mlsirm.utility,function,,,n/a,No defaulted parameters.,
python,FleissKappaResult,keep,keep,Already conforms to ADR-0028 naming convention.,fast_mlsirm.validation,class,,,n/a,No defaulted parameters.,
python,LightKappaResult,keep,keep,Already conforms to ADR-0028 naming convention.,fast_mlsirm.validation,class,,,n/a,No defaulted parameters.,
python,ValidationPolicy,keep,keep,Already conforms to ADR-0028 naming convention.,fast_mlsirm.validation,class,degradation_max,0.1,keep,"Out of ADR-0028 policy scope (not a precision control, decision threshold, seed, or model-choice parameter).",
python,ValidationPolicy,keep,keep,Already conforms to ADR-0028 naming convention.,fast_mlsirm.validation,class,min_subgroup_n,2,keep,"Out of ADR-0028 policy scope (not a precision control, decision threshold, seed, or model-choice parameter).",
python,ValidationPolicy,keep,keep,Already conforms to ADR-0028 naming convention.,fast_mlsirm.validation,class,overall_smd_max,0.15,keep,"Out of ADR-0028 policy scope (not a precision control, decision threshold, seed, or model-choice parameter).",
python,ValidationPolicy,keep,keep,Already conforms to ADR-0028 naming convention.,fast_mlsirm.validation,class,pearson_r_min,0.7,keep,"Out of ADR-0028 policy scope (not a precision control, decision threshold, seed, or model-choice parameter).",
python,ValidationPolicy,keep,keep,Already conforms to ADR-0028 naming convention.,fast_mlsirm.validation,class,policy_id,'williamson_high_stakes',keep,"Out of ADR-0028 policy scope (not a precision control, decision threshold, seed, or model-choice parameter).",
python,ValidationPolicy,keep,keep,Already conforms to ADR-0028 naming convention.,fast_mlsirm.validation,class,policy_version,'1.0',keep,"Out of ADR-0028 policy scope (not a precision control, decision threshold, seed, or model-choice parameter).",
python,ValidationPolicy,keep,keep,Already conforms to ADR-0028 naming convention.,fast_mlsirm.validation,class,qwk_min,0.7,keep,"Out of ADR-0028 policy scope (not a precision control, decision threshold, seed, or model-choice parameter).",
python,ValidationPolicy,keep,keep,Already conforms to ADR-0028 naming convention.,fast_mlsirm.validation,class,subgroup_smd_max,0.1,keep,"Out of ADR-0028 policy scope (not a precision control, decision threshold, seed, or model-choice parameter).",
python,ValidationVerdict,keep,keep,Already conforms to ADR-0028 naming convention.,fast_mlsirm.validation,class,failed_gates,<factory>,keep,"Out of ADR-0028 policy scope (not a precision control, decision threshold, seed, or model-choice parameter).",
python,ValidationVerdict,keep,keep,Already conforms to ADR-0028 naming convention.,fast_mlsirm.validation,class,policy_id,'williamson_high_stakes',keep,"Out of ADR-0028 policy scope (not a precision control, decision threshold, seed, or model-choice parameter).",
python,ValidationVerdict,keep,keep,Already conforms to ADR-0028 naming convention.,fast_mlsirm.validation,class,policy_version,'1.0',keep,"Out of ADR-0028 policy scope (not a precision control, decision threshold, seed, or model-choice parameter).",
python,fleiss_kappa,keep,keep,Already conforms to ADR-0028 naming convention.,fast_mlsirm.validation,function,exact,False,keep,"Out of ADR-0028 policy scope (not a precision control, decision threshold, seed, or model-choice parameter).",
python,fleiss_kappa,keep,keep,Already conforms to ADR-0028 naming convention.,fast_mlsirm.validation,function,k,None,keep,"Out of ADR-0028 policy scope (not a precision control, decision threshold, seed, or model-choice parameter).",
python,light_kappa,keep,keep,Already conforms to ADR-0028 naming convention.,fast_mlsirm.validation,function,,,n/a,No defaulted parameters.,
python,validate_judge,keep,keep,Already conforms to ADR-0028 naming convention.,fast_mlsirm.validation,function,human_human,None,keep,"Out of ADR-0028 policy scope (not a precision control, decision threshold, seed, or model-choice parameter).",
python,validate_judge,keep,keep,Already conforms to ADR-0028 naming convention.,fast_mlsirm.validation,function,k,2,keep,"Out of ADR-0028 policy scope (not a precision control, decision threshold, seed, or model-choice parameter).",
python,validate_judge,keep,keep,Already conforms to ADR-0028 naming convention.,fast_mlsirm.validation,function,policy,None,keep,"Out of ADR-0028 policy scope (not a precision control, decision threshold, seed, or model-choice parameter).",
python,validate_judge,keep,keep,Already conforms to ADR-0028 naming convention.,fast_mlsirm.validation,function,subgroup,None,keep,"Out of ADR-0028 policy scope (not a precision control, decision threshold, seed, or model-choice parameter).",
python,ValidationEvidenceClass,keep,keep,Already conforms to ADR-0028 naming convention.,fast_mlsirm.validation_profile,class,,,n/a,No defaulted parameters.,
python,ValidationEvidenceReference,keep,keep,Already conforms to ADR-0028 naming convention.,fast_mlsirm.validation_profile,class,limitation_ids,(),keep,"Out of ADR-0028 policy scope (not a precision control, decision threshold, seed, or model-choice parameter).",
python,ValidationEvidenceStatus,keep,keep,Already conforms to ADR-0028 naming convention.,fast_mlsirm.validation_profile,class,,,n/a,No defaulted parameters.,
python,ValidationProfile,keep,keep,Already conforms to ADR-0028 naming convention.,fast_mlsirm.validation_profile,class,,,n/a,No defaulted parameters.,
python,score_wle,keep,keep,Already conforms to ADR-0028 naming convention.,fast_mlsirm.wle,function,c,None,keep,"Out of ADR-0028 policy scope (not a precision control, decision threshold, seed, or model-choice parameter).",
python,score_wle,keep,keep,Already conforms to ADR-0028 naming convention.,fast_mlsirm.wle,function,d,None,keep,"Out of ADR-0028 policy scope (not a precision control, decision threshold, seed, or model-choice parameter).",
python,score_wle,keep,keep,Already conforms to ADR-0028 naming convention.,fast_mlsirm.wle,function,observed,None,keep,"Out of ADR-0028 policy scope (not a precision control, decision threshold, seed, or model-choice parameter).",
python,score_wle,keep,keep,Already conforms to ADR-0028 naming convention.,fast_mlsirm.wle,function,theta_bound,20.0,keep,"Out of ADR-0028 policy scope (not a precision control, decision threshold, seed, or model-choice parameter).",
python,score_wle,keep,keep,Already conforms to ADR-0028 naming convention.,fast_mlsirm.wle,function,tol,1e-08,require,ADR-0028 rule 1: iteration/convergence precision control; no documented convergence-criterion source -> required argument.,"Deprecation: keep tol=1e-08 accepted only when explicitly passed for one minor release (DeprecationWarning), then remove; changelog Changed entry."
python,score_wle_poly,keep,keep,Already conforms to ADR-0028 naming convention.,fast_mlsirm.wle,function,model,'grm',require,ADR-0028 rule 4: function is model-generic (not model-specific by name) -> model choice has no default.,"Deprecation: keep model='grm' accepted only when explicitly passed for one minor release (DeprecationWarning), then remove; changelog Changed entry."
python,score_wle_poly,keep,keep,Already conforms to ADR-0028 naming convention.,fast_mlsirm.wle,function,observed,None,keep,"Out of ADR-0028 policy scope (not a precision control, decision threshold, seed, or model-choice parameter).",
python,score_wle_poly,keep,keep,Already conforms to ADR-0028 naming convention.,fast_mlsirm.wle,function,theta_bound,20.0,keep,"Out of ADR-0028 policy scope (not a precision control, decision threshold, seed, or model-choice parameter).",
python,score_wle_poly,keep,keep,Already conforms to ADR-0028 naming convention.,fast_mlsirm.wle,function,tol,1e-08,require,ADR-0028 rule 1: iteration/convergence precision control; no documented convergence-criterion source -> required argument.,"Deprecation: keep tol=1e-08 accepted only when explicitly passed for one minor release (DeprecationWarning), then remove; changelog Changed entry."
